Removed Pin From Net: NetName=3V6 Pin=C29-2
Removed Pin From Net: NetName=3V3D Pin=C30-2
Removed Pin From Net: NetName=3V6 Pin=C31-2
Removed Pin From Net: NetName=3V3D Pin=C32-2
Removed Pin From Net: NetName=3V6 Pin=C33-2
Removed Pin From Net: NetName=3V6 Pin=C38-2
Removed Pin From Net: NetName=3V3D Pin=C54-2
Removed Pin From Net: NetName=3V3D Pin=C55-2
Removed Pin From Net: NetName=3V3D Pin=C56-2
Removed Pin From Net: NetName=3V3D Pin=C57-2
Removed Pin From Net: NetName=3V3D Pin=C58-2
Removed Pin From Net: NetName=3V3D Pin=C59-2
Removed Pin From Net: NetName=3V3D Pin=C60-2
Removed Pin From Net: NetName=3V3D Pin=C61-2
Removed Pin From Net: NetName=3V3D Pin=C62-2
Removed Pin From Net: NetName=3V3D Pin=C63-2
Removed Pin From Net: NetName=3V3D Pin=C69-2
Removed Pin From Net: NetName=3V3D Pin=C70-2
Removed Pin From Net: NetName=3V3D Pin=C71-2
Removed Pin From Net: NetName=1V2D Pin=C72-2
Removed Pin From Net: NetName=1V2D Pin=C73-2
Removed Pin From Net: NetName=1V2D Pin=C74-2
Removed Pin From Net: NetName=1V2D Pin=C75-2
Removed Pin From Net: NetName=1V2D Pin=C76-2
Removed Pin From Net: NetName=3V3D Pin=C79-2
Removed Pin From Net: NetName=3V3D Pin=C80-2
Removed Pin From Net: NetName=3V3D Pin=C81-2
Removed Pin From Net: NetName=3V3D Pin=C82-2
Removed Pin From Net: NetName=3V3D Pin=C83-2
Removed Pin From Net: NetName=NetC91_2 Pin=C91-2
Removed Pin From Net: NetName=NetC91_2 Pin=C92-2
Removed Pin From Net: NetName=3V3D Pin=C97-2
Removed Pin From Net: NetName=3V3_PLL Pin=C98-2
Removed Pin From Net: NetName=3V3_PLL Pin=C99-2
Removed Pin From Net: NetName=3V3_PLL Pin=C100-2
Removed Pin From Net: NetName=3V3_PLL Pin=C101-2
Removed Pin From Net: NetName=3V3_PLL Pin=C103-2
Removed Pin From Net: NetName=3V3_PLL Pin=C116-2
Removed Pin From Net: NetName=3V3_PLL Pin=C118-2
Removed Pin From Net: NetName=3V3_PLL Pin=C119-2
Removed Pin From Net: NetName=3V3_PLL Pin=C120-2
Removed Pin From Net: NetName=3V3_PLL Pin=C121-2
Removed Pin From Net: NetName=1V5D Pin=C131-2
Removed Pin From Net: NetName=1V5D Pin=C132-2
Removed Pin From Net: NetName=1V5D Pin=C133-2
Removed Pin From Net: NetName=1V5D Pin=C134-2
Removed Pin From Net: NetName=1V5D Pin=C135-2
Removed Pin From Net: NetName=1V5D Pin=C136-2
Removed Pin From Net: NetName=1V5D Pin=C137-2
Removed Pin From Net: NetName=1V5D Pin=C138-2
Removed Pin From Net: NetName=DDRVTT Pin=C140-2
Removed Pin From Net: NetName=DDRVTT Pin=C141-2
Removed Pin From Net: NetName=DDRVTT Pin=C142-2
Removed Pin From Net: NetName=DDRVTT Pin=C143-2
Removed Pin From Net: NetName=DDRVTT Pin=C144-2
Removed Pin From Net: NetName=DDRVTT Pin=C145-2
Removed Pin From Net: NetName=BTN0 Pin=C147-2
Removed Pin From Net: NetName=BTN1 Pin=C148-2
Removed Pin From Net: NetName=3V3D Pin=C149-2
Removed Pin From Net: NetName=3V3D Pin=C150-2
Remove Pin from Net: Failed to remove Pin
Remove Pin from Net: Failed to remove Pin
Remove Pin from Net: Failed to remove Pin
Remove Pin from Net: Failed to remove Pin
Remove Pin from Net: Failed to remove Pin
Remove Pin from Net: Failed to remove Pin
Remove Pin from Net: Failed to remove Pin
Removed Pin From Net: NetName=1V5D Pin=C?-2
Remove Pin from Net: Failed to remove Pin
Remove Pin from Net: Failed to remove Pin
Remove Pin from Net: Failed to remove Pin
Remove Pin from Net: Failed to remove Pin
Remove Pin from Net: Failed to remove Pin
Removed Pin From Net: NetName=3V3A Pin=L12-2
Removed Pin From Net: NetName=3V3D Pin=R16-2
Removed Pin From Net: NetName=3V3D Pin=R17-2
Removed Pin From Net: NetName=3V3D Pin=R18-2
Removed Pin From Net: NetName=NetR17_1 Pin=R20-2
Removed Pin From Net: NetName=GND Pin=R21-1
Removed Pin From Net: NetName=NetR18_1 Pin=R21-2
Removed Pin From Net: NetName=CLOCK_PWRDN Pin=R31-1
Removed Pin From Net: NetName=GND Pin=R32-1
Removed Pin From Net: NetName=1V5D Pin=R40-2
Removed Pin From Net: NetName=GND Pin=R42-1
Removed Pin From Net: NetName=DDR3_RESET Pin=R42-2
Removed Pin From Net: NetName=DDR3_A0 Pin=R43-1
Removed Pin From Net: NetName=DDR3_A1 Pin=R44-1
Removed Pin From Net: NetName=DDR3_A2 Pin=R45-1
Removed Pin From Net: NetName=DDR3_A3 Pin=R46-1
Removed Pin From Net: NetName=DDR3_A4 Pin=R47-1
Removed Pin From Net: NetName=DDR3_A5 Pin=R48-1
Removed Pin From Net: NetName=DDR3_A6 Pin=R49-1
Removed Pin From Net: NetName=DDR3_A7 Pin=R50-1
Removed Pin From Net: NetName=DDR3_A8 Pin=R51-1
Removed Pin From Net: NetName=DDR3_A9 Pin=R52-1
Removed Pin From Net: NetName=DDR3_A10 Pin=R53-1
Removed Pin From Net: NetName=DDR3_A11 Pin=R54-1
Removed Pin From Net: NetName=DDR3_A12 Pin=R55-1
Removed Pin From Net: NetName=DDR3_A13 Pin=R56-1
Removed Pin From Net: NetName=DDR3_BA0 Pin=R57-1
Removed Pin From Net: NetName=DDR3_BA1 Pin=R58-1
Removed Pin From Net: NetName=DDR3_BA2 Pin=R59-1
Removed Pin From Net: NetName=DDR3_CKE0 Pin=R60-1
Removed Pin From Net: NetName=DDR3_CS Pin=R61-1
Removed Pin From Net: NetName=DDR3_RAS Pin=R62-1
Removed Pin From Net: NetName=DDR3_CAS Pin=R63-1
Removed Pin From Net: NetName=DDR3_WE Pin=R64-1
Removed Pin From Net: NetName=DDR3_ODT Pin=R65-1
Removed Pin From Net: NetName=DDRVTT Pin=R65-2
Removed Pin From Net: NetName=DDR3_CLK0_N Pin=R66-1
Removed Pin From Net: NetName=DDR3_CLK0_P Pin=R66-2
Removed Pin From Net: NetName=GND Pin=R67-1
Removed Pin From Net: NetName=BTN0 Pin=R68-2
Removed Pin From Net: NetName=TEMP_SCLK_0 Pin=R69-1
Removed Pin From Net: NetName=TEMP_SDA_0 Pin=R70-1
Removed Pin From Net: NetName=3V3D Pin=R70-2
Removed Pin From Net: NetName=GND Pin=R71-1
Removed Pin From Net: NetName=NetD4_A Pin=R72-1
Removed Pin From Net: NetName=NetD5_A Pin=R73-1
Removed Pin From Net: NetName=NetD6_A Pin=R74-1
Removed Pin From Net: NetName=NetD7_A Pin=R75-1
Removed Pin From Net: NetName=3V3D Pin=R75-2
Removed Pin From Net: NetName=BTN1 Pin=R76-2
Removed Pin From Net: NetName=TEMP_SCLK_1 Pin=R77-1
Removed Pin From Net: NetName=3V3D Pin=R77-2
Removed Pin From Net: NetName=TEMP_SDA_1 Pin=R78-1
Removed Pin From Net: NetName=3V3D Pin=R78-2
Removed Pin From Net: NetName=GND Pin=R79-1
Removed Pin From Net: NetName=NetD8_A Pin=R80-1
Removed Pin From Net: NetName=24V Pin=R80-2
Removed Pin From Net: NetName=GND Pin=R?-1
Removed Pin From Net: NetName=3V3D Pin=TP8-1
Removed Pin From Net: NetName=3V3D Pin=TP9-1
Removed Pin From Net: NetName=3V3D Pin=U8-9
Removed Pin From Net: NetName=3V3D Pin=U8-10
Removed Pin From Net: NetName=NetC36_2 Pin=U9-7
Removed Pin From Net: NetName=3V3D Pin=U9-9
Removed Pin From Net: NetName=3V3D Pin=U9-10
Removed Pin From Net: NetName=3V6 Pin=U10-1
Removed Pin From Net: NetName=3V6 Pin=U10-2
Removed Pin From Net: NetName=3V6 Pin=U10-4
Removed Pin From Net: NetName=ENABLE Pin=U10-5
Removed Pin From Net: NetName=GND Pin=U10-6
Removed Pin From Net: NetName=NetC37_2 Pin=U10-7
Removed Pin From Net: NetName=GND Pin=U13-A1
Removed Pin From Net: NetName=JTAG_TDO Pin=U13-A24
Removed Pin From Net: NetName=DAC_CLK_N Pin=U13-A25
Removed Pin From Net: NetName=GND Pin=U13-A26
Removed Pin From Net: NetName=DDR3_DQ9 Pin=U13-AA1
Removed Pin From Net: NetName=DDR3_DQ8 Pin=U13-AA2
Removed Pin From Net: NetName=3V3D Pin=U13-AA6
Removed Pin From Net: NetName=3V3D Pin=U13-AA10
Removed Pin From Net: NetName=3V3D Pin=U13-AA16
Removed Pin From Net: NetName=CLOCK_SPI_LE Pin=U13-AA19
Removed Pin From Net: NetName=3V3D Pin=U13-AA21
Removed Pin From Net: NetName=ETH_TXEN Pin=U13-AA23
Removed Pin From Net: NetName=ETH_TXER Pin=U13-AA24
Removed Pin From Net: NetName=DDR3_DQ15 Pin=U13-AB1
Removed Pin From Net: NetName=GND Pin=U13-AB2
Removed Pin From Net: NetName=DDR3_DQ14 Pin=U13-AB3
Removed Pin From Net: NetName=GND Pin=U13-AB12
Removed Pin From Net: NetName=3V3D Pin=U13-AB14
Removed Pin From Net: NetName=GND Pin=U13-AB16
Removed Pin From Net: NetName=GND Pin=U13-AB20
Removed Pin From Net: NetName=3V3D Pin=U13-AB23
Removed Pin From Net: NetName=GND Pin=U13-AB25
Removed Pin From Net: NetName=DDR3_UDQS_N Pin=U13-AC1
Removed Pin From Net: NetName=DDR3_UDQS_P Pin=U13-AC2
Removed Pin From Net: NetName=1V5D Pin=U13-AC6
Removed Pin From Net: NetName=GND Pin=U13-AC8
Removed Pin From Net: NetName=3V3D Pin=U13-AC10
Removed Pin From Net: NetName=3V3D Pin=U13-AC18
Removed Pin From Net: NetName=CLOCK_SPI_CLK Pin=U13-AC19
Removed Pin From Net: NetName=3V3D Pin=U13-AC21
Removed Pin From Net: NetName=ETH_TXD2 Pin=U13-AC23
Removed Pin From Net: NetName=ETH_TXD3 Pin=U13-AC24
Removed Pin From Net: NetName=DDR3_DQ13 Pin=U13-AD1
Removed Pin From Net: NetName=1V5D Pin=U13-AD2
Removed Pin From Net: NetName=DDR3_DQ12 Pin=U13-AD3
Removed Pin From Net: NetName=GND Pin=U13-AD16
Removed Pin From Net: NetName=CLOCK_SPI_MOSI Pin=U13-AD19
Removed Pin From Net: NetName=SPI_FLASH_MISO Pin=U13-AD20
Removed Pin From Net: NetName=SPI_FLASH_SCLK Pin=U13-AD22
Removed Pin From Net: NetName=3V3D Pin=U13-AD25
Removed Pin From Net: NetName=DDR3_DQ11 Pin=U13-AE1
Removed Pin From Net: NetName=DDR3_DQ10 Pin=U13-AE2
Removed Pin From Net: NetName=NetR30_1 Pin=U13-AE4
Removed Pin From Net: NetName=GND Pin=U13-AE6
Removed Pin From Net: NetName=3V3D Pin=U13-AE8
Removed Pin From Net: NetName=GND Pin=U13-AE10
Removed Pin From Net: NetName=3V3D Pin=U13-AE12
Removed Pin From Net: NetName=GND Pin=U13-AE14
Removed Pin From Net: NetName=3V3D Pin=U13-AE16
Removed Pin From Net: NetName=GND Pin=U13-AE18
Removed Pin From Net: NetName=3V3D Pin=U13-AE20
Removed Pin From Net: NetName=GND Pin=U13-AE22
Removed Pin From Net: NetName=GND Pin=U13-AF1
Removed Pin From Net: NetName=NetR29_1 Pin=U13-AF3
Removed Pin From Net: NetName=SPI_FLASH_CS Pin=U13-AF4
Removed Pin From Net: NetName=SPI_FLASH_MOSI Pin=U13-AF20
Removed Pin From Net: NetName=3V3D Pin=U13-AF22
Removed Pin From Net: NetName=DONE_2 Pin=U13-AF23
Removed Pin From Net: NetName=GND Pin=U13-AF26
Removed Pin From Net: NetName=GND Pin=U13-B5
Removed Pin From Net: NetName=GND Pin=U13-B9
Removed Pin From Net: NetName=GND Pin=U13-B13
Removed Pin From Net: NetName=GND Pin=U13-B17
Removed Pin From Net: NetName=GND Pin=U13-B21
Removed Pin From Net: NetName=DAC_CLK_P Pin=U13-B24
Removed Pin From Net: NetName=JTAG_TMS Pin=U13-C23
Removed Pin From Net: NetName=DAC_D1_N Pin=U13-C24
Removed Pin From Net: NetName=DAC_FRAME_P Pin=U13-C25
Removed Pin From Net: NetName=DAC_FRAME_N Pin=U13-C26
Removed Pin From Net: NetName=ADC_DB6_N Pin=U13-D1
Removed Pin From Net: NetName=3V3D Pin=U13-D2
Removed Pin From Net: NetName=ADC_DB6_P Pin=U13-D3
Removed Pin From Net: NetName=GND Pin=U13-D4
Removed Pin From Net: NetName=DAC_D2_N Pin=U13-D22
Removed Pin From Net: NetName=DAC_D1_P Pin=U13-D23
Removed Pin From Net: NetName=DAC_RST Pin=U13-D24
Removed Pin From Net: NetName=ADC_DB4_N Pin=U13-E1
Removed Pin From Net: NetName=ADC_DB4_P Pin=U13-E2
Removed Pin From Net: NetName=ADC_CTRL3 Pin=U13-E4
Removed Pin From Net: NetName=GND Pin=U13-E7
Removed Pin From Net: NetName=GND Pin=U13-E11
Removed Pin From Net: NetName=GND Pin=U13-E15
Removed Pin From Net: NetName=JTAG_TCK Pin=U13-E21
Removed Pin From Net: NetName=GND Pin=U13-E22
Removed Pin From Net: NetName=DAC_D5_P Pin=U13-E23
Removed Pin From Net: NetName=DAC_D5_N Pin=U13-E24
Removed Pin From Net: NetName=ADC_DB2_N Pin=U13-F1
Removed Pin From Net: NetName=GND Pin=U13-F2
Removed Pin From Net: NetName=ADC_DB2_P Pin=U13-F3
Removed Pin From Net: NetName=3V3D Pin=U13-F4
Removed Pin From Net: NetName=ADC_SDOUT Pin=U13-F5
Removed Pin From Net: NetName=3V3D Pin=U13-F6
Removed Pin From Net: NetName=GND Pin=U13-F19
Removed Pin From Net: NetName=JTAG_TDI Pin=U13-F20
Removed Pin From Net: NetName=3V3D Pin=U13-F21
Removed Pin From Net: NetName=DAC_D2_P Pin=U13-F22
Removed Pin From Net: NetName=SPI_SCLK Pin=U13-F24
Removed Pin From Net: NetName=GND Pin=U13-F25
Removed Pin From Net: NetName=DAC_SDIO Pin=U13-F26
Removed Pin From Net: NetName=ADC_DB0_N Pin=U13-G1
Removed Pin From Net: NetName=ADC_DB0_P Pin=U13-G2
Removed Pin From Net: NetName=ADC_SCLK Pin=U13-G3
Removed Pin From Net: NetName=ADC_Reset Pin=U13-G4
Removed Pin From Net: NetName=ADC_CLKOUT_N Pin=U13-G5
Removed Pin From Net: NetName=ADC_CLKOUT_P Pin=U13-G6
Removed Pin From Net: NetName=3V3D Pin=U13-G12
Removed Pin From Net: NetName=3V3D Pin=U13-G15
Removed Pin From Net: NetName=DAC_D7_N Pin=U13-G19
Removed Pin From Net: NetName=DAC_D0_P Pin=U13-G20
Removed Pin From Net: NetName=DAC_D0_N Pin=U13-G21
Removed Pin From Net: NetName=DAC_D4_N Pin=U13-G22
Removed Pin From Net: NetName=DAC_D6_P Pin=U13-G23
Removed Pin From Net: NetName=DAC_D6_N Pin=U13-G24
Removed Pin From Net: NetName=DAC_IRQ Pin=U13-G26
Removed Pin From Net: NetName=ADC_DA12_N Pin=U13-H1
Removed Pin From Net: NetName=3V3D Pin=U13-H2
Removed Pin From Net: NetName=ADC_DA12_P Pin=U13-H3
Removed Pin From Net: NetName=GND Pin=U13-H4
Removed Pin From Net: NetName=GND Pin=U13-H11
Removed Pin From Net: NetName=DAC_D7_P Pin=U13-H18
Removed Pin From Net: NetName=DAC_D3_P Pin=U13-H20
Removed Pin From Net: NetName=DAC_D3_N Pin=U13-H21
Removed Pin From Net: NetName=DAC_D4_P Pin=U13-H22
Removed Pin From Net: NetName=GND Pin=U13-H23
Removed Pin From Net: NetName=DAC_CS Pin=U13-H24
Removed Pin From Net: NetName=ADC_DA10_N Pin=U13-J1
Removed Pin From Net: NetName=ADC_DA10_P Pin=U13-J2
Removed Pin From Net: NetName=ADC_DB8_N Pin=U13-J3
Removed Pin From Net: NetName=ADC_DB8_P Pin=U13-J4
Removed Pin From Net: NetName=ADC_DB12_N Pin=U13-J5
Removed Pin From Net: NetName=3V3D Pin=U13-J6
Removed Pin From Net: NetName=GND Pin=U13-J8
Removed Pin From Net: NetName=3V3D Pin=U13-J9
Removed Pin From Net: NetName=ADC_CTRL1 Pin=U13-J10
Removed Pin From Net: NetName=3V3D Pin=U13-J18
Removed Pin From Net: NetName=GND Pin=U13-J19
Removed Pin From Net: NetName=DAC_TX_EN Pin=U13-J26
Removed Pin From Net: NetName=ADC_DA8_N Pin=U13-K1
Removed Pin From Net: NetName=GND Pin=U13-K2
Removed Pin From Net: NetName=ADC_DA8_P Pin=U13-K3
Removed Pin From Net: NetName=3V3D Pin=U13-K4
Removed Pin From Net: NetName=ADC_DB12_P Pin=U13-K5
Removed Pin From Net: NetName=ADC_DB10_N Pin=U13-K6
Removed Pin From Net: NetName=ADC_DB10_P Pin=U13-K7
Removed Pin From Net: NetName=ADC_DA0_P Pin=U13-K8
Removed Pin From Net: NetName=ADC_CTRL2 Pin=U13-K9
Removed Pin From Net: NetName=ADC_SEN Pin=U13-K10
Removed Pin From Net: NetName=1V2D Pin=U13-K11
Removed Pin From Net: NetName=3V3D Pin=U13-K13
Removed Pin From Net: NetName=GND Pin=U13-K16
Removed Pin From Net: NetName=1V2D Pin=U13-K17
Removed Pin From Net: NetName=GND Pin=U13-K25
Removed Pin From Net: NetName=ADC_DA6_N Pin=U13-L1
Removed Pin From Net: NetName=ADC_DA6_P Pin=U13-L2
Removed Pin From Net: NetName=DDR3_A11 Pin=U13-L3
Removed Pin From Net: NetName=DDR3_RESET Pin=U13-L4
Removed Pin From Net: NetName=3V3D Pin=U13-L5
Removed Pin From Net: NetName=DDR3_CS Pin=U13-L7
Removed Pin From Net: NetName=ADC_DA0_N Pin=U13-L8
Removed Pin From Net: NetName=ADC_SDATA Pin=U13-L9
Removed Pin From Net: NetName=1V2D Pin=U13-L10
Removed Pin From Net: NetName=GND Pin=U13-L11
Removed Pin From Net: NetName=1V2D Pin=U13-L12
Removed Pin From Net: NetName=GND Pin=U13-L13
Removed Pin From Net: NetName=1V2D Pin=U13-L14
Removed Pin From Net: NetName=GND Pin=U13-L15
Removed Pin From Net: NetName=1V2D Pin=U13-L16
Removed Pin From Net: NetName=3V3D Pin=U13-L22
Removed Pin From Net: NetName=ADC_DA4_N Pin=U13-M1
Removed Pin From Net: NetName=3V3D Pin=U13-M2
Removed Pin From Net: NetName=ADC_DA4_P Pin=U13-M3
Removed Pin From Net: NetName=GND Pin=U13-M5
Removed Pin From Net: NetName=DDR3_A13 Pin=U13-M6
Removed Pin From Net: NetName=1V5D Pin=U13-M7
Removed Pin From Net: NetName=DDR3_A12 Pin=U13-M8
Removed Pin From Net: NetName=DDR3_CKE0 Pin=U13-M9
Removed Pin From Net: NetName=DDR3_A10 Pin=U13-M10
Removed Pin From Net: NetName=1V2D Pin=U13-M11
Removed Pin From Net: NetName=GND Pin=U13-M12
Removed Pin From Net: NetName=1V2D Pin=U13-M13
Removed Pin From Net: NetName=GND Pin=U13-M14
Removed Pin From Net: NetName=1V2D Pin=U13-M15
Removed Pin From Net: NetName=GND Pin=U13-M16
Removed Pin From Net: NetName=3V3D Pin=U13-M17
Removed Pin From Net: NetName=3V3D Pin=U13-M20
Removed Pin From Net: NetName=GND Pin=U13-M22
Removed Pin From Net: NetName=ADC_DA2_N Pin=U13-N1
Removed Pin From Net: NetName=ADC_DA2_P Pin=U13-N2
Removed Pin From Net: NetName=DDR3_A9 Pin=U13-N3
Removed Pin From Net: NetName=DDR3_A8 Pin=U13-N4
Removed Pin From Net: NetName=DDR3_BA2 Pin=U13-N5
Removed Pin From Net: NetName=DDR3_A1 Pin=U13-N6
Removed Pin From Net: NetName=DDR3_A0 Pin=U13-N7
Removed Pin From Net: NetName=DDR3_RAS Pin=U13-N8
Removed Pin From Net: NetName=DDR3_A4 Pin=U13-N9
Removed Pin From Net: NetName=3V3D Pin=U13-N10
Removed Pin From Net: NetName=GND Pin=U13-N11
Removed Pin From Net: NetName=1V2D Pin=U13-N12
Removed Pin From Net: NetName=GND Pin=U13-N13
Removed Pin From Net: NetName=1V2D Pin=U13-N14
Removed Pin From Net: NetName=GND Pin=U13-N15
Removed Pin From Net: NetName=1V2D Pin=U13-N16
Removed Pin From Net: NetName=DDR3_BA1 Pin=U13-P1
Removed Pin From Net: NetName=GND Pin=U13-P2
Removed Pin From Net: NetName=DDR3_BA0 Pin=U13-P3
Removed Pin From Net: NetName=1V5D Pin=U13-P4
Removed Pin From Net: NetName=DDR3_WE Pin=U13-P5
Removed Pin From Net: NetName=DDR3_ODT Pin=U13-P6
Removed Pin From Net: NetName=DDR3_A3 Pin=U13-P7
Removed Pin From Net: NetName=DDR3_CAS Pin=U13-P8
Removed Pin From Net: NetName=1V5D Pin=U13-P9
Removed Pin From Net: NetName=DDR3_A7 Pin=U13-P10
Removed Pin From Net: NetName=1V2D Pin=U13-P11
Removed Pin From Net: NetName=GND Pin=U13-P12
Removed Pin From Net: NetName=1V2D Pin=U13-P13
Removed Pin From Net: NetName=GND Pin=U13-P14
Removed Pin From Net: NetName=1V2D Pin=U13-P15
Removed Pin From Net: NetName=GND Pin=U13-P16
Removed Pin From Net: NetName=ETH_Reset Pin=U13-P18
Removed Pin From Net: NetName=GND Pin=U13-P19
Removed Pin From Net: NetName=3V3D Pin=U13-P23
Removed Pin From Net: NetName=GND Pin=U13-P25
Removed Pin From Net: NetName=DDR3_A6 Pin=U13-R1
Removed Pin From Net: NetName=DDR3_A5 Pin=U13-R2
Removed Pin From Net: NetName=DDR3_CLK0_N Pin=U13-R3
Removed Pin From Net: NetName=DDR3_CLK0_P Pin=U13-R4
Removed Pin From Net: NetName=GND Pin=U13-R8
Removed Pin From Net: NetName=DDR3_A2 Pin=U13-R9
Removed Pin From Net: NetName=GND Pin=U13-R11
Removed Pin From Net: NetName=1V2D Pin=U13-R12
Removed Pin From Net: NetName=GND Pin=U13-R13
Removed Pin From Net: NetName=1V2D Pin=U13-R14
Removed Pin From Net: NetName=GND Pin=U13-R15
Removed Pin From Net: NetName=1V2D Pin=U13-R16
Removed Pin From Net: NetName=ETH_COL Pin=U13-R17
Removed Pin From Net: NetName=ETH_CRS Pin=U13-R18
Removed Pin From Net: NetName=ETH_MDC Pin=U13-R19
Removed Pin From Net: NetName=ETH_MDIO Pin=U13-R20
Removed Pin From Net: NetName=DDR3_DQ5 Pin=U13-T1
Removed Pin From Net: NetName=1V5D Pin=U13-T2
Removed Pin From Net: NetName=DDR3_DQ4 Pin=U13-T3
Removed Pin From Net: NetName=GND Pin=U13-T5
Removed Pin From Net: NetName=1V5D Pin=U13-T7
Removed Pin From Net: NetName=1V2D Pin=U13-T11
Removed Pin From Net: NetName=GND Pin=U13-T12
Removed Pin From Net: NetName=1V2D Pin=U13-T13
Removed Pin From Net: NetName=GND Pin=U13-T14
Removed Pin From Net: NetName=1V2D Pin=U13-T15
Removed Pin From Net: NetName=GND Pin=U13-T16
Removed Pin From Net: NetName=1V2D Pin=U13-T17
Removed Pin From Net: NetName=ETH_RXER Pin=U13-T18
Removed Pin From Net: NetName=ETH_RXD0 Pin=U13-T19
Removed Pin From Net: NetName=ETH_TXD0 Pin=U13-T20
Removed Pin From Net: NetName=GND Pin=U13-T21
Removed Pin From Net: NetName=ETH_INTRP Pin=U13-T22
Removed Pin From Net: NetName=3V3D Pin=U13-T25
Removed Pin From Net: NetName=DDR3_DQ7 Pin=U13-U1
Removed Pin From Net: NetName=DDR3_DQ6 Pin=U13-U2
Removed Pin From Net: NetName=3V3D Pin=U13-U6
Removed Pin From Net: NetName=1V2D Pin=U13-U10
Removed Pin From Net: NetName=GND Pin=U13-U11
Removed Pin From Net: NetName=3V3D Pin=U13-U14
Removed Pin From Net: NetName=1V2D Pin=U13-U16
Removed Pin From Net: NetName=ETH_RXD3 Pin=U13-U17
Removed Pin From Net: NetName=3V3D Pin=U13-U18
Removed Pin From Net: NetName=ETH_TXD1 Pin=U13-U20
Removed Pin From Net: NetName=ETH_RXD1 Pin=U13-U21
Removed Pin From Net: NetName=ETH_RXD2 Pin=U13-U22
Removed Pin From Net: NetName=ETH_RXDV Pin=U13-U23
Removed Pin From Net: NetName=DDR3_LDQS_N Pin=U13-V1
Removed Pin From Net: NetName=GND Pin=U13-V2
Removed Pin From Net: NetName=DDR3_LDQS_P Pin=U13-V3
Removed Pin From Net: NetName=DDR3_UDM Pin=U13-V4
Removed Pin From Net: NetName=3V3D Pin=U13-V9
Removed Pin From Net: NetName=CLOCK_SPI_MISO Pin=U13-V16
Removed Pin From Net: NetName=ETH_RXC Pin=U13-V17
Removed Pin From Net: NetName=ETH_TXC Pin=U13-V18
Removed Pin From Net: NetName=3V3D Pin=U13-V21
Removed Pin From Net: NetName=GND Pin=U13-V25
Removed Pin From Net: NetName=DDR3_DQ3 Pin=U13-W1
Removed Pin From Net: NetName=DDR3_DQ2 Pin=U13-W2
Removed Pin From Net: NetName=DDR3_LDM Pin=U13-W3
Removed Pin From Net: NetName=1V5D Pin=U13-W4
Removed Pin From Net: NetName=1V5D Pin=U13-W6
Removed Pin From Net: NetName=GND Pin=U13-W15
Removed Pin From Net: NetName=GND Pin=U13-W20
Removed Pin From Net: NetName=3V3D Pin=U13-W23
Removed Pin From Net: NetName=DDR3_DQ1 Pin=U13-Y1
Removed Pin From Net: NetName=1V5D Pin=U13-Y2
Removed Pin From Net: NetName=DDR3_DQ0 Pin=U13-Y3
Removed Pin From Net: NetName=GND Pin=U13-Y4
Removed Pin From Net: NetName=GND Pin=U13-Y7
Removed Pin From Net: NetName=GND Pin=U13-Y11
Removed Pin From Net: NetName=3V3D Pin=U13-Y12
Removed Pin From Net: NetName=3V3D Pin=U13-Y17
Removed Pin From Net: NetName=CLOCK_PWRDN Pin=U13-Y18
Removed Pin From Net: NetName=3V3D Pin=U13-Y19
Removed Pin From Net: NetName=GND Pin=U13-Y23
Removed Pin From Net: NetName=3V3D Pin=U13-Y25
Removed Pin From Net: NetName=3V3_PLL Pin=U14-1
Removed Pin From Net: NetName=3V3_PLL Pin=U14-5
Removed Pin From Net: NetName=3V3D Pin=U14-8
Removed Pin From Net: NetName=3V3D Pin=U14-11
Removed Pin From Net: NetName=400M_CLK_P Pin=U14-16
Removed Pin From Net: NetName=400M_CLK_N Pin=U14-17
Removed Pin From Net: NetName=3V3D Pin=U14-18
Removed Pin From Net: NetName=200M_CLK_P Pin=U14-19
Removed Pin From Net: NetName=200M_CLK_N Pin=U14-20
Removed Pin From Net: NetName=3V3D Pin=U14-21
Removed Pin From Net: NetName=CLOCK_SPI_MISO Pin=U14-22
Removed Pin From Net: NetName=CLOCK_SPI_MOSI Pin=U14-23
Removed Pin From Net: NetName=CLOCK_SPI_CLK Pin=U14-24
Removed Pin From Net: NetName=CLOCK_SPI_LE Pin=U14-25
Removed Pin From Net: NetName=3V3D Pin=U14-26
Removed Pin From Net: NetName=100M_CLK_P Pin=U14-27
Removed Pin From Net: NetName=100M_CLK_N Pin=U14-28
Removed Pin From Net: NetName=3V3D Pin=U14-29
Removed Pin From Net: NetName=3V3D Pin=U14-32
Removed Pin From Net: NetName=3V3_PLL Pin=U14-34
Removed Pin From Net: NetName=3V3_PLL Pin=U14-35
Removed Pin From Net: NetName=GND Pin=U14-36
Removed Pin From Net: NetName=3V3_PLL Pin=U14-39
Removed Pin From Net: NetName=3V3_PLL Pin=U14-42
Removed Pin From Net: NetName=GND Pin=U14-43
Removed Pin From Net: NetName=CLK_P Pin=U14-45
Removed Pin From Net: NetName=CLK_N Pin=U14-46
Removed Pin From Net: NetName=3V3_PLL Pin=U14-47
Removed Pin From Net: NetName=GND Pin=U14-PAD
Removed Pin From Net: NetName=1V5D Pin=U16-A1
Removed Pin From Net: NetName=DDR3_DQ13 Pin=U16-A2
Removed Pin From Net: NetName=DDR3_DQ15 Pin=U16-A3
Removed Pin From Net: NetName=DDR3_DQ12 Pin=U16-A7
Removed Pin From Net: NetName=1V5D Pin=U16-A8
Removed Pin From Net: NetName=GND Pin=U16-A9
Removed Pin From Net: NetName=GND Pin=U16-B1
Removed Pin From Net: NetName=1V5D Pin=U16-B2
Removed Pin From Net: NetName=GND Pin=U16-B3
Removed Pin From Net: NetName=DDR3_UDQS_N Pin=U16-B7
Removed Pin From Net: NetName=DDR3_DQ14 Pin=U16-B8
Removed Pin From Net: NetName=GND Pin=U16-B9
Removed Pin From Net: NetName=1V5D Pin=U16-C1
Removed Pin From Net: NetName=DDR3_DQ11 Pin=U16-C2
Removed Pin From Net: NetName=DDR3_DQ9 Pin=U16-C3
Removed Pin From Net: NetName=DDR3_UDQS_P Pin=U16-C7
Removed Pin From Net: NetName=DDR3_DQ10 Pin=U16-C8
Removed Pin From Net: NetName=1V5D Pin=U16-C9
Removed Pin From Net: NetName=GND Pin=U16-D1
Removed Pin From Net: NetName=1V5D Pin=U16-D2
Removed Pin From Net: NetName=DDR3_UDM Pin=U16-D3
Removed Pin From Net: NetName=DDR3_DQ8 Pin=U16-D7
Removed Pin From Net: NetName=GND Pin=U16-D8
Removed Pin From Net: NetName=1V5D Pin=U16-D9
Removed Pin From Net: NetName=GND Pin=U16-E1
Removed Pin From Net: NetName=GND Pin=U16-E2
Removed Pin From Net: NetName=DDR3_DQ0 Pin=U16-E3
Removed Pin From Net: NetName=DDR3_LDM Pin=U16-E7
Removed Pin From Net: NetName=GND Pin=U16-E8
Removed Pin From Net: NetName=1V5D Pin=U16-E9
Removed Pin From Net: NetName=1V5D Pin=U16-F1
Removed Pin From Net: NetName=DDR3_DQ2 Pin=U16-F2
Removed Pin From Net: NetName=DDR3_LDQS_P Pin=U16-F3
Removed Pin From Net: NetName=DDR3_DQ1 Pin=U16-F7
Removed Pin From Net: NetName=DDR3_DQ3 Pin=U16-F8
Removed Pin From Net: NetName=GND Pin=U16-F9
Removed Pin From Net: NetName=GND Pin=U16-G1
Removed Pin From Net: NetName=DDR3_DQ6 Pin=U16-G2
Removed Pin From Net: NetName=DDR3_LDQS_N Pin=U16-G3
Removed Pin From Net: NetName=1V5D Pin=U16-G7
Removed Pin From Net: NetName=GND Pin=U16-G8
Removed Pin From Net: NetName=GND Pin=U16-G9
Removed Pin From Net: NetName=1V5D Pin=U16-H2
Removed Pin From Net: NetName=DDR3_DQ4 Pin=U16-H3
Removed Pin From Net: NetName=DDR3_DQ7 Pin=U16-H7
Removed Pin From Net: NetName=DDR3_DQ5 Pin=U16-H8
Removed Pin From Net: NetName=1V5D Pin=U16-H9
Removed Pin From Net: NetName=GND Pin=U16-J2
Removed Pin From Net: NetName=DDR3_RAS Pin=U16-J3
Removed Pin From Net: NetName=DDR3_CLK0_P Pin=U16-J7
Removed Pin From Net: NetName=GND Pin=U16-J8
Removed Pin From Net: NetName=DDR3_ODT Pin=U16-K1
Removed Pin From Net: NetName=1V5D Pin=U16-K2
Removed Pin From Net: NetName=DDR3_CAS Pin=U16-K3
Removed Pin From Net: NetName=DDR3_CLK0_N Pin=U16-K7
Removed Pin From Net: NetName=1V5D Pin=U16-K8
Removed Pin From Net: NetName=DDR3_CKE0 Pin=U16-K9
Removed Pin From Net: NetName=DDR3_CS Pin=U16-L2
Removed Pin From Net: NetName=DDR3_WE Pin=U16-L3
Removed Pin From Net: NetName=DDR3_A10 Pin=U16-L7
Removed Pin From Net: NetName=GND Pin=U16-M1
Removed Pin From Net: NetName=DDR3_BA0 Pin=U16-M2
Removed Pin From Net: NetName=DDR3_BA2 Pin=U16-M3
Removed Pin From Net: NetName=GND Pin=U16-M9
Removed Pin From Net: NetName=1V5D Pin=U16-N1
Removed Pin From Net: NetName=DDR3_A3 Pin=U16-N2
Removed Pin From Net: NetName=DDR3_A0 Pin=U16-N3
Removed Pin From Net: NetName=DDR3_A12 Pin=U16-N7
Removed Pin From Net: NetName=DDR3_BA1 Pin=U16-N8
Removed Pin From Net: NetName=1V5D Pin=U16-N9
Removed Pin From Net: NetName=GND Pin=U16-P1
Removed Pin From Net: NetName=DDR3_A5 Pin=U16-P2
Removed Pin From Net: NetName=DDR3_A2 Pin=U16-P3
Removed Pin From Net: NetName=DDR3_A1 Pin=U16-P7
Removed Pin From Net: NetName=DDR3_A4 Pin=U16-P8
Removed Pin From Net: NetName=GND Pin=U16-P9
Removed Pin From Net: NetName=1V5D Pin=U16-R1
Removed Pin From Net: NetName=DDR3_A7 Pin=U16-R2
Removed Pin From Net: NetName=DDR3_A9 Pin=U16-R3
Removed Pin From Net: NetName=DDR3_A11 Pin=U16-R7
Removed Pin From Net: NetName=DDR3_A6 Pin=U16-R8
Removed Pin From Net: NetName=1V5D Pin=U16-R9
Removed Pin From Net: NetName=GND Pin=U16-T1
Removed Pin From Net: NetName=DDR3_RESET Pin=U16-T2
Removed Pin From Net: NetName=DDR3_A13 Pin=U16-T3
Removed Pin From Net: NetName=DDR3_A8 Pin=U16-T8
Removed Pin From Net: NetName=GND Pin=U16-T9
Removed Pin From Net: NetName=GND Pin=U17-2
Removed Pin From Net: NetName=3V3D Pin=U17-3
Removed Pin From Net: NetName=TEMP_SCLK_0 Pin=U17-4
Removed Pin From Net: NetName=TEMP_SDA_0 Pin=U17-5
Removed Pin From Net: NetName=TEMP_SCLK_1 Pin=U18-4
Removed Pin From Net: NetName=TEMP_SDA_1 Pin=U18-5
Removed Pin From Net: NetName=ADC_AVDD Pin=U21-16
Removed Pin From Net: NetName=ADC_AVDD Pin=U21-33
Removed Pin From Net: NetName=ADC_AVDD Pin=U21-34
Removed Pin From Net: NetName=DDRVTT Pin=U??-3
Removed Pin From Net: NetName=GND Pin=U??-4
Removed Pin From Net: NetName=DDRVTT Pin=U??-5
Removed Pin From Net: NetName=ENABLE Pin=U??-7
Removed Pin From Net: NetName=GND Pin=U??-8
Removed Pin From Net: NetName=3V3D Pin=U??-10
Removed Pin From Net: NetName=GND Pin=U??-11
Removed Member From Class: ClassName=S7CAS-PLEIADES-CARTE-MERE_P06_FPGA2 Member=C54
Removed Member From Class: ClassName=S7CAS-PLEIADES-CARTE-MERE_P06_FPGA2 Member=C55
Removed Member From Class: ClassName=S7CAS-PLEIADES-CARTE-MERE_P06_FPGA2 Member=C56
Removed Member From Class: ClassName=S7CAS-PLEIADES-CARTE-MERE_P06_FPGA2 Member=C57
Removed Member From Class: ClassName=S7CAS-PLEIADES-CARTE-MERE_P06_FPGA2 Member=C58
Removed Member From Class: ClassName=S7CAS-PLEIADES-CARTE-MERE_P06_FPGA3 Member=C64
Removed Member From Class: ClassName=S7CAS-PLEIADES-CARTE-MERE_P06_FPGA3 Member=C65
Removed Member From Class: ClassName=S7CAS-PLEIADES-CARTE-MERE_P06_FPGA3 Member=C66
Removed Member From Class: ClassName=S7CAS-PLEIADES-CARTE-MERE_P06_FPGA3 Member=C67
Removed Member From Class: ClassName=S7CAS-PLEIADES-CARTE-MERE_P06_FPGA3 Member=C68
Removed Member From Class: ClassName=S7CAS-PLEIADES-CARTE-MERE_P06_FPGA4 Member=C72
Removed Member From Class: ClassName=S7CAS-PLEIADES-CARTE-MERE_P06_FPGA4 Member=C73
Removed Member From Class: ClassName=S7CAS-PLEIADES-CARTE-MERE_P06_FPGA4 Member=C74
Removed Member From Class: ClassName=S7CAS-PLEIADES-CARTE-MERE_P06_FPGA4 Member=C75
Removed Member From Class: ClassName=S7CAS-PLEIADES-CARTE-MERE_P06_FPGA4 Member=C76
Removed Member From Class: ClassName=S7CAS-PLEIADES-CARTE-MERE_P06_CLOCK Member=C90
Removed Member From Class: ClassName=S7CAS-PLEIADES-CARTE-MERE_P06_CLOCK Member=C91
Removed Member From Class: ClassName=S7CAS-PLEIADES-CARTE-MERE_P06_CLOCK Member=C92
Removed Member From Class: ClassName=S7CAS-PLEIADES-CARTE-MERE_P06_CLOCK Member=C93
Removed Member From Class: ClassName=S7CAS-PLEIADES-CARTE-MERE_P06_CLOCK Member=C94
Removed Member From Class: ClassName=S7CAS-PLEIADES-CARTE-MERE_P06_DDR3 Member=C131
Removed Member From Class: ClassName=S7CAS-PLEIADES-CARTE-MERE_P06_DDR3 Member=C132
Removed Member From Class: ClassName=S7CAS-PLEIADES-CARTE-MERE_P06_DDR3 Member=C133
Removed Member From Class: ClassName=S7CAS-PLEIADES-CARTE-MERE_P06_DDR3 Member=C134
Removed Member From Class: ClassName=S7CAS-PLEIADES-CARTE-MERE_P06_DDR3 Member=C135
Removed Member From Class: ClassName=S7CAS-PLEIADES-CARTE-MERE_P06_DDR3 Member=C136
Removed Member From Class: ClassName=S7CAS-PLEIADES-CARTE-MERE_P06_DDR3 Member=C137
Removed Member From Class: ClassName=S7CAS-PLEIADES-CARTE-MERE_P06_DDR3 Member=C138
Removed Member From Class: ClassName=S7CAS-PLEIADES-CARTE-MERE_P06_MISC Member=C147
Removed Member From Class: ClassName=S7CAS-PLEIADES-CARTE-MERE_P06_MISC Member=C148
Removed Member From Class: ClassName=S7CAS-PLEIADES-CARTE-MERE_P06_MISC Member=C149
Removed Member From Class: ClassName=S7CAS-PLEIADES-CARTE-MERE_P06_MISC Member=C150
Removed Member From Class: ClassName=S7CAS-PLEIADES-CARTE-MERE_P06_POWER2 Member=C?
Removed Member From Class: ClassName=S7CAS-PLEIADES-CARTE-MERE_P06_DDR3 Member=R40
Removed Member From Class: ClassName=S7CAS-PLEIADES-CARTE-MERE_P06_DDR3 Member=R67
Removed Member From Class: ClassName=S7CAS-PLEIADES-CARTE-MERE_P06_MISC Member=R78
Removed Member From Class: ClassName=S7CAS-PLEIADES-CARTE-MERE_P06_MISC Member=R79
Removed Member From Class: ClassName=S7CAS-PLEIADES-CARTE-MERE_P06_MISC Member=R80
Removed Member From Class: ClassName=S7CAS-PLEIADES-CARTE-MERE_P06_POWER2 Member=R?
Removed Member From Class: ClassName=S7CAS-PLEIADES-CARTE-MERE_P06_CLOCK Member=U14
Removed Member From Class: ClassName=S7CAS-PLEIADES-CARTE-MERE_P06_DDR3 Member=U16
Removed Member From Class: ClassName=S7CAS-PLEIADES-CARTE-MERE_P06_MISC Member=U17
Removed Member From Class: ClassName=S7CAS-PLEIADES-CARTE-MERE_P06_POWER2 Member=U??
Change Component Footprint: Designator=C70 Old Footprint=CAP_0402 New Footprint=CAP_0805
Change Component Footprint: Designator=C78 Old Footprint=CAP_0402 New Footprint=CAP_0805
Change Component Footprint: Designator=C86 Old Footprint=CAP_0402 New Footprint=CAP_0805
Change Component Footprint: Designator=C87 Old Footprint=CAP_0402 New Footprint=CAP_0805
Change Component Footprint: Designator=C88 Old Footprint=CAP_0402 New Footprint=CAP_0805
Change Component Footprint: Designator=C95 Old Footprint=CAP_0402 New Footprint=CAP_0805
Change Component Footprint: Designator=C104 Old Footprint=CAP_0402 New Footprint=CAP_0805
Change Component Footprint: Designator=C131 Old Footprint=CAP_0402 New Footprint=CAP_0805
Change Component Footprint: Designator=C135 Old Footprint=CAP_0402 New Footprint=CAP_0805
Change Component Footprint: Designator=C77 Old Footprint=CAP_0402 New Footprint=CAP_1210
Change Component Footprint: Designator=C84 Old Footprint=CAP_0402 New Footprint=CAP_1210
Change Component Footprint: Designator=C85 Old Footprint=CAP_0402 New Footprint=CAP_1210
Change Component Footprint: Designator=C55 Old Footprint=CAP_0805 New Footprint=CAP_0402
Change Component Footprint: Designator=C81 Old Footprint=CAP_0805 New Footprint=CAP_0402
Change Component Footprint: Designator=C82 Old Footprint=CAP_0805 New Footprint=CAP_0402
Change Component Footprint: Designator=C83 Old Footprint=CAP_0805 New Footprint=CAP_0402
Change Component Footprint: Designator=C90 Old Footprint=CAP_0805 New Footprint=CAP_0402
Change Component Footprint: Designator=C97 Old Footprint=CAP_0805 New Footprint=CAP_0402
Change Component Footprint: Designator=C98 Old Footprint=CAP_0805 New Footprint=CAP_0402
Change Component Footprint: Designator=C113 Old Footprint=CAP_0805 New Footprint=CAP_0402
Change Component Footprint: Designator=C118 Old Footprint=CAP_0805 New Footprint=CAP_0402
Change Component Footprint: Designator=C69 Old Footprint=CAP_0805 New Footprint=CAP_1210
Change Component Footprint: Designator=C73 Old Footprint=CAP_0805 New Footprint=CAP_1210
Change Component Footprint: Designator=C54 Old Footprint=CAP_1210 New Footprint=CAP_0402
Change Component Footprint: Designator=C68 Old Footprint=CAP_1210 New Footprint=CAP_0402
Change Component Footprint: Designator=C72 Old Footprint=CAP_1210 New Footprint=CAP_0402
Change Component Footprint: Designator=C80 Old Footprint=CAP_1210 New Footprint=CAP_0402
Change Component Footprint: Designator=C79 Old Footprint=CAP_1210 New Footprint=CAP_0805
Change Component Footprint: Designator=U16 Old Footprint=MEM_DDR3_MT41J128M16JT-125 New Footprint=TIM_CDCE62005RGZT
Change Component Footprint: Designator=U10 Old Footprint=REG_LDO_NCP59744MN1ADJTBG New Footprint=REG_PMIC_TPS51200DRCT
Change Component Footprint: Designator=R77 Old Footprint=RES_0603 New Footprint=RES_1206
Change Component Footprint: Designator=R32 Old Footprint=RES_0805 New Footprint=RES_0402
Change Component Footprint: Designator=R67 Old Footprint=RES_0805 New Footprint=RES_0603
Change Component Footprint: Designator=U17 Old Footprint=SEN_TEMP_TC74A0-3.3VCTTR New Footprint=MEM_DDR3_MT41J128M16JT-125
Change Component Footprint: Designator=U14 Old Footprint=TIM_CDCE62005RGZT New Footprint=FPGA_XILINX_FGG676
Change Component Comment : Designator=C70 Old Comment=CAP - 0402 New Comment=CAP - 0805
Change Component Comment : Designator=C78 Old Comment=CAP - 0402 New Comment=CAP - 0805
Change Component Comment : Designator=C86 Old Comment=CAP - 0402 New Comment=CAP - 0805
Change Component Comment : Designator=C87 Old Comment=CAP - 0402 New Comment=CAP - 0805
Change Component Comment : Designator=C88 Old Comment=CAP - 0402 New Comment=CAP - 0805
Change Component Comment : Designator=C95 Old Comment=CAP - 0402 New Comment=CAP - 0805
Change Component Comment : Designator=C104 Old Comment=CAP - 0402 New Comment=CAP - 0805
Change Component Comment : Designator=C131 Old Comment=CAP - 0402 New Comment=CAP - 0805
Change Component Comment : Designator=C135 Old Comment=CAP - 0402 New Comment=CAP - 0805
Change Component Comment : Designator=C77 Old Comment=CAP - 0402 New Comment=CAP - 1210
Change Component Comment : Designator=C84 Old Comment=CAP - 0402 New Comment=CAP - 1210
Change Component Comment : Designator=C85 Old Comment=CAP - 0402 New Comment=CAP - 1210
Change Component Comment : Designator=C55 Old Comment=CAP - 0805 New Comment=CAP - 0402
Change Component Comment : Designator=C81 Old Comment=CAP - 0805 New Comment=CAP - 0402
Change Component Comment : Designator=C82 Old Comment=CAP - 0805 New Comment=CAP - 0402
Change Component Comment : Designator=C83 Old Comment=CAP - 0805 New Comment=CAP - 0402
Change Component Comment : Designator=C90 Old Comment=CAP - 0805 New Comment=CAP - 0402
Change Component Comment : Designator=C97 Old Comment=CAP - 0805 New Comment=CAP - 0402
Change Component Comment : Designator=C98 Old Comment=CAP - 0805 New Comment=CAP - 0402
Change Component Comment : Designator=C113 Old Comment=CAP - 0805 New Comment=CAP - 0402
Change Component Comment : Designator=C118 Old Comment=CAP - 0805 New Comment=CAP - 0402
Change Component Comment : Designator=C69 Old Comment=CAP - 0805 New Comment=CAP - 1210
Change Component Comment : Designator=C73 Old Comment=CAP - 0805 New Comment=CAP - 1210
Change Component Comment : Designator=C54 Old Comment=CAP - 1210 New Comment=CAP - 0402
Change Component Comment : Designator=C68 Old Comment=CAP - 1210 New Comment=CAP - 0402
Change Component Comment : Designator=C72 Old Comment=CAP - 1210 New Comment=CAP - 0402
Change Component Comment : Designator=C80 Old Comment=CAP - 1210 New Comment=CAP - 0402
Change Component Comment : Designator=C79 Old Comment=CAP - 1210 New Comment=CAP - 0805
Change Component Comment : Designator=U14 Old Comment=CDCE62005RGZT New Comment=XC6SLX100-3FGG676C
Change Component Comment : Designator=U16 Old Comment=MT41J128M16JT-125 New Comment=CDCE62005RGZT
Change Component Comment : Designator=U10 Old Comment=NCP59744MN1ADJTBG New Comment=TPS51200DRCT
Change Component Comment : Designator=R77 Old Comment=RES - 0603 New Comment=RES - 1206
Change Component Comment : Designator=R32 Old Comment=RES - 0805 New Comment=RES - 0402
Change Component Comment : Designator=R67 Old Comment=RES - 0805 New Comment=RES - 0603
Change Component Comment : Designator=U17 Old Comment=TC74A0-3.3VCTTR New Comment=MT41J128M16JT-125
Change component parameters: Designator = "C29" ("C29"); Footprint = "CAP_0402"; UniqueID = "\MTQVEDLA" ("\MTQVEDLA")
Change component parameters (AddParameter): Name = "CreatedBy"; Value = "Jonathan Bouchard"; VariantName = "[No Variations]"
Change component parameters (AddParameter): Name = "Current"; Value = ""; VariantName = "[No Variations]"
Change component parameters (AddParameter): Name = "FootprintNameOK"; Value = ""; VariantName = "[No Variations]"
Change component parameters (AddParameter): Name = "HelpURL"; Value = ""; VariantName = "[No Variations]"
Change component parameters (AddParameter): Name = "Mfg"; Value = ""; VariantName = "[No Variations]"
Change component parameters (AddParameter): Name = "Mfg Part Number"; Value = ""; VariantName = "[No Variations]"
Change component parameters (AddParameter): Name = "NI"; Value = ""; VariantName = "[No Variations]"
Change component parameters (AddParameter): Name = "Package"; Value = "0402"; VariantName = "[No Variations]"
Change component parameters (AddParameter): Name = "Power"; Value = ""; VariantName = "[No Variations]"
Change component parameters (AddParameter): Name = "Precision"; Value = "10%"; VariantName = "[No Variations]"
Change component parameters (AddParameter): Name = "Temperature"; Value = ""; VariantName = "[No Variations]"
Change component parameters (AddParameter): Name = "Value"; Value = "10u"; VariantName = "[No Variations]"
Change component parameters (AddParameter): Name = "VerifiedBy"; Value = ""; VariantName = "[No Variations]"
Change component parameters (AddParameter): Name = "Voltage"; Value = "50V"; VariantName = "[No Variations]"
Change component parameters: Designator = "C31" ("C31"); Footprint = "CAP_0402"; UniqueID = "\QIUHRQWM" ("\QIUHRQWM")
Change component parameters (AddParameter): Name = "CreatedBy"; Value = "Jonathan Bouchard"; VariantName = "[No Variations]"
Change component parameters (AddParameter): Name = "Current"; Value = ""; VariantName = "[No Variations]"
Change component parameters (AddParameter): Name = "FootprintNameOK"; Value = ""; VariantName = "[No Variations]"
Change component parameters (AddParameter): Name = "HelpURL"; Value = ""; VariantName = "[No Variations]"
Change component parameters (AddParameter): Name = "Mfg"; Value = ""; VariantName = "[No Variations]"
Change component parameters (AddParameter): Name = "Mfg Part Number"; Value = ""; VariantName = "[No Variations]"
Change component parameters (AddParameter): Name = "NI"; Value = ""; VariantName = "[No Variations]"
Change component parameters (AddParameter): Name = "Package"; Value = "0402"; VariantName = "[No Variations]"
Change component parameters (AddParameter): Name = "Power"; Value = ""; VariantName = "[No Variations]"
Change component parameters (AddParameter): Name = "Precision"; Value = "10%"; VariantName = "[No Variations]"
Change component parameters (AddParameter): Name = "Temperature"; Value = ""; VariantName = "[No Variations]"
Change component parameters (AddParameter): Name = "Value"; Value = "4.7uF"; VariantName = "[No Variations]"
Change component parameters (AddParameter): Name = "VerifiedBy"; Value = ""; VariantName = "[No Variations]"
Change component parameters (AddParameter): Name = "Voltage"; Value = "50V"; VariantName = "[No Variations]"
Change component parameters: Designator = "C32" ("C32"); Footprint = "CAP_0402"; UniqueID = "\WEBUZNZZ" ("\WEBUZNZZ")
Change component parameters (AddParameter): Name = "CreatedBy"; Value = "Jonathan Bouchard"; VariantName = "[No Variations]"
Change component parameters (AddParameter): Name = "Current"; Value = ""; VariantName = "[No Variations]"
Change component parameters (AddParameter): Name = "FootprintNameOK"; Value = ""; VariantName = "[No Variations]"
Change component parameters (AddParameter): Name = "HelpURL"; Value = ""; VariantName = "[No Variations]"
Change component parameters (AddParameter): Name = "Mfg"; Value = ""; VariantName = "[No Variations]"
Change component parameters (AddParameter): Name = "Mfg Part Number"; Value = ""; VariantName = "[No Variations]"
Change component parameters (AddParameter): Name = "NI"; Value = ""; VariantName = "[No Variations]"
Change component parameters (AddParameter): Name = "Package"; Value = "0402"; VariantName = "[No Variations]"
Change component parameters (AddParameter): Name = "Power"; Value = ""; VariantName = "[No Variations]"
Change component parameters (AddParameter): Name = "Precision"; Value = "10%"; VariantName = "[No Variations]"
Change component parameters (AddParameter): Name = "Temperature"; Value = ""; VariantName = "[No Variations]"
Change component parameters (AddParameter): Name = "Value"; Value = "0.1u"; VariantName = "[No Variations]"
Change component parameters (AddParameter): Name = "VerifiedBy"; Value = ""; VariantName = "[No Variations]"
Change component parameters (AddParameter): Name = "Voltage"; Value = "50V"; VariantName = "[No Variations]"
Change component parameters: Designator = "C33" ("C33"); Footprint = "CAP_0402"; UniqueID = "\TGWYWZRS" ("\TGWYWZRS")
Change component parameters (AddParameter): Name = "CreatedBy"; Value = "Jonathan Bouchard"; VariantName = "[No Variations]"
Change component parameters (AddParameter): Name = "Current"; Value = ""; VariantName = "[No Variations]"
Change component parameters (AddParameter): Name = "FootprintNameOK"; Value = ""; VariantName = "[No Variations]"
Change component parameters (AddParameter): Name = "HelpURL"; Value = ""; VariantName = "[No Variations]"
Change component parameters (AddParameter): Name = "Mfg"; Value = ""; VariantName = "[No Variations]"
Change component parameters (AddParameter): Name = "Mfg Part Number"; Value = ""; VariantName = "[No Variations]"
Change component parameters (AddParameter): Name = "NI"; Value = ""; VariantName = "[No Variations]"
Change component parameters (AddParameter): Name = "Package"; Value = "0402"; VariantName = "[No Variations]"
Change component parameters (AddParameter): Name = "Power"; Value = ""; VariantName = "[No Variations]"
Change component parameters (AddParameter): Name = "Precision"; Value = "10%"; VariantName = "[No Variations]"
Change component parameters (AddParameter): Name = "Temperature"; Value = ""; VariantName = "[No Variations]"
Change component parameters (AddParameter): Name = "Value"; Value = "10u"; VariantName = "[No Variations]"
Change component parameters (AddParameter): Name = "VerifiedBy"; Value = ""; VariantName = "[No Variations]"
Change component parameters (AddParameter): Name = "Voltage"; Value = "50V"; VariantName = "[No Variations]"
Change component parameters: Designator = "C34" ("C34"); Footprint = "CAP_0402"; UniqueID = "\WJFTNHJI" ("\WJFTNHJI")
Change component parameters (AddParameter): Name = "CreatedBy"; Value = "Jonathan Bouchard"; VariantName = "[No Variations]"
Change component parameters (AddParameter): Name = "Current"; Value = ""; VariantName = "[No Variations]"
Change component parameters (AddParameter): Name = "FootprintNameOK"; Value = ""; VariantName = "[No Variations]"
Change component parameters (AddParameter): Name = "HelpURL"; Value = ""; VariantName = "[No Variations]"
Change component parameters (AddParameter): Name = "Mfg"; Value = ""; VariantName = "[No Variations]"
Change component parameters (AddParameter): Name = "Mfg Part Number"; Value = ""; VariantName = "[No Variations]"
Change component parameters (AddParameter): Name = "NI"; Value = ""; VariantName = "[No Variations]"
Change component parameters (AddParameter): Name = "Package"; Value = "0402"; VariantName = "[No Variations]"
Change component parameters (AddParameter): Name = "Power"; Value = ""; VariantName = "[No Variations]"
Change component parameters (AddParameter): Name = "Precision"; Value = "10%"; VariantName = "[No Variations]"
Change component parameters (AddParameter): Name = "Temperature"; Value = ""; VariantName = "[No Variations]"
Change component parameters (AddParameter): Name = "Value"; Value = "0.1u"; VariantName = "[No Variations]"
Change component parameters (AddParameter): Name = "VerifiedBy"; Value = ""; VariantName = "[No Variations]"
Change component parameters (AddParameter): Name = "Voltage"; Value = "50V"; VariantName = "[No Variations]"
Change component parameters: Designator = "C35" ("C35"); Footprint = "CAP_0402"; UniqueID = "\KRNUSHRN" ("\KRNUSHRN")
Change component parameters (AddParameter): Name = "CreatedBy"; Value = "Jonathan Bouchard"; VariantName = "[No Variations]"
Change component parameters (AddParameter): Name = "Current"; Value = ""; VariantName = "[No Variations]"
Change component parameters (AddParameter): Name = "FootprintNameOK"; Value = ""; VariantName = "[No Variations]"
Change component parameters (AddParameter): Name = "HelpURL"; Value = ""; VariantName = "[No Variations]"
Change component parameters (AddParameter): Name = "Mfg"; Value = ""; VariantName = "[No Variations]"
Change component parameters (AddParameter): Name = "Mfg Part Number"; Value = ""; VariantName = "[No Variations]"
Change component parameters (AddParameter): Name = "NI"; Value = ""; VariantName = "[No Variations]"
Change component parameters (AddParameter): Name = "Package"; Value = "0402"; VariantName = "[No Variations]"
Change component parameters (AddParameter): Name = "Power"; Value = ""; VariantName = "[No Variations]"
Change component parameters (AddParameter): Name = "Precision"; Value = "10%"; VariantName = "[No Variations]"
Change component parameters (AddParameter): Name = "Temperature"; Value = ""; VariantName = "[No Variations]"
Change component parameters (AddParameter): Name = "Value"; Value = "10u"; VariantName = "[No Variations]"
Change component parameters (AddParameter): Name = "VerifiedBy"; Value = ""; VariantName = "[No Variations]"
Change component parameters (AddParameter): Name = "Voltage"; Value = "50V"; VariantName = "[No Variations]"
Change component parameters: Designator = "C38" ("C38"); Footprint = "CAP_0402"; UniqueID = "\FQGDIRYE" ("\FQGDIRYE")
Change component parameters (AddParameter): Name = "CreatedBy"; Value = "Jonathan Bouchard"; VariantName = "[No Variations]"
Change component parameters (AddParameter): Name = "Current"; Value = ""; VariantName = "[No Variations]"
Change component parameters (AddParameter): Name = "FootprintNameOK"; Value = ""; VariantName = "[No Variations]"
Change component parameters (AddParameter): Name = "HelpURL"; Value = ""; VariantName = "[No Variations]"
Change component parameters (AddParameter): Name = "Mfg"; Value = ""; VariantName = "[No Variations]"
Change component parameters (AddParameter): Name = "Mfg Part Number"; Value = ""; VariantName = "[No Variations]"
Change component parameters (AddParameter): Name = "NI"; Value = ""; VariantName = "[No Variations]"
Change component parameters (AddParameter): Name = "Package"; Value = "0402"; VariantName = "[No Variations]"
Change component parameters (AddParameter): Name = "Power"; Value = ""; VariantName = "[No Variations]"
Change component parameters (AddParameter): Name = "Precision"; Value = "10%"; VariantName = "[No Variations]"
Change component parameters (AddParameter): Name = "Temperature"; Value = ""; VariantName = "[No Variations]"
Change component parameters (AddParameter): Name = "Value"; Value = "1n"; VariantName = "[No Variations]"
Change component parameters (AddParameter): Name = "VerifiedBy"; Value = ""; VariantName = "[No Variations]"
Change component parameters (AddParameter): Name = "Voltage"; Value = "50V"; VariantName = "[No Variations]"
Change component parameters: Designator = "C39" ("C39"); Footprint = "CAP_0402"; UniqueID = "\HLXNQERV" ("\HLXNQERV")
Change component parameters (AddParameter): Name = "CreatedBy"; Value = "Jonathan Bouchard"; VariantName = "[No Variations]"
Change component parameters (AddParameter): Name = "Current"; Value = ""; VariantName = "[No Variations]"
Change component parameters (AddParameter): Name = "FootprintNameOK"; Value = ""; VariantName = "[No Variations]"
Change component parameters (AddParameter): Name = "HelpURL"; Value = ""; VariantName = "[No Variations]"
Change component parameters (AddParameter): Name = "Mfg"; Value = ""; VariantName = "[No Variations]"
Change component parameters (AddParameter): Name = "Mfg Part Number"; Value = ""; VariantName = "[No Variations]"
Change component parameters (AddParameter): Name = "NI"; Value = ""; VariantName = "[No Variations]"
Change component parameters (AddParameter): Name = "Package"; Value = "0402"; VariantName = "[No Variations]"
Change component parameters (AddParameter): Name = "Power"; Value = ""; VariantName = "[No Variations]"
Change component parameters (AddParameter): Name = "Precision"; Value = "10%"; VariantName = "[No Variations]"
Change component parameters (AddParameter): Name = "Temperature"; Value = ""; VariantName = "[No Variations]"
Change component parameters (AddParameter): Name = "Value"; Value = "100nF"; VariantName = "[No Variations]"
Change component parameters (AddParameter): Name = "VerifiedBy"; Value = ""; VariantName = "[No Variations]"
Change component parameters (AddParameter): Name = "Voltage"; Value = "50V"; VariantName = "[No Variations]"
Change component parameters: Designator = "C43" ("C43"); Footprint = "CAP_0402"; UniqueID = "\PIRXNRVD" ("\PIRXNRVD")
Change component parameters (AddParameter): Name = "CreatedBy"; Value = "Jonathan Bouchard"; VariantName = "[No Variations]"
Change component parameters (AddParameter): Name = "Current"; Value = ""; VariantName = "[No Variations]"
Change component parameters (AddParameter): Name = "FootprintNameOK"; Value = ""; VariantName = "[No Variations]"
Change component parameters (AddParameter): Name = "HelpURL"; Value = ""; VariantName = "[No Variations]"
Change component parameters (AddParameter): Name = "Mfg"; Value = ""; VariantName = "[No Variations]"
Change component parameters (AddParameter): Name = "Mfg Part Number"; Value = ""; VariantName = "[No Variations]"
Change component parameters (AddParameter): Name = "NI"; Value = ""; VariantName = "[No Variations]"
Change component parameters (AddParameter): Name = "Package"; Value = "0402"; VariantName = "[No Variations]"
Change component parameters (AddParameter): Name = "Power"; Value = ""; VariantName = "[No Variations]"
Change component parameters (AddParameter): Name = "Precision"; Value = "10%"; VariantName = "[No Variations]"
Change component parameters (AddParameter): Name = "Temperature"; Value = ""; VariantName = "[No Variations]"
Change component parameters (AddParameter): Name = "Value"; Value = "0.1u"; VariantName = "[No Variations]"
Change component parameters (AddParameter): Name = "VerifiedBy"; Value = ""; VariantName = "[No Variations]"
Change component parameters (AddParameter): Name = "Voltage"; Value = "50V"; VariantName = "[No Variations]"
Change component parameters: Designator = "C96" ("C96"); Footprint = "CAP_0402"; UniqueID = "\UVPLWWYS" ("\UVPLWWYS")
Change component parameters (AddParameter): Name = "CreatedBy"; Value = "Jonathan Bouchard"; VariantName = "[No Variations]"
Change component parameters (AddParameter): Name = "Current"; Value = ""; VariantName = "[No Variations]"
Change component parameters (AddParameter): Name = "FootprintNameOK"; Value = ""; VariantName = "[No Variations]"
Change component parameters (AddParameter): Name = "HelpURL"; Value = ""; VariantName = "[No Variations]"
Change component parameters (AddParameter): Name = "Mfg"; Value = ""; VariantName = "[No Variations]"
Change component parameters (AddParameter): Name = "Mfg Part Number"; Value = ""; VariantName = "[No Variations]"
Change component parameters (AddParameter): Name = "NI"; Value = ""; VariantName = "[No Variations]"
Change component parameters (AddParameter): Name = "Package"; Value = "0402"; VariantName = "[No Variations]"
Change component parameters (AddParameter): Name = "Power"; Value = ""; VariantName = "[No Variations]"
Change component parameters (AddParameter): Name = "Precision"; Value = "10%"; VariantName = "[No Variations]"
Change component parameters (AddParameter): Name = "Temperature"; Value = ""; VariantName = "[No Variations]"
Change component parameters (AddParameter): Name = "Value"; Value = "0.1uF"; VariantName = "[No Variations]"
Change component parameters (AddParameter): Name = "VerifiedBy"; Value = ""; VariantName = "[No Variations]"
Change component parameters (AddParameter): Name = "Voltage"; Value = "50V"; VariantName = "[No Variations]"
Change component parameters: Designator = "C105" ("C105"); Footprint = "CAP_0402"; UniqueID = "\WROUPMLI" ("\WROUPMLI")
Change component parameters (AddParameter): Name = "CreatedBy"; Value = "Jonathan Bouchard"; VariantName = "[No Variations]"
Change component parameters (AddParameter): Name = "Current"; Value = ""; VariantName = "[No Variations]"
Change component parameters (AddParameter): Name = "FootprintNameOK"; Value = ""; VariantName = "[No Variations]"
Change component parameters (AddParameter): Name = "HelpURL"; Value = ""; VariantName = "[No Variations]"
Change component parameters (AddParameter): Name = "Mfg"; Value = ""; VariantName = "[No Variations]"
Change component parameters (AddParameter): Name = "Mfg Part Number"; Value = ""; VariantName = "[No Variations]"
Change component parameters (AddParameter): Name = "NI"; Value = ""; VariantName = "[No Variations]"
Change component parameters (AddParameter): Name = "Package"; Value = "0402"; VariantName = "[No Variations]"
Change component parameters (AddParameter): Name = "Power"; Value = ""; VariantName = "[No Variations]"
Change component parameters (AddParameter): Name = "Precision"; Value = "10%"; VariantName = "[No Variations]"
Change component parameters (AddParameter): Name = "Temperature"; Value = ""; VariantName = "[No Variations]"
Change component parameters (AddParameter): Name = "Value"; Value = "1uF"; VariantName = "[No Variations]"
Change component parameters (AddParameter): Name = "VerifiedBy"; Value = ""; VariantName = "[No Variations]"
Change component parameters (AddParameter): Name = "Voltage"; Value = "10V"; VariantName = "[No Variations]"
Change component parameters: Designator = "C106" ("C106"); Footprint = "CAP_0402"; UniqueID = "\GKZXVORW" ("\GKZXVORW")
Change component parameters (AddParameter): Name = "CreatedBy"; Value = "Jonathan Bouchard"; VariantName = "[No Variations]"
Change component parameters (AddParameter): Name = "Current"; Value = ""; VariantName = "[No Variations]"
Change component parameters (AddParameter): Name = "FootprintNameOK"; Value = ""; VariantName = "[No Variations]"
Change component parameters (AddParameter): Name = "HelpURL"; Value = ""; VariantName = "[No Variations]"
Change component parameters (AddParameter): Name = "Mfg"; Value = ""; VariantName = "[No Variations]"
Change component parameters (AddParameter): Name = "Mfg Part Number"; Value = ""; VariantName = "[No Variations]"
Change component parameters (AddParameter): Name = "NI"; Value = ""; VariantName = "[No Variations]"
Change component parameters (AddParameter): Name = "Package"; Value = "0402"; VariantName = "[No Variations]"
Change component parameters (AddParameter): Name = "Power"; Value = ""; VariantName = "[No Variations]"
Change component parameters (AddParameter): Name = "Precision"; Value = "10%"; VariantName = "[No Variations]"
Change component parameters (AddParameter): Name = "Temperature"; Value = ""; VariantName = "[No Variations]"
Change component parameters (AddParameter): Name = "Value"; Value = "4.7nF"; VariantName = "[No Variations]"
Change component parameters (AddParameter): Name = "VerifiedBy"; Value = ""; VariantName = "[No Variations]"
Change component parameters (AddParameter): Name = "Voltage"; Value = "10V"; VariantName = "[No Variations]"
Change component parameters: Designator = "C114" ("C114"); Footprint = "CAP_0402"; UniqueID = "\BNFGQIPD" ("\BNFGQIPD")
Change component parameters (AddParameter): Name = "CreatedBy"; Value = "Jonathan Bouchard"; VariantName = "[No Variations]"
Change component parameters (AddParameter): Name = "Current"; Value = ""; VariantName = "[No Variations]"
Change component parameters (AddParameter): Name = "FootprintNameOK"; Value = ""; VariantName = "[No Variations]"
Change component parameters (AddParameter): Name = "HelpURL"; Value = ""; VariantName = "[No Variations]"
Change component parameters (AddParameter): Name = "Mfg"; Value = ""; VariantName = "[No Variations]"
Change component parameters (AddParameter): Name = "Mfg Part Number"; Value = ""; VariantName = "[No Variations]"
Change component parameters (AddParameter): Name = "NI"; Value = ""; VariantName = "[No Variations]"
Change component parameters (AddParameter): Name = "Package"; Value = "0402"; VariantName = "[No Variations]"
Change component parameters (AddParameter): Name = "Power"; Value = ""; VariantName = "[No Variations]"
Change component parameters (AddParameter): Name = "Precision"; Value = "10%"; VariantName = "[No Variations]"
Change component parameters (AddParameter): Name = "Temperature"; Value = ""; VariantName = "[No Variations]"
Change component parameters (AddParameter): Name = "Value"; Value = "4.7nF"; VariantName = "[No Variations]"
Change component parameters (AddParameter): Name = "VerifiedBy"; Value = ""; VariantName = "[No Variations]"
Change component parameters (AddParameter): Name = "Voltage"; Value = "10V"; VariantName = "[No Variations]"
Change component parameters: Designator = "C115" ("C115"); Footprint = "CAP_0402"; UniqueID = "\AFJTSQCF" ("\AFJTSQCF")
Change component parameters (AddParameter): Name = "CreatedBy"; Value = "Jonathan Bouchard"; VariantName = "[No Variations]"
Change component parameters (AddParameter): Name = "Current"; Value = ""; VariantName = "[No Variations]"
Change component parameters (AddParameter): Name = "FootprintNameOK"; Value = ""; VariantName = "[No Variations]"
Change component parameters (AddParameter): Name = "HelpURL"; Value = ""; VariantName = "[No Variations]"
Change component parameters (AddParameter): Name = "Mfg"; Value = ""; VariantName = "[No Variations]"
Change component parameters (AddParameter): Name = "Mfg Part Number"; Value = ""; VariantName = "[No Variations]"
Change component parameters (AddParameter): Name = "NI"; Value = ""; VariantName = "[No Variations]"
Change component parameters (AddParameter): Name = "Package"; Value = "0402"; VariantName = "[No Variations]"
Change component parameters (AddParameter): Name = "Power"; Value = ""; VariantName = "[No Variations]"
Change component parameters (AddParameter): Name = "Precision"; Value = "10%"; VariantName = "[No Variations]"
Change component parameters (AddParameter): Name = "Temperature"; Value = ""; VariantName = "[No Variations]"
Change component parameters (AddParameter): Name = "Value"; Value = "560 pF"; VariantName = "[No Variations]"
Change component parameters (AddParameter): Name = "VerifiedBy"; Value = ""; VariantName = "[No Variations]"
Change component parameters (AddParameter): Name = "Voltage"; Value = "10V"; VariantName = "[No Variations]"
Change component parameters: Designator = "C139" ("C139"); Footprint = "CAP_0402"; UniqueID = "\SWACIEVJ" ("\SWACIEVJ")
Change component parameters (AddParameter): Name = "CreatedBy"; Value = "Jonathan Bouchard"; VariantName = "[No Variations]"
Change component parameters (AddParameter): Name = "Current"; Value = ""; VariantName = "[No Variations]"
Change component parameters (AddParameter): Name = "FootprintNameOK"; Value = ""; VariantName = "[No Variations]"
Change component parameters (AddParameter): Name = "HelpURL"; Value = ""; VariantName = "[No Variations]"
Change component parameters (AddParameter): Name = "Mfg"; Value = ""; VariantName = "[No Variations]"
Change component parameters (AddParameter): Name = "Mfg Part Number"; Value = ""; VariantName = "[No Variations]"
Change component parameters (AddParameter): Name = "NI"; Value = ""; VariantName = "[No Variations]"
Change component parameters (AddParameter): Name = "Package"; Value = "0402"; VariantName = "[No Variations]"
Change component parameters (AddParameter): Name = "Power"; Value = ""; VariantName = "[No Variations]"
Change component parameters (AddParameter): Name = "Precision"; Value = "10%"; VariantName = "[No Variations]"
Change component parameters (AddParameter): Name = "Temperature"; Value = ""; VariantName = "[No Variations]"
Change component parameters (AddParameter): Name = "Value"; Value = "47nF"; VariantName = "[No Variations]"
Change component parameters (AddParameter): Name = "VerifiedBy"; Value = ""; VariantName = "[No Variations]"
Change component parameters (AddParameter): Name = "Voltage"; Value = "50V"; VariantName = "[No Variations]"
Change component parameters: Designator = "C140" ("C140"); Footprint = "CAP_0402"; UniqueID = "\EEVIMPZZ" ("\EEVIMPZZ")
Change component parameters (AddParameter): Name = "CreatedBy"; Value = "Jonathan Bouchard"; VariantName = "[No Variations]"
Change component parameters (AddParameter): Name = "Current"; Value = ""; VariantName = "[No Variations]"
Change component parameters (AddParameter): Name = "FootprintNameOK"; Value = ""; VariantName = "[No Variations]"
Change component parameters (AddParameter): Name = "HelpURL"; Value = ""; VariantName = "[No Variations]"
Change component parameters (AddParameter): Name = "Mfg"; Value = ""; VariantName = "[No Variations]"
Change component parameters (AddParameter): Name = "Mfg Part Number"; Value = ""; VariantName = "[No Variations]"
Change component parameters (AddParameter): Name = "NI"; Value = ""; VariantName = "[No Variations]"
Change component parameters (AddParameter): Name = "Package"; Value = "0402"; VariantName = "[No Variations]"
Change component parameters (AddParameter): Name = "Power"; Value = ""; VariantName = "[No Variations]"
Change component parameters (AddParameter): Name = "Precision"; Value = "10%"; VariantName = "[No Variations]"
Change component parameters (AddParameter): Name = "Temperature"; Value = ""; VariantName = "[No Variations]"
Change component parameters (AddParameter): Name = "Value"; Value = "47nF"; VariantName = "[No Variations]"
Change component parameters (AddParameter): Name = "VerifiedBy"; Value = ""; VariantName = "[No Variations]"
Change component parameters (AddParameter): Name = "Voltage"; Value = "50V"; VariantName = "[No Variations]"
Change component parameters: Designator = "C141" ("C141"); Footprint = "CAP_0402"; UniqueID = "\TBODHEXZ" ("\TBODHEXZ")
Change component parameters (AddParameter): Name = "CreatedBy"; Value = "Jonathan Bouchard"; VariantName = "[No Variations]"
Change component parameters (AddParameter): Name = "Current"; Value = ""; VariantName = "[No Variations]"
Change component parameters (AddParameter): Name = "FootprintNameOK"; Value = ""; VariantName = "[No Variations]"
Change component parameters (AddParameter): Name = "HelpURL"; Value = ""; VariantName = "[No Variations]"
Change component parameters (AddParameter): Name = "Mfg"; Value = ""; VariantName = "[No Variations]"
Change component parameters (AddParameter): Name = "Mfg Part Number"; Value = ""; VariantName = "[No Variations]"
Change component parameters (AddParameter): Name = "NI"; Value = ""; VariantName = "[No Variations]"
Change component parameters (AddParameter): Name = "Package"; Value = "0402"; VariantName = "[No Variations]"
Change component parameters (AddParameter): Name = "Power"; Value = ""; VariantName = "[No Variations]"
Change component parameters (AddParameter): Name = "Precision"; Value = "10%"; VariantName = "[No Variations]"
Change component parameters (AddParameter): Name = "Temperature"; Value = ""; VariantName = "[No Variations]"
Change component parameters (AddParameter): Name = "Value"; Value = "47nF"; VariantName = "[No Variations]"
Change component parameters (AddParameter): Name = "VerifiedBy"; Value = ""; VariantName = "[No Variations]"
Change component parameters (AddParameter): Name = "Voltage"; Value = "50V"; VariantName = "[No Variations]"
Change component parameters: Designator = "C142" ("C142"); Footprint = "CAP_0402"; UniqueID = "\TMBELVYZ" ("\TMBELVYZ")
Change component parameters (AddParameter): Name = "CreatedBy"; Value = "Jonathan Bouchard"; VariantName = "[No Variations]"
Change component parameters (AddParameter): Name = "Current"; Value = ""; VariantName = "[No Variations]"
Change component parameters (AddParameter): Name = "FootprintNameOK"; Value = ""; VariantName = "[No Variations]"
Change component parameters (AddParameter): Name = "HelpURL"; Value = ""; VariantName = "[No Variations]"
Change component parameters (AddParameter): Name = "Mfg"; Value = ""; VariantName = "[No Variations]"
Change component parameters (AddParameter): Name = "Mfg Part Number"; Value = ""; VariantName = "[No Variations]"
Change component parameters (AddParameter): Name = "NI"; Value = ""; VariantName = "[No Variations]"
Change component parameters (AddParameter): Name = "Package"; Value = "0402"; VariantName = "[No Variations]"
Change component parameters (AddParameter): Name = "Power"; Value = ""; VariantName = "[No Variations]"
Change component parameters (AddParameter): Name = "Precision"; Value = "10%"; VariantName = "[No Variations]"
Change component parameters (AddParameter): Name = "Temperature"; Value = ""; VariantName = "[No Variations]"
Change component parameters (AddParameter): Name = "Value"; Value = "47nF"; VariantName = "[No Variations]"
Change component parameters (AddParameter): Name = "VerifiedBy"; Value = ""; VariantName = "[No Variations]"
Change component parameters (AddParameter): Name = "Voltage"; Value = "50V"; VariantName = "[No Variations]"
Change component parameters: Designator = "C143" ("C143"); Footprint = "CAP_0402"; UniqueID = "\ONIRCAJK" ("\ONIRCAJK")
Change component parameters (AddParameter): Name = "CreatedBy"; Value = "Jonathan Bouchard"; VariantName = "[No Variations]"
Change component parameters (AddParameter): Name = "Current"; Value = ""; VariantName = "[No Variations]"
Change component parameters (AddParameter): Name = "FootprintNameOK"; Value = ""; VariantName = "[No Variations]"
Change component parameters (AddParameter): Name = "HelpURL"; Value = ""; VariantName = "[No Variations]"
Change component parameters (AddParameter): Name = "Mfg"; Value = ""; VariantName = "[No Variations]"
Change component parameters (AddParameter): Name = "Mfg Part Number"; Value = ""; VariantName = "[No Variations]"
Change component parameters (AddParameter): Name = "NI"; Value = ""; VariantName = "[No Variations]"
Change component parameters (AddParameter): Name = "Package"; Value = "0402"; VariantName = "[No Variations]"
Change component parameters (AddParameter): Name = "Power"; Value = ""; VariantName = "[No Variations]"
Change component parameters (AddParameter): Name = "Precision"; Value = "10%"; VariantName = "[No Variations]"
Change component parameters (AddParameter): Name = "Temperature"; Value = ""; VariantName = "[No Variations]"
Change component parameters (AddParameter): Name = "Value"; Value = "47nF"; VariantName = "[No Variations]"
Change component parameters (AddParameter): Name = "VerifiedBy"; Value = ""; VariantName = "[No Variations]"
Change component parameters (AddParameter): Name = "Voltage"; Value = "50V"; VariantName = "[No Variations]"
Change component parameters: Designator = "C144" ("C144"); Footprint = "CAP_0402"; UniqueID = "\DMUSIFDJ" ("\DMUSIFDJ")
Change component parameters (AddParameter): Name = "CreatedBy"; Value = "Jonathan Bouchard"; VariantName = "[No Variations]"
Change component parameters (AddParameter): Name = "Current"; Value = ""; VariantName = "[No Variations]"
Change component parameters (AddParameter): Name = "FootprintNameOK"; Value = ""; VariantName = "[No Variations]"
Change component parameters (AddParameter): Name = "HelpURL"; Value = ""; VariantName = "[No Variations]"
Change component parameters (AddParameter): Name = "Mfg"; Value = ""; VariantName = "[No Variations]"
Change component parameters (AddParameter): Name = "Mfg Part Number"; Value = ""; VariantName = "[No Variations]"
Change component parameters (AddParameter): Name = "NI"; Value = ""; VariantName = "[No Variations]"
Change component parameters (AddParameter): Name = "Package"; Value = "0402"; VariantName = "[No Variations]"
Change component parameters (AddParameter): Name = "Power"; Value = ""; VariantName = "[No Variations]"
Change component parameters (AddParameter): Name = "Precision"; Value = "10%"; VariantName = "[No Variations]"
Change component parameters (AddParameter): Name = "Temperature"; Value = ""; VariantName = "[No Variations]"
Change component parameters (AddParameter): Name = "Value"; Value = "47nF"; VariantName = "[No Variations]"
Change component parameters (AddParameter): Name = "VerifiedBy"; Value = ""; VariantName = "[No Variations]"
Change component parameters (AddParameter): Name = "Voltage"; Value = "50V"; VariantName = "[No Variations]"
Change component parameters: Designator = "C145" ("C145"); Footprint = "CAP_0402"; UniqueID = "\WSOZVAYF" ("\WSOZVAYF")
Change component parameters (AddParameter): Name = "CreatedBy"; Value = "Jonathan Bouchard"; VariantName = "[No Variations]"
Change component parameters (AddParameter): Name = "Current"; Value = ""; VariantName = "[No Variations]"
Change component parameters (AddParameter): Name = "FootprintNameOK"; Value = ""; VariantName = "[No Variations]"
Change component parameters (AddParameter): Name = "HelpURL"; Value = ""; VariantName = "[No Variations]"
Change component parameters (AddParameter): Name = "Mfg"; Value = ""; VariantName = "[No Variations]"
Change component parameters (AddParameter): Name = "Mfg Part Number"; Value = ""; VariantName = "[No Variations]"
Change component parameters (AddParameter): Name = "NI"; Value = ""; VariantName = "[No Variations]"
Change component parameters (AddParameter): Name = "Package"; Value = "0402"; VariantName = "[No Variations]"
Change component parameters (AddParameter): Name = "Power"; Value = ""; VariantName = "[No Variations]"
Change component parameters (AddParameter): Name = "Precision"; Value = "10%"; VariantName = "[No Variations]"
Change component parameters (AddParameter): Name = "Temperature"; Value = ""; VariantName = "[No Variations]"
Change component parameters (AddParameter): Name = "Value"; Value = "47nF"; VariantName = "[No Variations]"
Change component parameters (AddParameter): Name = "VerifiedBy"; Value = ""; VariantName = "[No Variations]"
Change component parameters (AddParameter): Name = "Voltage"; Value = "50V"; VariantName = "[No Variations]"
Change component parameters: Designator = "C146" ("C146"); Footprint = "CAP_0402"; UniqueID = "\AZBGEGXJ" ("\AZBGEGXJ")
Change component parameters (AddParameter): Name = "CreatedBy"; Value = "Jonathan Bouchard"; VariantName = "[No Variations]"
Change component parameters (AddParameter): Name = "Current"; Value = ""; VariantName = "[No Variations]"
Change component parameters (AddParameter): Name = "FootprintNameOK"; Value = ""; VariantName = "[No Variations]"
Change component parameters (AddParameter): Name = "HelpURL"; Value = ""; VariantName = "[No Variations]"
Change component parameters (AddParameter): Name = "Mfg"; Value = ""; VariantName = "[No Variations]"
Change component parameters (AddParameter): Name = "Mfg Part Number"; Value = ""; VariantName = "[No Variations]"
Change component parameters (AddParameter): Name = "NI"; Value = ""; VariantName = "[No Variations]"
Change component parameters (AddParameter): Name = "Package"; Value = "0402"; VariantName = "[No Variations]"
Change component parameters (AddParameter): Name = "Power"; Value = ""; VariantName = "[No Variations]"
Change component parameters (AddParameter): Name = "Precision"; Value = "10%"; VariantName = "[No Variations]"
Change component parameters (AddParameter): Name = "Temperature"; Value = ""; VariantName = "[No Variations]"
Change component parameters (AddParameter): Name = "Value"; Value = "47nF"; VariantName = "[No Variations]"
Change component parameters (AddParameter): Name = "VerifiedBy"; Value = ""; VariantName = "[No Variations]"
Change component parameters (AddParameter): Name = "Voltage"; Value = "50V"; VariantName = "[No Variations]"
Change component parameters: Designator = "R19" ("R19"); Footprint = "RES_0603"; UniqueID = "\LJVENECX" ("\LJVENECX")
Change component parameters (AddParameter): Name = "CreatedBy"; Value = "Jonathan Bouchard"; VariantName = "[No Variations]"
Change component parameters (AddParameter): Name = "Current"; Value = ""; VariantName = "[No Variations]"
Change component parameters (AddParameter): Name = "FootprintNameOK"; Value = ""; VariantName = "[No Variations]"
Change component parameters (AddParameter): Name = "HelpURL"; Value = ""; VariantName = "[No Variations]"
Change component parameters (AddParameter): Name = "Mfg"; Value = ""; VariantName = "[No Variations]"
Change component parameters (AddParameter): Name = "Mfg Part Number"; Value = ""; VariantName = "[No Variations]"
Change component parameters (AddParameter): Name = "NI"; Value = ""; VariantName = "[No Variations]"
Change component parameters (AddParameter): Name = "Package"; Value = "0603"; VariantName = "[No Variations]"
Change component parameters (AddParameter): Name = "Power"; Value = ""; VariantName = "[No Variations]"
Change component parameters (AddParameter): Name = "Precision"; Value = "1%"; VariantName = "[No Variations]"
Change component parameters (AddParameter): Name = "Temperature"; Value = ""; VariantName = "[No Variations]"
Change component parameters (AddParameter): Name = "Value"; Value = "1.15k"; VariantName = "[No Variations]"
Change component parameters (AddParameter): Name = "VerifiedBy"; Value = ""; VariantName = "[No Variations]"
Change component parameters (AddParameter): Name = "Voltage"; Value = ""; VariantName = "[No Variations]"
Change component parameters: Designator = "R21" ("R21"); Footprint = "RES_0603"; UniqueID = "\RIMZUZJK" ("\RIMZUZJK")
Change component parameters (AddParameter): Name = "CreatedBy"; Value = "Jonathan Bouchard"; VariantName = "[No Variations]"
Change component parameters (AddParameter): Name = "Current"; Value = ""; VariantName = "[No Variations]"
Change component parameters (AddParameter): Name = "FootprintNameOK"; Value = ""; VariantName = "[No Variations]"
Change component parameters (AddParameter): Name = "HelpURL"; Value = ""; VariantName = "[No Variations]"
Change component parameters (AddParameter): Name = "Mfg"; Value = ""; VariantName = "[No Variations]"
Change component parameters (AddParameter): Name = "Mfg Part Number"; Value = ""; VariantName = "[No Variations]"
Change component parameters (AddParameter): Name = "NI"; Value = ""; VariantName = "[No Variations]"
Change component parameters (AddParameter): Name = "Package"; Value = "0603"; VariantName = "[No Variations]"
Change component parameters (AddParameter): Name = "Power"; Value = ""; VariantName = "[No Variations]"
Change component parameters (AddParameter): Name = "Precision"; Value = "1%"; VariantName = "[No Variations]"
Change component parameters (AddParameter): Name = "Temperature"; Value = ""; VariantName = "[No Variations]"
Change component parameters (AddParameter): Name = "Value"; Value = "10k"; VariantName = "[No Variations]"
Change component parameters (AddParameter): Name = "VerifiedBy"; Value = ""; VariantName = "[No Variations]"
Change component parameters (AddParameter): Name = "Voltage"; Value = ""; VariantName = "[No Variations]"
Change component parameters: Designator = "R22" ("R22"); Footprint = "RES_0603"; UniqueID = "\IVPFSTJE" ("\IVPFSTJE")
Change component parameters (AddParameter): Name = "CreatedBy"; Value = "Jonathan Bouchard"; VariantName = "[No Variations]"
Change component parameters (AddParameter): Name = "Current"; Value = ""; VariantName = "[No Variations]"
Change component parameters (AddParameter): Name = "FootprintNameOK"; Value = ""; VariantName = "[No Variations]"
Change component parameters (AddParameter): Name = "HelpURL"; Value = ""; VariantName = "[No Variations]"
Change component parameters (AddParameter): Name = "Mfg"; Value = ""; VariantName = "[No Variations]"
Change component parameters (AddParameter): Name = "Mfg Part Number"; Value = ""; VariantName = "[No Variations]"
Change component parameters (AddParameter): Name = "NI"; Value = ""; VariantName = "[No Variations]"
Change component parameters (AddParameter): Name = "Package"; Value = "0603"; VariantName = "[No Variations]"
Change component parameters (AddParameter): Name = "Power"; Value = ""; VariantName = "[No Variations]"
Change component parameters (AddParameter): Name = "Precision"; Value = "1%"; VariantName = "[No Variations]"
Change component parameters (AddParameter): Name = "Temperature"; Value = ""; VariantName = "[No Variations]"
Change component parameters (AddParameter): Name = "Value"; Value = "10k"; VariantName = "[No Variations]"
Change component parameters (AddParameter): Name = "VerifiedBy"; Value = ""; VariantName = "[No Variations]"
Change component parameters (AddParameter): Name = "Voltage"; Value = ""; VariantName = "[No Variations]"
Change component parameters: Designator = "R31" ("R31"); Footprint = "RES_0402"; UniqueID = "\CEGCFPBO" ("\CEGCFPBO")
Change component parameters (AddParameter): Name = "CreatedBy"; Value = "Jonathan Bouchard"; VariantName = "[No Variations]"
Change component parameters (AddParameter): Name = "Current"; Value = ""; VariantName = "[No Variations]"
Change component parameters (AddParameter): Name = "FootprintNameOK"; Value = ""; VariantName = "[No Variations]"
Change component parameters (AddParameter): Name = "HelpURL"; Value = ""; VariantName = "[No Variations]"
Change component parameters (AddParameter): Name = "Mfg"; Value = ""; VariantName = "[No Variations]"
Change component parameters (AddParameter): Name = "Mfg Part Number"; Value = ""; VariantName = "[No Variations]"
Change component parameters (AddParameter): Name = "NI"; Value = ""; VariantName = "[No Variations]"
Change component parameters (AddParameter): Name = "Package"; Value = "0402"; VariantName = "[No Variations]"
Change component parameters (AddParameter): Name = "Power"; Value = "1/16W"; VariantName = "[No Variations]"
Change component parameters (AddParameter): Name = "Precision"; Value = "1%"; VariantName = "[No Variations]"
Change component parameters (AddParameter): Name = "Temperature"; Value = ""; VariantName = "[No Variations]"
Change component parameters (AddParameter): Name = "Value"; Value = "100k"; VariantName = "[No Variations]"
Change component parameters (AddParameter): Name = "VerifiedBy"; Value = ""; VariantName = "[No Variations]"
Change component parameters (AddParameter): Name = "Voltage"; Value = "50V"; VariantName = "[No Variations]"
Change component parameters: Designator = "R40" ("R40"); Footprint = "RES_0805"; UniqueID = "\SRTSHDMW" ("\SRTSHDMW")
Change component parameters (AddParameter): Name = "CreatedBy"; Value = "Jonathan Bouchard"; VariantName = "[No Variations]"
Change component parameters (AddParameter): Name = "Current"; Value = ""; VariantName = "[No Variations]"
Change component parameters (AddParameter): Name = "FootprintNameOK"; Value = ""; VariantName = "[No Variations]"
Change component parameters (AddParameter): Name = "HelpURL"; Value = ""; VariantName = "[No Variations]"
Change component parameters (AddParameter): Name = "Mfg"; Value = ""; VariantName = "[No Variations]"
Change component parameters (AddParameter): Name = "Mfg Part Number"; Value = ""; VariantName = "[No Variations]"
Change component parameters (AddParameter): Name = "NI"; Value = ""; VariantName = "[No Variations]"
Change component parameters (AddParameter): Name = "Package"; Value = "0805"; VariantName = "[No Variations]"
Change component parameters (AddParameter): Name = "Power"; Value = ""; VariantName = "[No Variations]"
Change component parameters (AddParameter): Name = "Precision"; Value = "1%"; VariantName = "[No Variations]"
Change component parameters (AddParameter): Name = "Temperature"; Value = ""; VariantName = "[No Variations]"
Change component parameters (AddParameter): Name = "Value"; Value = "1k"; VariantName = "[No Variations]"
Change component parameters (AddParameter): Name = "VerifiedBy"; Value = ""; VariantName = "[No Variations]"
Change component parameters (AddParameter): Name = "Voltage"; Value = ""; VariantName = "[No Variations]"
Change component parameters: Designator = "R41" ("R41"); Footprint = "RES_0805"; UniqueID = "\MZRJBKCS" ("\MZRJBKCS")
Change component parameters (AddParameter): Name = "CreatedBy"; Value = "Jonathan Bouchard"; VariantName = "[No Variations]"
Change component parameters (AddParameter): Name = "Current"; Value = ""; VariantName = "[No Variations]"
Change component parameters (AddParameter): Name = "FootprintNameOK"; Value = ""; VariantName = "[No Variations]"
Change component parameters (AddParameter): Name = "HelpURL"; Value = ""; VariantName = "[No Variations]"
Change component parameters (AddParameter): Name = "Mfg"; Value = ""; VariantName = "[No Variations]"
Change component parameters (AddParameter): Name = "Mfg Part Number"; Value = ""; VariantName = "[No Variations]"
Change component parameters (AddParameter): Name = "NI"; Value = ""; VariantName = "[No Variations]"
Change component parameters (AddParameter): Name = "Package"; Value = "0805"; VariantName = "[No Variations]"
Change component parameters (AddParameter): Name = "Power"; Value = ""; VariantName = "[No Variations]"
Change component parameters (AddParameter): Name = "Precision"; Value = "1%"; VariantName = "[No Variations]"
Change component parameters (AddParameter): Name = "Temperature"; Value = ""; VariantName = "[No Variations]"
Change component parameters (AddParameter): Name = "Value"; Value = "4.7K"; VariantName = "[No Variations]"
Change component parameters (AddParameter): Name = "VerifiedBy"; Value = ""; VariantName = "[No Variations]"
Change component parameters (AddParameter): Name = "Voltage"; Value = ""; VariantName = "[No Variations]"
Change component parameters: Designator = "R42" ("R42"); Footprint = "RES_0805"; UniqueID = "\YRDZKMWE" ("\YRDZKMWE")
Change component parameters (AddParameter): Name = "CreatedBy"; Value = "Jonathan Bouchard"; VariantName = "[No Variations]"
Change component parameters (AddParameter): Name = "Current"; Value = ""; VariantName = "[No Variations]"
Change component parameters (AddParameter): Name = "FootprintNameOK"; Value = ""; VariantName = "[No Variations]"
Change component parameters (AddParameter): Name = "HelpURL"; Value = ""; VariantName = "[No Variations]"
Change component parameters (AddParameter): Name = "Mfg"; Value = ""; VariantName = "[No Variations]"
Change component parameters (AddParameter): Name = "Mfg Part Number"; Value = ""; VariantName = "[No Variations]"
Change component parameters (AddParameter): Name = "NI"; Value = ""; VariantName = "[No Variations]"
Change component parameters (AddParameter): Name = "Package"; Value = "0805"; VariantName = "[No Variations]"
Change component parameters (AddParameter): Name = "Power"; Value = ""; VariantName = "[No Variations]"
Change component parameters (AddParameter): Name = "Precision"; Value = "1%"; VariantName = "[No Variations]"
Change component parameters (AddParameter): Name = "Temperature"; Value = ""; VariantName = "[No Variations]"
Change component parameters (AddParameter): Name = "Value"; Value = "40.2"; VariantName = "[No Variations]"
Change component parameters (AddParameter): Name = "VerifiedBy"; Value = ""; VariantName = "[No Variations]"
Change component parameters (AddParameter): Name = "Voltage"; Value = ""; VariantName = "[No Variations]"
Change component parameters: Designator = "R65" ("R65"); Footprint = "RES_0805"; UniqueID = "\AEFKGZNU" ("\AEFKGZNU")
Change component parameters (AddParameter): Name = "CreatedBy"; Value = "Jonathan Bouchard"; VariantName = "[No Variations]"
Change component parameters (AddParameter): Name = "Current"; Value = ""; VariantName = "[No Variations]"
Change component parameters (AddParameter): Name = "FootprintNameOK"; Value = ""; VariantName = "[No Variations]"
Change component parameters (AddParameter): Name = "HelpURL"; Value = ""; VariantName = "[No Variations]"
Change component parameters (AddParameter): Name = "Mfg"; Value = ""; VariantName = "[No Variations]"
Change component parameters (AddParameter): Name = "Mfg Part Number"; Value = ""; VariantName = "[No Variations]"
Change component parameters (AddParameter): Name = "NI"; Value = ""; VariantName = "[No Variations]"
Change component parameters (AddParameter): Name = "Package"; Value = "0805"; VariantName = "[No Variations]"
Change component parameters (AddParameter): Name = "Power"; Value = ""; VariantName = "[No Variations]"
Change component parameters (AddParameter): Name = "Precision"; Value = "1%"; VariantName = "[No Variations]"
Change component parameters (AddParameter): Name = "Temperature"; Value = ""; VariantName = "[No Variations]"
Change component parameters (AddParameter): Name = "Value"; Value = "100"; VariantName = "[No Variations]"
Change component parameters (AddParameter): Name = "VerifiedBy"; Value = ""; VariantName = "[No Variations]"
Change component parameters (AddParameter): Name = "Voltage"; Value = ""; VariantName = "[No Variations]"
Change component parameters: Designator = "R66" ("R66"); Footprint = "RES_0805"; UniqueID = "\IHOWZDNB" ("\IHOWZDNB")
Change component parameters (AddParameter): Name = "CreatedBy"; Value = "Jonathan Bouchard"; VariantName = "[No Variations]"
Change component parameters (AddParameter): Name = "Current"; Value = ""; VariantName = "[No Variations]"
Change component parameters (AddParameter): Name = "FootprintNameOK"; Value = ""; VariantName = "[No Variations]"
Change component parameters (AddParameter): Name = "HelpURL"; Value = ""; VariantName = "[No Variations]"
Change component parameters (AddParameter): Name = "Mfg"; Value = ""; VariantName = "[No Variations]"
Change component parameters (AddParameter): Name = "Mfg Part Number"; Value = ""; VariantName = "[No Variations]"
Change component parameters (AddParameter): Name = "NI"; Value = ""; VariantName = "[No Variations]"
Change component parameters (AddParameter): Name = "Package"; Value = "0805"; VariantName = "[No Variations]"
Change component parameters (AddParameter): Name = "Power"; Value = ""; VariantName = "[No Variations]"
Change component parameters (AddParameter): Name = "Precision"; Value = "1%"; VariantName = "[No Variations]"
Change component parameters (AddParameter): Name = "Temperature"; Value = ""; VariantName = "[No Variations]"
Change component parameters (AddParameter): Name = "Value"; Value = "240"; VariantName = "[No Variations]"
Change component parameters (AddParameter): Name = "VerifiedBy"; Value = ""; VariantName = "[No Variations]"
Change component parameters (AddParameter): Name = "Voltage"; Value = ""; VariantName = "[No Variations]"
Change component parameters: Designator = "R68" ("R68"); Footprint = "RES_0603"; UniqueID = "\TKLHUBVM" ("\TKLHUBVM")
Change component parameters (AddParameter): Name = "CreatedBy"; Value = "Jonathan Bouchard"; VariantName = "[No Variations]"
Change component parameters (AddParameter): Name = "Current"; Value = ""; VariantName = "[No Variations]"
Change component parameters (AddParameter): Name = "FootprintNameOK"; Value = ""; VariantName = "[No Variations]"
Change component parameters (AddParameter): Name = "HelpURL"; Value = ""; VariantName = "[No Variations]"
Change component parameters (AddParameter): Name = "Mfg"; Value = ""; VariantName = "[No Variations]"
Change component parameters (AddParameter): Name = "Mfg Part Number"; Value = ""; VariantName = "[No Variations]"
Change component parameters (AddParameter): Name = "NI"; Value = ""; VariantName = "[No Variations]"
Change component parameters (AddParameter): Name = "Package"; Value = "0603"; VariantName = "[No Variations]"
Change component parameters (AddParameter): Name = "Power"; Value = ""; VariantName = "[No Variations]"
Change component parameters (AddParameter): Name = "Precision"; Value = "1%"; VariantName = "[No Variations]"
Change component parameters (AddParameter): Name = "Temperature"; Value = ""; VariantName = "[No Variations]"
Change component parameters (AddParameter): Name = "Value"; Value = "4.7k"; VariantName = "[No Variations]"
Change component parameters (AddParameter): Name = "VerifiedBy"; Value = ""; VariantName = "[No Variations]"
Change component parameters (AddParameter): Name = "Voltage"; Value = ""; VariantName = "[No Variations]"
Change component parameters: Designator = "R70" ("R70"); Footprint = "RES_0603"; UniqueID = "\YQFUMLPG" ("\YQFUMLPG")
Change component parameters (AddParameter): Name = "CreatedBy"; Value = "Jonathan Bouchard"; VariantName = "[No Variations]"
Change component parameters (AddParameter): Name = "Current"; Value = ""; VariantName = "[No Variations]"
Change component parameters (AddParameter): Name = "FootprintNameOK"; Value = ""; VariantName = "[No Variations]"
Change component parameters (AddParameter): Name = "HelpURL"; Value = ""; VariantName = "[No Variations]"
Change component parameters (AddParameter): Name = "Mfg"; Value = ""; VariantName = "[No Variations]"
Change component parameters (AddParameter): Name = "Mfg Part Number"; Value = ""; VariantName = "[No Variations]"
Change component parameters (AddParameter): Name = "NI"; Value = ""; VariantName = "[No Variations]"
Change component parameters (AddParameter): Name = "Package"; Value = "0603"; VariantName = "[No Variations]"
Change component parameters (AddParameter): Name = "Power"; Value = ""; VariantName = "[No Variations]"
Change component parameters (AddParameter): Name = "Precision"; Value = "1%"; VariantName = "[No Variations]"
Change component parameters (AddParameter): Name = "Temperature"; Value = ""; VariantName = "[No Variations]"
Change component parameters (AddParameter): Name = "Value"; Value = "10k"; VariantName = "[No Variations]"
Change component parameters (AddParameter): Name = "VerifiedBy"; Value = ""; VariantName = "[No Variations]"
Change component parameters (AddParameter): Name = "Voltage"; Value = ""; VariantName = "[No Variations]"
Change component parameters: Designator = "R71" ("R71"); Footprint = "RES_0603"; UniqueID = "\DNPHQMXF" ("\DNPHQMXF")
Change component parameters (AddParameter): Name = "CreatedBy"; Value = "Jonathan Bouchard"; VariantName = "[No Variations]"
Change component parameters (AddParameter): Name = "Current"; Value = ""; VariantName = "[No Variations]"
Change component parameters (AddParameter): Name = "FootprintNameOK"; Value = ""; VariantName = "[No Variations]"
Change component parameters (AddParameter): Name = "HelpURL"; Value = ""; VariantName = "[No Variations]"
Change component parameters (AddParameter): Name = "Mfg"; Value = ""; VariantName = "[No Variations]"
Change component parameters (AddParameter): Name = "Mfg Part Number"; Value = ""; VariantName = "[No Variations]"
Change component parameters (AddParameter): Name = "NI"; Value = ""; VariantName = "[No Variations]"
Change component parameters (AddParameter): Name = "Package"; Value = "0603"; VariantName = "[No Variations]"
Change component parameters (AddParameter): Name = "Power"; Value = ""; VariantName = "[No Variations]"
Change component parameters (AddParameter): Name = "Precision"; Value = "1%"; VariantName = "[No Variations]"
Change component parameters (AddParameter): Name = "Temperature"; Value = ""; VariantName = "[No Variations]"
Change component parameters (AddParameter): Name = "Value"; Value = "150"; VariantName = "[No Variations]"
Change component parameters (AddParameter): Name = "VerifiedBy"; Value = ""; VariantName = "[No Variations]"
Change component parameters (AddParameter): Name = "Voltage"; Value = ""; VariantName = "[No Variations]"
Change component parameters: Designator = "R75" ("R75"); Footprint = "RES_0603"; UniqueID = "\DLXEMDVP" ("\DLXEMDVP")
Change component parameters (AddParameter): Name = "CreatedBy"; Value = "Jonathan Bouchard"; VariantName = "[No Variations]"
Change component parameters (AddParameter): Name = "Current"; Value = ""; VariantName = "[No Variations]"
Change component parameters (AddParameter): Name = "FootprintNameOK"; Value = ""; VariantName = "[No Variations]"
Change component parameters (AddParameter): Name = "HelpURL"; Value = ""; VariantName = "[No Variations]"
Change component parameters (AddParameter): Name = "Mfg"; Value = ""; VariantName = "[No Variations]"
Change component parameters (AddParameter): Name = "Mfg Part Number"; Value = ""; VariantName = "[No Variations]"
Change component parameters (AddParameter): Name = "NI"; Value = ""; VariantName = "[No Variations]"
Change component parameters (AddParameter): Name = "Package"; Value = "0603"; VariantName = "[No Variations]"
Change component parameters (AddParameter): Name = "Power"; Value = ""; VariantName = "[No Variations]"
Change component parameters (AddParameter): Name = "Precision"; Value = "1%"; VariantName = "[No Variations]"
Change component parameters (AddParameter): Name = "Temperature"; Value = ""; VariantName = "[No Variations]"
Change component parameters (AddParameter): Name = "Value"; Value = "10k"; VariantName = "[No Variations]"
Change component parameters (AddParameter): Name = "VerifiedBy"; Value = ""; VariantName = "[No Variations]"
Change component parameters (AddParameter): Name = "Voltage"; Value = ""; VariantName = "[No Variations]"
Change component parameters: Designator = "C68" ("C68"); Footprint = "CAP_1210"; UniqueID = "\VKBKBHEP" ("\VKBKBHEP")
Change component parameters (AddParameter): Name = "CreatedBy"; Value = "Jonathan Bouchard"; VariantName = "[No Variations]"
Change component parameters (AddParameter): Name = "Current"; Value = ""; VariantName = "[No Variations]"
Change component parameters (AddParameter): Name = "FootprintNameOK"; Value = ""; VariantName = "[No Variations]"
Change component parameters (AddParameter): Name = "HelpURL"; Value = ""; VariantName = "[No Variations]"
Change component parameters (AddParameter): Name = "Mfg"; Value = ""; VariantName = "[No Variations]"
Change component parameters (AddParameter): Name = "Mfg Part Number"; Value = ""; VariantName = "[No Variations]"
Change component parameters (AddParameter): Name = "NI"; Value = ""; VariantName = "[No Variations]"
Change component parameters (AddParameter): Name = "Package"; Value = "0402"; VariantName = "[No Variations]"
Change component parameters (AddParameter): Name = "Power"; Value = ""; VariantName = "[No Variations]"
Change component parameters (AddParameter): Name = "Precision"; Value = "10%"; VariantName = "[No Variations]"
Change component parameters (AddParameter): Name = "Temperature"; Value = ""; VariantName = "[No Variations]"
Change component parameters (AddParameter): Name = "Value"; Value = "0.47u"; VariantName = "[No Variations]"
Change component parameters (AddParameter): Name = "VerifiedBy"; Value = ""; VariantName = "[No Variations]"
Change component parameters (AddParameter): Name = "Voltage"; Value = "6.3V"; VariantName = "[No Variations]"
Change component parameters: Designator = "C69" ("C69"); Footprint = "CAP_0805"; UniqueID = "\FUHBKSEH" ("\FUHBKSEH")
Change component parameters (AddParameter): Name = "CreatedBy"; Value = "Jonathan Bouchard"; VariantName = "[No Variations]"
Change component parameters (AddParameter): Name = "Current"; Value = ""; VariantName = "[No Variations]"
Change component parameters (AddParameter): Name = "FootprintNameOK"; Value = ""; VariantName = "[No Variations]"
Change component parameters (AddParameter): Name = "HelpURL"; Value = ""; VariantName = "[No Variations]"
Change component parameters (AddParameter): Name = "Mfg"; Value = ""; VariantName = "[No Variations]"
Change component parameters (AddParameter): Name = "Mfg Part Number"; Value = ""; VariantName = "[No Variations]"
Change component parameters (AddParameter): Name = "NI"; Value = ""; VariantName = "[No Variations]"
Change component parameters (AddParameter): Name = "Package"; Value = "1210"; VariantName = "[No Variations]"
Change component parameters (AddParameter): Name = "Power"; Value = ""; VariantName = "[No Variations]"
Change component parameters (AddParameter): Name = "Precision"; Value = "10%"; VariantName = "[No Variations]"
Change component parameters (AddParameter): Name = "Temperature"; Value = ""; VariantName = "[No Variations]"
Change component parameters (AddParameter): Name = "Value"; Value = "100u"; VariantName = "[No Variations]"
Change component parameters (AddParameter): Name = "VerifiedBy"; Value = ""; VariantName = "[No Variations]"
Change component parameters (AddParameter): Name = "Voltage"; Value = "6.3V"; VariantName = "[No Variations]"
Change component parameters: Designator = "C70" ("C70"); Footprint = "CAP_0402"; UniqueID = "\TSQMMTXD" ("\TSQMMTXD")
Change component parameters (AddParameter): Name = "CreatedBy"; Value = "Jonathan Bouchard"; VariantName = "[No Variations]"
Change component parameters (AddParameter): Name = "Current"; Value = ""; VariantName = "[No Variations]"
Change component parameters (AddParameter): Name = "FootprintNameOK"; Value = ""; VariantName = "[No Variations]"
Change component parameters (AddParameter): Name = "HelpURL"; Value = ""; VariantName = "[No Variations]"
Change component parameters (AddParameter): Name = "Mfg"; Value = ""; VariantName = "[No Variations]"
Change component parameters (AddParameter): Name = "Mfg Part Number"; Value = ""; VariantName = "[No Variations]"
Change component parameters (AddParameter): Name = "NI"; Value = ""; VariantName = "[No Variations]"
Change component parameters (AddParameter): Name = "Package"; Value = "0805"; VariantName = "[No Variations]"
Change component parameters (AddParameter): Name = "Power"; Value = ""; VariantName = "[No Variations]"
Change component parameters (AddParameter): Name = "Precision"; Value = "10%"; VariantName = "[No Variations]"
Change component parameters (AddParameter): Name = "Temperature"; Value = ""; VariantName = "[No Variations]"
Change component parameters (AddParameter): Name = "Value"; Value = "4.7u"; VariantName = "[No Variations]"
Change component parameters (AddParameter): Name = "VerifiedBy"; Value = ""; VariantName = "[No Variations]"
Change component parameters (AddParameter): Name = "Voltage"; Value = "6.3V"; VariantName = "[No Variations]"
Change component parameters: Designator = "C72" ("C72"); Footprint = "CAP_1210"; UniqueID = "\FCKYKNFW" ("\FCKYKNFW")
Change component parameters (AddParameter): Name = "CreatedBy"; Value = "Jonathan Bouchard"; VariantName = "[No Variations]"
Change component parameters (AddParameter): Name = "Current"; Value = ""; VariantName = "[No Variations]"
Change component parameters (AddParameter): Name = "FootprintNameOK"; Value = ""; VariantName = "[No Variations]"
Change component parameters (AddParameter): Name = "HelpURL"; Value = ""; VariantName = "[No Variations]"
Change component parameters (AddParameter): Name = "Mfg"; Value = ""; VariantName = "[No Variations]"
Change component parameters (AddParameter): Name = "Mfg Part Number"; Value = ""; VariantName = "[No Variations]"
Change component parameters (AddParameter): Name = "NI"; Value = ""; VariantName = "[No Variations]"
Change component parameters (AddParameter): Name = "Package"; Value = "0402"; VariantName = "[No Variations]"
Change component parameters (AddParameter): Name = "Power"; Value = ""; VariantName = "[No Variations]"
Change component parameters (AddParameter): Name = "Precision"; Value = "10%"; VariantName = "[No Variations]"
Change component parameters (AddParameter): Name = "Temperature"; Value = ""; VariantName = "[No Variations]"
Change component parameters (AddParameter): Name = "Value"; Value = "0.47u"; VariantName = "[No Variations]"
Change component parameters (AddParameter): Name = "VerifiedBy"; Value = ""; VariantName = "[No Variations]"
Change component parameters (AddParameter): Name = "Voltage"; Value = "6.3V"; VariantName = "[No Variations]"
Change component parameters: Designator = "C73" ("C73"); Footprint = "CAP_0805"; UniqueID = "\TCESQYTI" ("\TCESQYTI")
Change component parameters (AddParameter): Name = "CreatedBy"; Value = "Jonathan Bouchard"; VariantName = "[No Variations]"
Change component parameters (AddParameter): Name = "Current"; Value = ""; VariantName = "[No Variations]"
Change component parameters (AddParameter): Name = "FootprintNameOK"; Value = ""; VariantName = "[No Variations]"
Change component parameters (AddParameter): Name = "HelpURL"; Value = ""; VariantName = "[No Variations]"
Change component parameters (AddParameter): Name = "Mfg"; Value = ""; VariantName = "[No Variations]"
Change component parameters (AddParameter): Name = "Mfg Part Number"; Value = ""; VariantName = "[No Variations]"
Change component parameters (AddParameter): Name = "NI"; Value = ""; VariantName = "[No Variations]"
Change component parameters (AddParameter): Name = "Package"; Value = "1210"; VariantName = "[No Variations]"
Change component parameters (AddParameter): Name = "Power"; Value = ""; VariantName = "[No Variations]"
Change component parameters (AddParameter): Name = "Precision"; Value = "10%"; VariantName = "[No Variations]"
Change component parameters (AddParameter): Name = "Temperature"; Value = ""; VariantName = "[No Variations]"
Change component parameters (AddParameter): Name = "Value"; Value = "100u"; VariantName = "[No Variations]"
Change component parameters (AddParameter): Name = "VerifiedBy"; Value = ""; VariantName = "[No Variations]"
Change component parameters (AddParameter): Name = "Voltage"; Value = "6.3V"; VariantName = "[No Variations]"
Change component parameters: Designator = "C77" ("C77"); Footprint = "CAP_0402"; UniqueID = "\BYPFYVPQ" ("\BYPFYVPQ")
Change component parameters (AddParameter): Name = "CreatedBy"; Value = "Jonathan Bouchard"; VariantName = "[No Variations]"
Change component parameters (AddParameter): Name = "Current"; Value = ""; VariantName = "[No Variations]"
Change component parameters (AddParameter): Name = "FootprintNameOK"; Value = ""; VariantName = "[No Variations]"
Change component parameters (AddParameter): Name = "HelpURL"; Value = ""; VariantName = "[No Variations]"
Change component parameters (AddParameter): Name = "Mfg"; Value = ""; VariantName = "[No Variations]"
Change component parameters (AddParameter): Name = "Mfg Part Number"; Value = ""; VariantName = "[No Variations]"
Change component parameters (AddParameter): Name = "NI"; Value = ""; VariantName = "[No Variations]"
Change component parameters (AddParameter): Name = "Package"; Value = "1210"; VariantName = "[No Variations]"
Change component parameters (AddParameter): Name = "Power"; Value = ""; VariantName = "[No Variations]"
Change component parameters (AddParameter): Name = "Precision"; Value = "10%"; VariantName = "[No Variations]"
Change component parameters (AddParameter): Name = "Temperature"; Value = ""; VariantName = "[No Variations]"
Change component parameters (AddParameter): Name = "Value"; Value = "100u"; VariantName = "[No Variations]"
Change component parameters (AddParameter): Name = "VerifiedBy"; Value = ""; VariantName = "[No Variations]"
Change component parameters (AddParameter): Name = "Voltage"; Value = "6.3V"; VariantName = "[No Variations]"
Change component parameters: Designator = "C78" ("C78"); Footprint = "CAP_0402"; UniqueID = "\JYTOOGZT" ("\JYTOOGZT")
Change component parameters (AddParameter): Name = "CreatedBy"; Value = "Jonathan Bouchard"; VariantName = "[No Variations]"
Change component parameters (AddParameter): Name = "Current"; Value = ""; VariantName = "[No Variations]"
Change component parameters (AddParameter): Name = "FootprintNameOK"; Value = ""; VariantName = "[No Variations]"
Change component parameters (AddParameter): Name = "HelpURL"; Value = ""; VariantName = "[No Variations]"
Change component parameters (AddParameter): Name = "Mfg"; Value = ""; VariantName = "[No Variations]"
Change component parameters (AddParameter): Name = "Mfg Part Number"; Value = ""; VariantName = "[No Variations]"
Change component parameters (AddParameter): Name = "NI"; Value = ""; VariantName = "[No Variations]"
Change component parameters (AddParameter): Name = "Package"; Value = "0805"; VariantName = "[No Variations]"
Change component parameters (AddParameter): Name = "Power"; Value = ""; VariantName = "[No Variations]"
Change component parameters (AddParameter): Name = "Precision"; Value = "10%"; VariantName = "[No Variations]"
Change component parameters (AddParameter): Name = "Temperature"; Value = ""; VariantName = "[No Variations]"
Change component parameters (AddParameter): Name = "Value"; Value = "4.7u"; VariantName = "[No Variations]"
Change component parameters (AddParameter): Name = "VerifiedBy"; Value = ""; VariantName = "[No Variations]"
Change component parameters (AddParameter): Name = "Voltage"; Value = "6.3V"; VariantName = "[No Variations]"
Change component parameters: Designator = "C79" ("C79"); Footprint = "CAP_1210"; UniqueID = "\TTCDGGIC" ("\TTCDGGIC")
Change component parameters (AddParameter): Name = "CreatedBy"; Value = "Jonathan Bouchard"; VariantName = "[No Variations]"
Change component parameters (AddParameter): Name = "Current"; Value = ""; VariantName = "[No Variations]"
Change component parameters (AddParameter): Name = "FootprintNameOK"; Value = ""; VariantName = "[No Variations]"
Change component parameters (AddParameter): Name = "HelpURL"; Value = ""; VariantName = "[No Variations]"
Change component parameters (AddParameter): Name = "Mfg"; Value = ""; VariantName = "[No Variations]"
Change component parameters (AddParameter): Name = "Mfg Part Number"; Value = ""; VariantName = "[No Variations]"
Change component parameters (AddParameter): Name = "NI"; Value = ""; VariantName = "[No Variations]"
Change component parameters (AddParameter): Name = "Package"; Value = "0805"; VariantName = "[No Variations]"
Change component parameters (AddParameter): Name = "Power"; Value = ""; VariantName = "[No Variations]"
Change component parameters (AddParameter): Name = "Precision"; Value = "10%"; VariantName = "[No Variations]"
Change component parameters (AddParameter): Name = "Temperature"; Value = ""; VariantName = "[No Variations]"
Change component parameters (AddParameter): Name = "Value"; Value = "4.7u"; VariantName = "[No Variations]"
Change component parameters (AddParameter): Name = "VerifiedBy"; Value = ""; VariantName = "[No Variations]"
Change component parameters (AddParameter): Name = "Voltage"; Value = "6.3V"; VariantName = "[No Variations]"
Change component parameters: Designator = "C80" ("C80"); Footprint = "CAP_1210"; UniqueID = "\KLHYXOTQ" ("\KLHYXOTQ")
Change component parameters (AddParameter): Name = "CreatedBy"; Value = "Jonathan Bouchard"; VariantName = "[No Variations]"
Change component parameters (AddParameter): Name = "Current"; Value = ""; VariantName = "[No Variations]"
Change component parameters (AddParameter): Name = "FootprintNameOK"; Value = ""; VariantName = "[No Variations]"
Change component parameters (AddParameter): Name = "HelpURL"; Value = ""; VariantName = "[No Variations]"
Change component parameters (AddParameter): Name = "Mfg"; Value = ""; VariantName = "[No Variations]"
Change component parameters (AddParameter): Name = "Mfg Part Number"; Value = ""; VariantName = "[No Variations]"
Change component parameters (AddParameter): Name = "NI"; Value = ""; VariantName = "[No Variations]"
Change component parameters (AddParameter): Name = "Package"; Value = "0402"; VariantName = "[No Variations]"
Change component parameters (AddParameter): Name = "Power"; Value = ""; VariantName = "[No Variations]"
Change component parameters (AddParameter): Name = "Precision"; Value = "10%"; VariantName = "[No Variations]"
Change component parameters (AddParameter): Name = "Temperature"; Value = ""; VariantName = "[No Variations]"
Change component parameters (AddParameter): Name = "Value"; Value = "0.47u"; VariantName = "[No Variations]"
Change component parameters (AddParameter): Name = "VerifiedBy"; Value = ""; VariantName = "[No Variations]"
Change component parameters (AddParameter): Name = "Voltage"; Value = "6.3V"; VariantName = "[No Variations]"
Change component parameters: Designator = "C81" ("C81"); Footprint = "CAP_0805"; UniqueID = "\COJPXVLE" ("\COJPXVLE")
Change component parameters (AddParameter): Name = "CreatedBy"; Value = "Jonathan Bouchard"; VariantName = "[No Variations]"
Change component parameters (AddParameter): Name = "Current"; Value = ""; VariantName = "[No Variations]"
Change component parameters (AddParameter): Name = "FootprintNameOK"; Value = ""; VariantName = "[No Variations]"
Change component parameters (AddParameter): Name = "HelpURL"; Value = ""; VariantName = "[No Variations]"
Change component parameters (AddParameter): Name = "Mfg"; Value = ""; VariantName = "[No Variations]"
Change component parameters (AddParameter): Name = "Mfg Part Number"; Value = ""; VariantName = "[No Variations]"
Change component parameters (AddParameter): Name = "NI"; Value = ""; VariantName = "[No Variations]"
Change component parameters (AddParameter): Name = "Package"; Value = "0402"; VariantName = "[No Variations]"
Change component parameters (AddParameter): Name = "Power"; Value = ""; VariantName = "[No Variations]"
Change component parameters (AddParameter): Name = "Precision"; Value = "10%"; VariantName = "[No Variations]"
Change component parameters (AddParameter): Name = "Temperature"; Value = ""; VariantName = "[No Variations]"
Change component parameters (AddParameter): Name = "Value"; Value = "0.47u"; VariantName = "[No Variations]"
Change component parameters (AddParameter): Name = "VerifiedBy"; Value = ""; VariantName = "[No Variations]"
Change component parameters (AddParameter): Name = "Voltage"; Value = "6.3V"; VariantName = "[No Variations]"
Change component parameters: Designator = "C82" ("C82"); Footprint = "CAP_0805"; UniqueID = "\KZYMMVJY" ("\KZYMMVJY")
Change component parameters (AddParameter): Name = "CreatedBy"; Value = "Jonathan Bouchard"; VariantName = "[No Variations]"
Change component parameters (AddParameter): Name = "Current"; Value = ""; VariantName = "[No Variations]"
Change component parameters (AddParameter): Name = "FootprintNameOK"; Value = ""; VariantName = "[No Variations]"
Change component parameters (AddParameter): Name = "HelpURL"; Value = ""; VariantName = "[No Variations]"
Change component parameters (AddParameter): Name = "Mfg"; Value = ""; VariantName = "[No Variations]"
Change component parameters (AddParameter): Name = "Mfg Part Number"; Value = ""; VariantName = "[No Variations]"
Change component parameters (AddParameter): Name = "NI"; Value = ""; VariantName = "[No Variations]"
Change component parameters (AddParameter): Name = "Package"; Value = "0402"; VariantName = "[No Variations]"
Change component parameters (AddParameter): Name = "Power"; Value = ""; VariantName = "[No Variations]"
Change component parameters (AddParameter): Name = "Precision"; Value = "10%"; VariantName = "[No Variations]"
Change component parameters (AddParameter): Name = "Temperature"; Value = ""; VariantName = "[No Variations]"
Change component parameters (AddParameter): Name = "Value"; Value = "0.47u"; VariantName = "[No Variations]"
Change component parameters (AddParameter): Name = "VerifiedBy"; Value = ""; VariantName = "[No Variations]"
Change component parameters (AddParameter): Name = "Voltage"; Value = "6.3V"; VariantName = "[No Variations]"
Change component parameters: Designator = "C83" ("C83"); Footprint = "CAP_0805"; UniqueID = "\QJNWKKNA" ("\QJNWKKNA")
Change component parameters (AddParameter): Name = "CreatedBy"; Value = "Jonathan Bouchard"; VariantName = "[No Variations]"
Change component parameters (AddParameter): Name = "Current"; Value = ""; VariantName = "[No Variations]"
Change component parameters (AddParameter): Name = "FootprintNameOK"; Value = ""; VariantName = "[No Variations]"
Change component parameters (AddParameter): Name = "HelpURL"; Value = ""; VariantName = "[No Variations]"
Change component parameters (AddParameter): Name = "Mfg"; Value = ""; VariantName = "[No Variations]"
Change component parameters (AddParameter): Name = "Mfg Part Number"; Value = ""; VariantName = "[No Variations]"
Change component parameters (AddParameter): Name = "NI"; Value = ""; VariantName = "[No Variations]"
Change component parameters (AddParameter): Name = "Package"; Value = "0402"; VariantName = "[No Variations]"
Change component parameters (AddParameter): Name = "Power"; Value = ""; VariantName = "[No Variations]"
Change component parameters (AddParameter): Name = "Precision"; Value = "10%"; VariantName = "[No Variations]"
Change component parameters (AddParameter): Name = "Temperature"; Value = ""; VariantName = "[No Variations]"
Change component parameters (AddParameter): Name = "Value"; Value = "0.47u"; VariantName = "[No Variations]"
Change component parameters (AddParameter): Name = "VerifiedBy"; Value = ""; VariantName = "[No Variations]"
Change component parameters (AddParameter): Name = "Voltage"; Value = "6.3V"; VariantName = "[No Variations]"
Change component parameters: Designator = "C84" ("C84"); Footprint = "CAP_0402"; UniqueID = "\FARGBWDX" ("\FARGBWDX")
Change component parameters (AddParameter): Name = "CreatedBy"; Value = "Jonathan Bouchard"; VariantName = "[No Variations]"
Change component parameters (AddParameter): Name = "Current"; Value = ""; VariantName = "[No Variations]"
Change component parameters (AddParameter): Name = "FootprintNameOK"; Value = ""; VariantName = "[No Variations]"
Change component parameters (AddParameter): Name = "HelpURL"; Value = ""; VariantName = "[No Variations]"
Change component parameters (AddParameter): Name = "Mfg"; Value = ""; VariantName = "[No Variations]"
Change component parameters (AddParameter): Name = "Mfg Part Number"; Value = ""; VariantName = "[No Variations]"
Change component parameters (AddParameter): Name = "NI"; Value = ""; VariantName = "[No Variations]"
Change component parameters (AddParameter): Name = "Package"; Value = "1210"; VariantName = "[No Variations]"
Change component parameters (AddParameter): Name = "Power"; Value = ""; VariantName = "[No Variations]"
Change component parameters (AddParameter): Name = "Precision"; Value = "10%"; VariantName = "[No Variations]"
Change component parameters (AddParameter): Name = "Temperature"; Value = ""; VariantName = "[No Variations]"
Change component parameters (AddParameter): Name = "Value"; Value = "100u"; VariantName = "[No Variations]"
Change component parameters (AddParameter): Name = "VerifiedBy"; Value = ""; VariantName = "[No Variations]"
Change component parameters (AddParameter): Name = "Voltage"; Value = "6.3V"; VariantName = "[No Variations]"
Change component parameters: Designator = "C85" ("C85"); Footprint = "CAP_0402"; UniqueID = "\PMETZOCG" ("\PMETZOCG")
Change component parameters (AddParameter): Name = "CreatedBy"; Value = "Jonathan Bouchard"; VariantName = "[No Variations]"
Change component parameters (AddParameter): Name = "Current"; Value = ""; VariantName = "[No Variations]"
Change component parameters (AddParameter): Name = "FootprintNameOK"; Value = ""; VariantName = "[No Variations]"
Change component parameters (AddParameter): Name = "HelpURL"; Value = ""; VariantName = "[No Variations]"
Change component parameters (AddParameter): Name = "Mfg"; Value = ""; VariantName = "[No Variations]"
Change component parameters (AddParameter): Name = "Mfg Part Number"; Value = ""; VariantName = "[No Variations]"
Change component parameters (AddParameter): Name = "NI"; Value = ""; VariantName = "[No Variations]"
Change component parameters (AddParameter): Name = "Package"; Value = "1210"; VariantName = "[No Variations]"
Change component parameters (AddParameter): Name = "Power"; Value = ""; VariantName = "[No Variations]"
Change component parameters (AddParameter): Name = "Precision"; Value = "10%"; VariantName = "[No Variations]"
Change component parameters (AddParameter): Name = "Temperature"; Value = ""; VariantName = "[No Variations]"
Change component parameters (AddParameter): Name = "Value"; Value = "100u"; VariantName = "[No Variations]"
Change component parameters (AddParameter): Name = "VerifiedBy"; Value = ""; VariantName = "[No Variations]"
Change component parameters (AddParameter): Name = "Voltage"; Value = "6.3V"; VariantName = "[No Variations]"
Change component parameters: Designator = "C86" ("C86"); Footprint = "CAP_0402"; UniqueID = "\YHIKTPWC" ("\YHIKTPWC")
Change component parameters (AddParameter): Name = "CreatedBy"; Value = "Jonathan Bouchard"; VariantName = "[No Variations]"
Change component parameters (AddParameter): Name = "Current"; Value = ""; VariantName = "[No Variations]"
Change component parameters (AddParameter): Name = "FootprintNameOK"; Value = ""; VariantName = "[No Variations]"
Change component parameters (AddParameter): Name = "HelpURL"; Value = ""; VariantName = "[No Variations]"
Change component parameters (AddParameter): Name = "Mfg"; Value = ""; VariantName = "[No Variations]"
Change component parameters (AddParameter): Name = "Mfg Part Number"; Value = ""; VariantName = "[No Variations]"
Change component parameters (AddParameter): Name = "NI"; Value = ""; VariantName = "[No Variations]"
Change component parameters (AddParameter): Name = "Package"; Value = "0805"; VariantName = "[No Variations]"
Change component parameters (AddParameter): Name = "Power"; Value = ""; VariantName = "[No Variations]"
Change component parameters (AddParameter): Name = "Precision"; Value = "10%"; VariantName = "[No Variations]"
Change component parameters (AddParameter): Name = "Temperature"; Value = ""; VariantName = "[No Variations]"
Change component parameters (AddParameter): Name = "Value"; Value = "4.7u"; VariantName = "[No Variations]"
Change component parameters (AddParameter): Name = "VerifiedBy"; Value = ""; VariantName = "[No Variations]"
Change component parameters (AddParameter): Name = "Voltage"; Value = "6.3V"; VariantName = "[No Variations]"
Change component parameters: Designator = "C87" ("C87"); Footprint = "CAP_0402"; UniqueID = "\IYOQZRPK" ("\IYOQZRPK")
Change component parameters (AddParameter): Name = "CreatedBy"; Value = "Jonathan Bouchard"; VariantName = "[No Variations]"
Change component parameters (AddParameter): Name = "Current"; Value = ""; VariantName = "[No Variations]"
Change component parameters (AddParameter): Name = "FootprintNameOK"; Value = ""; VariantName = "[No Variations]"
Change component parameters (AddParameter): Name = "HelpURL"; Value = ""; VariantName = "[No Variations]"
Change component parameters (AddParameter): Name = "Mfg"; Value = ""; VariantName = "[No Variations]"
Change component parameters (AddParameter): Name = "Mfg Part Number"; Value = ""; VariantName = "[No Variations]"
Change component parameters (AddParameter): Name = "NI"; Value = ""; VariantName = "[No Variations]"
Change component parameters (AddParameter): Name = "Package"; Value = "0805"; VariantName = "[No Variations]"
Change component parameters (AddParameter): Name = "Power"; Value = ""; VariantName = "[No Variations]"
Change component parameters (AddParameter): Name = "Precision"; Value = "10%"; VariantName = "[No Variations]"
Change component parameters (AddParameter): Name = "Temperature"; Value = ""; VariantName = "[No Variations]"
Change component parameters (AddParameter): Name = "Value"; Value = "4.7u"; VariantName = "[No Variations]"
Change component parameters (AddParameter): Name = "VerifiedBy"; Value = ""; VariantName = "[No Variations]"
Change component parameters (AddParameter): Name = "Voltage"; Value = "6.3V"; VariantName = "[No Variations]"
Change component parameters: Designator = "C88" ("C88"); Footprint = "CAP_0402"; UniqueID = "\OVYMQUEY" ("\OVYMQUEY")
Change component parameters (AddParameter): Name = "CreatedBy"; Value = "Jonathan Bouchard"; VariantName = "[No Variations]"
Change component parameters (AddParameter): Name = "Current"; Value = ""; VariantName = "[No Variations]"
Change component parameters (AddParameter): Name = "FootprintNameOK"; Value = ""; VariantName = "[No Variations]"
Change component parameters (AddParameter): Name = "HelpURL"; Value = ""; VariantName = "[No Variations]"
Change component parameters (AddParameter): Name = "Mfg"; Value = ""; VariantName = "[No Variations]"
Change component parameters (AddParameter): Name = "Mfg Part Number"; Value = ""; VariantName = "[No Variations]"
Change component parameters (AddParameter): Name = "NI"; Value = ""; VariantName = "[No Variations]"
Change component parameters (AddParameter): Name = "Package"; Value = "0805"; VariantName = "[No Variations]"
Change component parameters (AddParameter): Name = "Power"; Value = ""; VariantName = "[No Variations]"
Change component parameters (AddParameter): Name = "Precision"; Value = "10%"; VariantName = "[No Variations]"
Change component parameters (AddParameter): Name = "Temperature"; Value = ""; VariantName = "[No Variations]"
Change component parameters (AddParameter): Name = "Value"; Value = "4.7u"; VariantName = "[No Variations]"
Change component parameters (AddParameter): Name = "VerifiedBy"; Value = ""; VariantName = "[No Variations]"
Change component parameters (AddParameter): Name = "Voltage"; Value = "6.3V"; VariantName = "[No Variations]"
Change component parameters: Designator = "C95" ("C95"); Footprint = "CAP_0402"; UniqueID = "\WNHEFKPB" ("\WNHEFKPB")
Change component parameters (AddParameter): Name = "CreatedBy"; Value = "Jonathan Bouchard"; VariantName = "[No Variations]"
Change component parameters (AddParameter): Name = "Current"; Value = ""; VariantName = "[No Variations]"
Change component parameters (AddParameter): Name = "FootprintNameOK"; Value = ""; VariantName = "[No Variations]"
Change component parameters (AddParameter): Name = "HelpURL"; Value = ""; VariantName = "[No Variations]"
Change component parameters (AddParameter): Name = "Mfg"; Value = ""; VariantName = "[No Variations]"
Change component parameters (AddParameter): Name = "Mfg Part Number"; Value = ""; VariantName = "[No Variations]"
Change component parameters (AddParameter): Name = "NI"; Value = ""; VariantName = "[No Variations]"
Change component parameters (AddParameter): Name = "Package"; Value = "0805"; VariantName = "[No Variations]"
Change component parameters (AddParameter): Name = "Power"; Value = ""; VariantName = "[No Variations]"
Change component parameters (AddParameter): Name = "Precision"; Value = "10%"; VariantName = "[No Variations]"
Change component parameters (AddParameter): Name = "Temperature"; Value = ""; VariantName = "[No Variations]"
Change component parameters (AddParameter): Name = "Value"; Value = "22uF"; VariantName = "[No Variations]"
Change component parameters (AddParameter): Name = "VerifiedBy"; Value = ""; VariantName = "[No Variations]"
Change component parameters (AddParameter): Name = "Voltage"; Value = "50V"; VariantName = "[No Variations]"
Change component parameters: Designator = "C104" ("C104"); Footprint = "CAP_0402"; UniqueID = "\GOUQIAIJ" ("\GOUQIAIJ")
Change component parameters (AddParameter): Name = "CreatedBy"; Value = "Jonathan Bouchard"; VariantName = "[No Variations]"
Change component parameters (AddParameter): Name = "Current"; Value = ""; VariantName = "[No Variations]"
Change component parameters (AddParameter): Name = "FootprintNameOK"; Value = ""; VariantName = "[No Variations]"
Change component parameters (AddParameter): Name = "HelpURL"; Value = ""; VariantName = "[No Variations]"
Change component parameters (AddParameter): Name = "Mfg"; Value = ""; VariantName = "[No Variations]"
Change component parameters (AddParameter): Name = "Mfg Part Number"; Value = ""; VariantName = "[No Variations]"
Change component parameters (AddParameter): Name = "NI"; Value = ""; VariantName = "[No Variations]"
Change component parameters (AddParameter): Name = "Package"; Value = "0805"; VariantName = "[No Variations]"
Change component parameters (AddParameter): Name = "Power"; Value = ""; VariantName = "[No Variations]"
Change component parameters (AddParameter): Name = "Precision"; Value = "10%"; VariantName = "[No Variations]"
Change component parameters (AddParameter): Name = "Temperature"; Value = ""; VariantName = "[No Variations]"
Change component parameters (AddParameter): Name = "Value"; Value = "10uF"; VariantName = "[No Variations]"
Change component parameters (AddParameter): Name = "VerifiedBy"; Value = ""; VariantName = "[No Variations]"
Change component parameters (AddParameter): Name = "Voltage"; Value = "10V"; VariantName = "[No Variations]"
Change component parameters: Designator = "C113" ("C113"); Footprint = "CAP_0805"; UniqueID = "\IMPQJLXE" ("\IMPQJLXE")
Change component parameters (AddParameter): Name = "CreatedBy"; Value = "Jonathan Bouchard"; VariantName = "[No Variations]"
Change component parameters (AddParameter): Name = "Current"; Value = ""; VariantName = "[No Variations]"
Change component parameters (AddParameter): Name = "FootprintNameOK"; Value = ""; VariantName = "[No Variations]"
Change component parameters (AddParameter): Name = "HelpURL"; Value = ""; VariantName = "[No Variations]"
Change component parameters (AddParameter): Name = "Mfg"; Value = ""; VariantName = "[No Variations]"
Change component parameters (AddParameter): Name = "Mfg Part Number"; Value = ""; VariantName = "[No Variations]"
Change component parameters (AddParameter): Name = "NI"; Value = ""; VariantName = "[No Variations]"
Change component parameters (AddParameter): Name = "Package"; Value = "0402"; VariantName = "[No Variations]"
Change component parameters (AddParameter): Name = "Power"; Value = ""; VariantName = "[No Variations]"
Change component parameters (AddParameter): Name = "Precision"; Value = "10%"; VariantName = "[No Variations]"
Change component parameters (AddParameter): Name = "Temperature"; Value = ""; VariantName = "[No Variations]"
Change component parameters (AddParameter): Name = "Value"; Value = "1uF"; VariantName = "[No Variations]"
Change component parameters (AddParameter): Name = "VerifiedBy"; Value = ""; VariantName = "[No Variations]"
Change component parameters (AddParameter): Name = "Voltage"; Value = "10V"; VariantName = "[No Variations]"
Change component parameters: Designator = "R67" ("R67"); Footprint = "RES_0805"; UniqueID = "\DAFIRGKH" ("\DAFIRGKH")
Change component parameters (AddParameter): Name = "CreatedBy"; Value = "Jonathan Bouchard"; VariantName = "[No Variations]"
Change component parameters (AddParameter): Name = "Current"; Value = ""; VariantName = "[No Variations]"
Change component parameters (AddParameter): Name = "FootprintNameOK"; Value = ""; VariantName = "[No Variations]"
Change component parameters (AddParameter): Name = "HelpURL"; Value = ""; VariantName = "[No Variations]"
Change component parameters (AddParameter): Name = "Mfg"; Value = ""; VariantName = "[No Variations]"
Change component parameters (AddParameter): Name = "Mfg Part Number"; Value = ""; VariantName = "[No Variations]"
Change component parameters (AddParameter): Name = "NI"; Value = ""; VariantName = "[No Variations]"
Change component parameters (AddParameter): Name = "Package"; Value = "0603"; VariantName = "[No Variations]"
Change component parameters (AddParameter): Name = "Power"; Value = ""; VariantName = "[No Variations]"
Change component parameters (AddParameter): Name = "Precision"; Value = "1%"; VariantName = "[No Variations]"
Change component parameters (AddParameter): Name = "Temperature"; Value = ""; VariantName = "[No Variations]"
Change component parameters (AddParameter): Name = "Value"; Value = "10k"; VariantName = "[No Variations]"
Change component parameters (AddParameter): Name = "VerifiedBy"; Value = ""; VariantName = "[No Variations]"
Change component parameters (AddParameter): Name = "Voltage"; Value = ""; VariantName = "[No Variations]"
Change component parameters: Designator = "C56" ("C56"); Footprint = "CAP_0402"; UniqueID = "\GAZUFASQ" ("\GAZUFASQ")
Change component parameters (AddParameter): Name = "CreatedBy"; Value = "Jonathan Bouchard"; VariantName = "[No Variations]"
Change component parameters (AddParameter): Name = "Current"; Value = ""; VariantName = "[No Variations]"
Change component parameters (AddParameter): Name = "FootprintNameOK"; Value = ""; VariantName = "[No Variations]"
Change component parameters (AddParameter): Name = "HelpURL"; Value = ""; VariantName = "[No Variations]"
Change component parameters (AddParameter): Name = "Mfg"; Value = ""; VariantName = "[No Variations]"
Change component parameters (AddParameter): Name = "Mfg Part Number"; Value = ""; VariantName = "[No Variations]"
Change component parameters (AddParameter): Name = "NI"; Value = ""; VariantName = "[No Variations]"
Change component parameters (AddParameter): Name = "Package"; Value = "0402"; VariantName = "[No Variations]"
Change component parameters (AddParameter): Name = "Power"; Value = ""; VariantName = "[No Variations]"
Change component parameters (AddParameter): Name = "Precision"; Value = "10%"; VariantName = "[No Variations]"
Change component parameters (AddParameter): Name = "Temperature"; Value = ""; VariantName = "[No Variations]"
Change component parameters (AddParameter): Name = "Value"; Value = "10u"; VariantName = "[No Variations]"
Change component parameters (AddParameter): Name = "VerifiedBy"; Value = ""; VariantName = "[No Variations]"
Change component parameters (AddParameter): Name = "Voltage"; Value = "50V"; VariantName = "[No Variations]"
Change component parameters: Designator = "C57" ("C57"); Footprint = "CAP_0402"; UniqueID = "\CXUWLJHI" ("\CXUWLJHI")
Change component parameters (AddParameter): Name = "CreatedBy"; Value = "Jonathan Bouchard"; VariantName = "[No Variations]"
Change component parameters (AddParameter): Name = "Current"; Value = ""; VariantName = "[No Variations]"
Change component parameters (AddParameter): Name = "FootprintNameOK"; Value = ""; VariantName = "[No Variations]"
Change component parameters (AddParameter): Name = "HelpURL"; Value = ""; VariantName = "[No Variations]"
Change component parameters (AddParameter): Name = "Mfg"; Value = ""; VariantName = "[No Variations]"
Change component parameters (AddParameter): Name = "Mfg Part Number"; Value = ""; VariantName = "[No Variations]"
Change component parameters (AddParameter): Name = "NI"; Value = ""; VariantName = "[No Variations]"
Change component parameters (AddParameter): Name = "Package"; Value = "0402"; VariantName = "[No Variations]"
Change component parameters (AddParameter): Name = "Power"; Value = ""; VariantName = "[No Variations]"
Change component parameters (AddParameter): Name = "Precision"; Value = "10%"; VariantName = "[No Variations]"
Change component parameters (AddParameter): Name = "Temperature"; Value = ""; VariantName = "[No Variations]"
Change component parameters (AddParameter): Name = "Value"; Value = "0.01u"; VariantName = "[No Variations]"
Change component parameters (AddParameter): Name = "VerifiedBy"; Value = ""; VariantName = "[No Variations]"
Change component parameters (AddParameter): Name = "Voltage"; Value = "50V"; VariantName = "[No Variations]"
Change component parameters: Designator = "C58" ("C58"); Footprint = "CAP_0402"; UniqueID = "\LZAPXJLV" ("\LZAPXJLV")
Change component parameters (AddParameter): Name = "CreatedBy"; Value = "Jonathan Bouchard"; VariantName = "[No Variations]"
Change component parameters (AddParameter): Name = "Current"; Value = ""; VariantName = "[No Variations]"
Change component parameters (AddParameter): Name = "FootprintNameOK"; Value = ""; VariantName = "[No Variations]"
Change component parameters (AddParameter): Name = "HelpURL"; Value = ""; VariantName = "[No Variations]"
Change component parameters (AddParameter): Name = "Mfg"; Value = ""; VariantName = "[No Variations]"
Change component parameters (AddParameter): Name = "Mfg Part Number"; Value = ""; VariantName = "[No Variations]"
Change component parameters (AddParameter): Name = "NI"; Value = ""; VariantName = "[No Variations]"
Change component parameters (AddParameter): Name = "Package"; Value = "0402"; VariantName = "[No Variations]"
Change component parameters (AddParameter): Name = "Power"; Value = ""; VariantName = "[No Variations]"
Change component parameters (AddParameter): Name = "Precision"; Value = "10%"; VariantName = "[No Variations]"
Change component parameters (AddParameter): Name = "Temperature"; Value = ""; VariantName = "[No Variations]"
Change component parameters (AddParameter): Name = "Value"; Value = "0.01u"; VariantName = "[No Variations]"
Change component parameters (AddParameter): Name = "VerifiedBy"; Value = ""; VariantName = "[No Variations]"
Change component parameters (AddParameter): Name = "Voltage"; Value = "50V"; VariantName = "[No Variations]"
Change component parameters: Designator = "C91" ("C91"); Footprint = "CAP_0402"; UniqueID = "\SADLWXAZ" ("\SADLWXAZ")
Change component parameters (AddParameter): Name = "CreatedBy"; Value = "Jonathan Bouchard"; VariantName = "[No Variations]"
Change component parameters (AddParameter): Name = "Current"; Value = ""; VariantName = "[No Variations]"
Change component parameters (AddParameter): Name = "FootprintNameOK"; Value = ""; VariantName = "[No Variations]"
Change component parameters (AddParameter): Name = "HelpURL"; Value = ""; VariantName = "[No Variations]"
Change component parameters (AddParameter): Name = "Mfg"; Value = ""; VariantName = "[No Variations]"
Change component parameters (AddParameter): Name = "Mfg Part Number"; Value = ""; VariantName = "[No Variations]"
Change component parameters (AddParameter): Name = "NI"; Value = ""; VariantName = "[No Variations]"
Change component parameters (AddParameter): Name = "Package"; Value = "0402"; VariantName = "[No Variations]"
Change component parameters (AddParameter): Name = "Power"; Value = ""; VariantName = "[No Variations]"
Change component parameters (AddParameter): Name = "Precision"; Value = "10%"; VariantName = "[No Variations]"
Change component parameters (AddParameter): Name = "Temperature"; Value = ""; VariantName = "[No Variations]"
Change component parameters (AddParameter): Name = "Value"; Value = "0.47u"; VariantName = "[No Variations]"
Change component parameters (AddParameter): Name = "VerifiedBy"; Value = ""; VariantName = "[No Variations]"
Change component parameters (AddParameter): Name = "Voltage"; Value = "6.3V"; VariantName = "[No Variations]"
Change component parameters: Designator = "C92" ("C92"); Footprint = "CAP_0402"; UniqueID = "\GPMNPXXT" ("\GPMNPXXT")
Change component parameters (AddParameter): Name = "CreatedBy"; Value = "Jonathan Bouchard"; VariantName = "[No Variations]"
Change component parameters (AddParameter): Name = "Current"; Value = ""; VariantName = "[No Variations]"
Change component parameters (AddParameter): Name = "FootprintNameOK"; Value = ""; VariantName = "[No Variations]"
Change component parameters (AddParameter): Name = "HelpURL"; Value = ""; VariantName = "[No Variations]"
Change component parameters (AddParameter): Name = "Mfg"; Value = ""; VariantName = "[No Variations]"
Change component parameters (AddParameter): Name = "Mfg Part Number"; Value = ""; VariantName = "[No Variations]"
Change component parameters (AddParameter): Name = "NI"; Value = ""; VariantName = "[No Variations]"
Change component parameters (AddParameter): Name = "Package"; Value = "0402"; VariantName = "[No Variations]"
Change component parameters (AddParameter): Name = "Power"; Value = ""; VariantName = "[No Variations]"
Change component parameters (AddParameter): Name = "Precision"; Value = "10%"; VariantName = "[No Variations]"
Change component parameters (AddParameter): Name = "Temperature"; Value = ""; VariantName = "[No Variations]"
Change component parameters (AddParameter): Name = "Value"; Value = "0.47u"; VariantName = "[No Variations]"
Change component parameters (AddParameter): Name = "VerifiedBy"; Value = ""; VariantName = "[No Variations]"
Change component parameters (AddParameter): Name = "Voltage"; Value = "6.3V"; VariantName = "[No Variations]"
Change component parameters: Designator = "C93" ("C93"); Footprint = "CAP_0402"; UniqueID = "\GATPGUOX" ("\GATPGUOX")
Change component parameters (AddParameter): Name = "CreatedBy"; Value = "Jonathan Bouchard"; VariantName = "[No Variations]"
Change component parameters (AddParameter): Name = "Current"; Value = ""; VariantName = "[No Variations]"
Change component parameters (AddParameter): Name = "FootprintNameOK"; Value = ""; VariantName = "[No Variations]"
Change component parameters (AddParameter): Name = "HelpURL"; Value = ""; VariantName = "[No Variations]"
Change component parameters (AddParameter): Name = "Mfg"; Value = ""; VariantName = "[No Variations]"
Change component parameters (AddParameter): Name = "Mfg Part Number"; Value = ""; VariantName = "[No Variations]"
Change component parameters (AddParameter): Name = "NI"; Value = ""; VariantName = "[No Variations]"
Change component parameters (AddParameter): Name = "Package"; Value = "0402"; VariantName = "[No Variations]"
Change component parameters (AddParameter): Name = "Power"; Value = ""; VariantName = "[No Variations]"
Change component parameters (AddParameter): Name = "Precision"; Value = "10%"; VariantName = "[No Variations]"
Change component parameters (AddParameter): Name = "Temperature"; Value = ""; VariantName = "[No Variations]"
Change component parameters (AddParameter): Name = "Value"; Value = "0.47u"; VariantName = "[No Variations]"
Change component parameters (AddParameter): Name = "VerifiedBy"; Value = ""; VariantName = "[No Variations]"
Change component parameters (AddParameter): Name = "Voltage"; Value = "6.3V"; VariantName = "[No Variations]"
Change component parameters: Designator = "C94" ("C94"); Footprint = "CAP_0402"; UniqueID = "\KTOAJHTM" ("\KTOAJHTM")
Change component parameters (AddParameter): Name = "CreatedBy"; Value = "Jonathan Bouchard"; VariantName = "[No Variations]"
Change component parameters (AddParameter): Name = "Current"; Value = ""; VariantName = "[No Variations]"
Change component parameters (AddParameter): Name = "FootprintNameOK"; Value = ""; VariantName = "[No Variations]"
Change component parameters (AddParameter): Name = "HelpURL"; Value = ""; VariantName = "[No Variations]"
Change component parameters (AddParameter): Name = "Mfg"; Value = ""; VariantName = "[No Variations]"
Change component parameters (AddParameter): Name = "Mfg Part Number"; Value = ""; VariantName = "[No Variations]"
Change component parameters (AddParameter): Name = "NI"; Value = ""; VariantName = "[No Variations]"
Change component parameters (AddParameter): Name = "Package"; Value = "0402"; VariantName = "[No Variations]"
Change component parameters (AddParameter): Name = "Power"; Value = ""; VariantName = "[No Variations]"
Change component parameters (AddParameter): Name = "Precision"; Value = "10%"; VariantName = "[No Variations]"
Change component parameters (AddParameter): Name = "Temperature"; Value = ""; VariantName = "[No Variations]"
Change component parameters (AddParameter): Name = "Value"; Value = "0.47u"; VariantName = "[No Variations]"
Change component parameters (AddParameter): Name = "VerifiedBy"; Value = ""; VariantName = "[No Variations]"
Change component parameters (AddParameter): Name = "Voltage"; Value = "6.3V"; VariantName = "[No Variations]"
Change component parameters: Designator = "C99" ("C99"); Footprint = "CAP_0402"; UniqueID = "\OHUEJEZY" ("\OHUEJEZY")
Change component parameters (AddParameter): Name = "CreatedBy"; Value = "Jonathan Bouchard"; VariantName = "[No Variations]"
Change component parameters (AddParameter): Name = "Current"; Value = ""; VariantName = "[No Variations]"
Change component parameters (AddParameter): Name = "FootprintNameOK"; Value = ""; VariantName = "[No Variations]"
Change component parameters (AddParameter): Name = "HelpURL"; Value = ""; VariantName = "[No Variations]"
Change component parameters (AddParameter): Name = "Mfg"; Value = ""; VariantName = "[No Variations]"
Change component parameters (AddParameter): Name = "Mfg Part Number"; Value = ""; VariantName = "[No Variations]"
Change component parameters (AddParameter): Name = "NI"; Value = ""; VariantName = "[No Variations]"
Change component parameters (AddParameter): Name = "Package"; Value = "0402"; VariantName = "[No Variations]"
Change component parameters (AddParameter): Name = "Power"; Value = ""; VariantName = "[No Variations]"
Change component parameters (AddParameter): Name = "Precision"; Value = "10%"; VariantName = "[No Variations]"
Change component parameters (AddParameter): Name = "Temperature"; Value = ""; VariantName = "[No Variations]"
Change component parameters (AddParameter): Name = "Value"; Value = "10u"; VariantName = "[No Variations]"
Change component parameters (AddParameter): Name = "VerifiedBy"; Value = ""; VariantName = "[No Variations]"
Change component parameters (AddParameter): Name = "Voltage"; Value = "50V"; VariantName = "[No Variations]"
Change component parameters: Designator = "C100" ("C100"); Footprint = "CAP_0402"; UniqueID = "\QAJLWXCR" ("\QAJLWXCR")
Change component parameters (AddParameter): Name = "CreatedBy"; Value = "Jonathan Bouchard"; VariantName = "[No Variations]"
Change component parameters (AddParameter): Name = "Current"; Value = ""; VariantName = "[No Variations]"
Change component parameters (AddParameter): Name = "FootprintNameOK"; Value = ""; VariantName = "[No Variations]"
Change component parameters (AddParameter): Name = "HelpURL"; Value = ""; VariantName = "[No Variations]"
Change component parameters (AddParameter): Name = "Mfg"; Value = ""; VariantName = "[No Variations]"
Change component parameters (AddParameter): Name = "Mfg Part Number"; Value = ""; VariantName = "[No Variations]"
Change component parameters (AddParameter): Name = "NI"; Value = ""; VariantName = "[No Variations]"
Change component parameters (AddParameter): Name = "Package"; Value = "0402"; VariantName = "[No Variations]"
Change component parameters (AddParameter): Name = "Power"; Value = ""; VariantName = "[No Variations]"
Change component parameters (AddParameter): Name = "Precision"; Value = "10%"; VariantName = "[No Variations]"
Change component parameters (AddParameter): Name = "Temperature"; Value = ""; VariantName = "[No Variations]"
Change component parameters (AddParameter): Name = "Value"; Value = "1u"; VariantName = "[No Variations]"
Change component parameters (AddParameter): Name = "VerifiedBy"; Value = ""; VariantName = "[No Variations]"
Change component parameters (AddParameter): Name = "Voltage"; Value = "50V"; VariantName = "[No Variations]"
Change component parameters: Designator = "C101" ("C101"); Footprint = "CAP_0402"; UniqueID = "\MHYZDJEH" ("\MHYZDJEH")
Change component parameters (AddParameter): Name = "CreatedBy"; Value = "Jonathan Bouchard"; VariantName = "[No Variations]"
Change component parameters (AddParameter): Name = "Current"; Value = ""; VariantName = "[No Variations]"
Change component parameters (AddParameter): Name = "FootprintNameOK"; Value = ""; VariantName = "[No Variations]"
Change component parameters (AddParameter): Name = "HelpURL"; Value = ""; VariantName = "[No Variations]"
Change component parameters (AddParameter): Name = "Mfg"; Value = ""; VariantName = "[No Variations]"
Change component parameters (AddParameter): Name = "Mfg Part Number"; Value = ""; VariantName = "[No Variations]"
Change component parameters (AddParameter): Name = "NI"; Value = ""; VariantName = "[No Variations]"
Change component parameters (AddParameter): Name = "Package"; Value = "0402"; VariantName = "[No Variations]"
Change component parameters (AddParameter): Name = "Power"; Value = ""; VariantName = "[No Variations]"
Change component parameters (AddParameter): Name = "Precision"; Value = "10%"; VariantName = "[No Variations]"
Change component parameters (AddParameter): Name = "Temperature"; Value = ""; VariantName = "[No Variations]"
Change component parameters (AddParameter): Name = "Value"; Value = "1nF"; VariantName = "[No Variations]"
Change component parameters (AddParameter): Name = "VerifiedBy"; Value = ""; VariantName = "[No Variations]"
Change component parameters (AddParameter): Name = "Voltage"; Value = "50V"; VariantName = "[No Variations]"
Change component parameters: Designator = "C103" ("C103"); Footprint = "CAP_0805"; UniqueID = "\BYNXWOCI" ("\BYNXWOCI")
Change component parameters (AddParameter): Name = "CreatedBy"; Value = "Jonathan Bouchard"; VariantName = "[No Variations]"
Change component parameters (AddParameter): Name = "Current"; Value = ""; VariantName = "[No Variations]"
Change component parameters (AddParameter): Name = "FootprintNameOK"; Value = ""; VariantName = "[No Variations]"
Change component parameters (AddParameter): Name = "HelpURL"; Value = ""; VariantName = "[No Variations]"
Change component parameters (AddParameter): Name = "Mfg"; Value = ""; VariantName = "[No Variations]"
Change component parameters (AddParameter): Name = "Mfg Part Number"; Value = ""; VariantName = "[No Variations]"
Change component parameters (AddParameter): Name = "NI"; Value = ""; VariantName = "[No Variations]"
Change component parameters (AddParameter): Name = "Package"; Value = "0805"; VariantName = "[No Variations]"
Change component parameters (AddParameter): Name = "Power"; Value = ""; VariantName = "[No Variations]"
Change component parameters (AddParameter): Name = "Precision"; Value = "10%"; VariantName = "[No Variations]"
Change component parameters (AddParameter): Name = "Temperature"; Value = ""; VariantName = "[No Variations]"
Change component parameters (AddParameter): Name = "Value"; Value = "22uF"; VariantName = "[No Variations]"
Change component parameters (AddParameter): Name = "VerifiedBy"; Value = ""; VariantName = "[No Variations]"
Change component parameters (AddParameter): Name = "Voltage"; Value = "50V"; VariantName = "[No Variations]"
Change component parameters: Designator = "C116" ("C116"); Footprint = "CAP_0402"; UniqueID = "\UJFMAHDI" ("\UJFMAHDI")
Change component parameters (AddParameter): Name = "CreatedBy"; Value = "Jonathan Bouchard"; VariantName = "[No Variations]"
Change component parameters (AddParameter): Name = "Current"; Value = ""; VariantName = "[No Variations]"
Change component parameters (AddParameter): Name = "FootprintNameOK"; Value = ""; VariantName = "[No Variations]"
Change component parameters (AddParameter): Name = "HelpURL"; Value = ""; VariantName = "[No Variations]"
Change component parameters (AddParameter): Name = "Mfg"; Value = ""; VariantName = "[No Variations]"
Change component parameters (AddParameter): Name = "Mfg Part Number"; Value = ""; VariantName = "[No Variations]"
Change component parameters (AddParameter): Name = "NI"; Value = ""; VariantName = "[No Variations]"
Change component parameters (AddParameter): Name = "Package"; Value = "0402"; VariantName = "[No Variations]"
Change component parameters (AddParameter): Name = "Power"; Value = ""; VariantName = "[No Variations]"
Change component parameters (AddParameter): Name = "Precision"; Value = "10%"; VariantName = "[No Variations]"
Change component parameters (AddParameter): Name = "Temperature"; Value = ""; VariantName = "[No Variations]"
Change component parameters (AddParameter): Name = "Value"; Value = "100nF"; VariantName = "[No Variations]"
Change component parameters (AddParameter): Name = "VerifiedBy"; Value = ""; VariantName = "[No Variations]"
Change component parameters (AddParameter): Name = "Voltage"; Value = "50V"; VariantName = "[No Variations]"
Change component parameters: Designator = "C119" ("C119"); Footprint = "CAP_0402"; UniqueID = "\GUBPLELG" ("\GUBPLELG")
Change component parameters (AddParameter): Name = "CreatedBy"; Value = "Jonathan Bouchard"; VariantName = "[No Variations]"
Change component parameters (AddParameter): Name = "Current"; Value = ""; VariantName = "[No Variations]"
Change component parameters (AddParameter): Name = "FootprintNameOK"; Value = ""; VariantName = "[No Variations]"
Change component parameters (AddParameter): Name = "HelpURL"; Value = ""; VariantName = "[No Variations]"
Change component parameters (AddParameter): Name = "Mfg"; Value = ""; VariantName = "[No Variations]"
Change component parameters (AddParameter): Name = "Mfg Part Number"; Value = ""; VariantName = "[No Variations]"
Change component parameters (AddParameter): Name = "NI"; Value = ""; VariantName = "[No Variations]"
Change component parameters (AddParameter): Name = "Package"; Value = "0402"; VariantName = "[No Variations]"
Change component parameters (AddParameter): Name = "Power"; Value = ""; VariantName = "[No Variations]"
Change component parameters (AddParameter): Name = "Precision"; Value = "10%"; VariantName = "[No Variations]"
Change component parameters (AddParameter): Name = "Temperature"; Value = ""; VariantName = "[No Variations]"
Change component parameters (AddParameter): Name = "Value"; Value = "100nF"; VariantName = "[No Variations]"
Change component parameters (AddParameter): Name = "VerifiedBy"; Value = ""; VariantName = "[No Variations]"
Change component parameters (AddParameter): Name = "Voltage"; Value = "50V"; VariantName = "[No Variations]"
Change component parameters: Designator = "C120" ("C120"); Footprint = "CAP_0402"; UniqueID = "\ZCGDPNIM" ("\ZCGDPNIM")
Change component parameters (AddParameter): Name = "CreatedBy"; Value = "Jonathan Bouchard"; VariantName = "[No Variations]"
Change component parameters (AddParameter): Name = "Current"; Value = ""; VariantName = "[No Variations]"
Change component parameters (AddParameter): Name = "FootprintNameOK"; Value = ""; VariantName = "[No Variations]"
Change component parameters (AddParameter): Name = "HelpURL"; Value = ""; VariantName = "[No Variations]"
Change component parameters (AddParameter): Name = "Mfg"; Value = ""; VariantName = "[No Variations]"
Change component parameters (AddParameter): Name = "Mfg Part Number"; Value = ""; VariantName = "[No Variations]"
Change component parameters (AddParameter): Name = "NI"; Value = ""; VariantName = "[No Variations]"
Change component parameters (AddParameter): Name = "Package"; Value = "0402"; VariantName = "[No Variations]"
Change component parameters (AddParameter): Name = "Power"; Value = ""; VariantName = "[No Variations]"
Change component parameters (AddParameter): Name = "Precision"; Value = "10%"; VariantName = "[No Variations]"
Change component parameters (AddParameter): Name = "Temperature"; Value = ""; VariantName = "[No Variations]"
Change component parameters (AddParameter): Name = "Value"; Value = "100nF"; VariantName = "[No Variations]"
Change component parameters (AddParameter): Name = "VerifiedBy"; Value = ""; VariantName = "[No Variations]"
Change component parameters (AddParameter): Name = "Voltage"; Value = "50V"; VariantName = "[No Variations]"
Change component parameters: Designator = "C121" ("C121"); Footprint = "CAP_0402"; UniqueID = "\BAXALTQL" ("\BAXALTQL")
Change component parameters (AddParameter): Name = "CreatedBy"; Value = "Jonathan Bouchard"; VariantName = "[No Variations]"
Change component parameters (AddParameter): Name = "Current"; Value = ""; VariantName = "[No Variations]"
Change component parameters (AddParameter): Name = "FootprintNameOK"; Value = ""; VariantName = "[No Variations]"
Change component parameters (AddParameter): Name = "HelpURL"; Value = ""; VariantName = "[No Variations]"
Change component parameters (AddParameter): Name = "Mfg"; Value = ""; VariantName = "[No Variations]"
Change component parameters (AddParameter): Name = "Mfg Part Number"; Value = ""; VariantName = "[No Variations]"
Change component parameters (AddParameter): Name = "NI"; Value = ""; VariantName = "[No Variations]"
Change component parameters (AddParameter): Name = "Package"; Value = "0402"; VariantName = "[No Variations]"
Change component parameters (AddParameter): Name = "Power"; Value = ""; VariantName = "[No Variations]"
Change component parameters (AddParameter): Name = "Precision"; Value = "10%"; VariantName = "[No Variations]"
Change component parameters (AddParameter): Name = "Temperature"; Value = ""; VariantName = "[No Variations]"
Change component parameters (AddParameter): Name = "Value"; Value = "100nF"; VariantName = "[No Variations]"
Change component parameters (AddParameter): Name = "VerifiedBy"; Value = ""; VariantName = "[No Variations]"
Change component parameters (AddParameter): Name = "Voltage"; Value = "50V"; VariantName = "[No Variations]"
Change component parameters: Designator = "C132" ("C132"); Footprint = "CAP_0402"; UniqueID = "\ETTTGRJJ" ("\ETTTGRJJ")
Change component parameters (AddParameter): Name = "CreatedBy"; Value = "Jonathan Bouchard"; VariantName = "[No Variations]"
Change component parameters (AddParameter): Name = "Current"; Value = ""; VariantName = "[No Variations]"
Change component parameters (AddParameter): Name = "FootprintNameOK"; Value = ""; VariantName = "[No Variations]"
Change component parameters (AddParameter): Name = "HelpURL"; Value = ""; VariantName = "[No Variations]"
Change component parameters (AddParameter): Name = "Mfg"; Value = ""; VariantName = "[No Variations]"
Change component parameters (AddParameter): Name = "Mfg Part Number"; Value = ""; VariantName = "[No Variations]"
Change component parameters (AddParameter): Name = "NI"; Value = ""; VariantName = "[No Variations]"
Change component parameters (AddParameter): Name = "Package"; Value = "0402"; VariantName = "[No Variations]"
Change component parameters (AddParameter): Name = "Power"; Value = ""; VariantName = "[No Variations]"
Change component parameters (AddParameter): Name = "Precision"; Value = "10%"; VariantName = "[No Variations]"
Change component parameters (AddParameter): Name = "Temperature"; Value = ""; VariantName = "[No Variations]"
Change component parameters (AddParameter): Name = "Value"; Value = "1uF"; VariantName = "[No Variations]"
Change component parameters (AddParameter): Name = "VerifiedBy"; Value = ""; VariantName = "[No Variations]"
Change component parameters (AddParameter): Name = "Voltage"; Value = "10V"; VariantName = "[No Variations]"
Change component parameters: Designator = "C133" ("C133"); Footprint = "CAP_0402"; UniqueID = "\PDHQXGEG" ("\PDHQXGEG")
Change component parameters (AddParameter): Name = "CreatedBy"; Value = "Jonathan Bouchard"; VariantName = "[No Variations]"
Change component parameters (AddParameter): Name = "Current"; Value = ""; VariantName = "[No Variations]"
Change component parameters (AddParameter): Name = "FootprintNameOK"; Value = ""; VariantName = "[No Variations]"
Change component parameters (AddParameter): Name = "HelpURL"; Value = ""; VariantName = "[No Variations]"
Change component parameters (AddParameter): Name = "Mfg"; Value = ""; VariantName = "[No Variations]"
Change component parameters (AddParameter): Name = "Mfg Part Number"; Value = ""; VariantName = "[No Variations]"
Change component parameters (AddParameter): Name = "NI"; Value = ""; VariantName = "[No Variations]"
Change component parameters (AddParameter): Name = "Package"; Value = "0402"; VariantName = "[No Variations]"
Change component parameters (AddParameter): Name = "Power"; Value = ""; VariantName = "[No Variations]"
Change component parameters (AddParameter): Name = "Precision"; Value = "10%"; VariantName = "[No Variations]"
Change component parameters (AddParameter): Name = "Temperature"; Value = ""; VariantName = "[No Variations]"
Change component parameters (AddParameter): Name = "Value"; Value = "4.7nF"; VariantName = "[No Variations]"
Change component parameters (AddParameter): Name = "VerifiedBy"; Value = ""; VariantName = "[No Variations]"
Change component parameters (AddParameter): Name = "Voltage"; Value = "10V"; VariantName = "[No Variations]"
Change component parameters: Designator = "C134" ("C134"); Footprint = "CAP_0402"; UniqueID = "\MLAWCELD" ("\MLAWCELD")
Change component parameters (AddParameter): Name = "CreatedBy"; Value = "Jonathan Bouchard"; VariantName = "[No Variations]"
Change component parameters (AddParameter): Name = "Current"; Value = ""; VariantName = "[No Variations]"
Change component parameters (AddParameter): Name = "FootprintNameOK"; Value = ""; VariantName = "[No Variations]"
Change component parameters (AddParameter): Name = "HelpURL"; Value = ""; VariantName = "[No Variations]"
Change component parameters (AddParameter): Name = "Mfg"; Value = ""; VariantName = "[No Variations]"
Change component parameters (AddParameter): Name = "Mfg Part Number"; Value = ""; VariantName = "[No Variations]"
Change component parameters (AddParameter): Name = "NI"; Value = ""; VariantName = "[No Variations]"
Change component parameters (AddParameter): Name = "Package"; Value = "0402"; VariantName = "[No Variations]"
Change component parameters (AddParameter): Name = "Power"; Value = ""; VariantName = "[No Variations]"
Change component parameters (AddParameter): Name = "Precision"; Value = "10%"; VariantName = "[No Variations]"
Change component parameters (AddParameter): Name = "Temperature"; Value = ""; VariantName = "[No Variations]"
Change component parameters (AddParameter): Name = "Value"; Value = "560 pF"; VariantName = "[No Variations]"
Change component parameters (AddParameter): Name = "VerifiedBy"; Value = ""; VariantName = "[No Variations]"
Change component parameters (AddParameter): Name = "Voltage"; Value = "10V"; VariantName = "[No Variations]"
Change component parameters: Designator = "C136" ("C136"); Footprint = "CAP_0402"; UniqueID = "\IWXGWRRD" ("\IWXGWRRD")
Change component parameters (AddParameter): Name = "CreatedBy"; Value = "Jonathan Bouchard"; VariantName = "[No Variations]"
Change component parameters (AddParameter): Name = "Current"; Value = ""; VariantName = "[No Variations]"
Change component parameters (AddParameter): Name = "FootprintNameOK"; Value = ""; VariantName = "[No Variations]"
Change component parameters (AddParameter): Name = "HelpURL"; Value = ""; VariantName = "[No Variations]"
Change component parameters (AddParameter): Name = "Mfg"; Value = ""; VariantName = "[No Variations]"
Change component parameters (AddParameter): Name = "Mfg Part Number"; Value = ""; VariantName = "[No Variations]"
Change component parameters (AddParameter): Name = "NI"; Value = ""; VariantName = "[No Variations]"
Change component parameters (AddParameter): Name = "Package"; Value = "0402"; VariantName = "[No Variations]"
Change component parameters (AddParameter): Name = "Power"; Value = ""; VariantName = "[No Variations]"
Change component parameters (AddParameter): Name = "Precision"; Value = "10%"; VariantName = "[No Variations]"
Change component parameters (AddParameter): Name = "Temperature"; Value = ""; VariantName = "[No Variations]"
Change component parameters (AddParameter): Name = "Value"; Value = "1uF"; VariantName = "[No Variations]"
Change component parameters (AddParameter): Name = "VerifiedBy"; Value = ""; VariantName = "[No Variations]"
Change component parameters (AddParameter): Name = "Voltage"; Value = "10V"; VariantName = "[No Variations]"
Change component parameters: Designator = "C137" ("C137"); Footprint = "CAP_0402"; UniqueID = "\HDGEZJYS" ("\HDGEZJYS")
Change component parameters (AddParameter): Name = "CreatedBy"; Value = "Jonathan Bouchard"; VariantName = "[No Variations]"
Change component parameters (AddParameter): Name = "Current"; Value = ""; VariantName = "[No Variations]"
Change component parameters (AddParameter): Name = "FootprintNameOK"; Value = ""; VariantName = "[No Variations]"
Change component parameters (AddParameter): Name = "HelpURL"; Value = ""; VariantName = "[No Variations]"
Change component parameters (AddParameter): Name = "Mfg"; Value = ""; VariantName = "[No Variations]"
Change component parameters (AddParameter): Name = "Mfg Part Number"; Value = ""; VariantName = "[No Variations]"
Change component parameters (AddParameter): Name = "NI"; Value = ""; VariantName = "[No Variations]"
Change component parameters (AddParameter): Name = "Package"; Value = "0402"; VariantName = "[No Variations]"
Change component parameters (AddParameter): Name = "Power"; Value = ""; VariantName = "[No Variations]"
Change component parameters (AddParameter): Name = "Precision"; Value = "10%"; VariantName = "[No Variations]"
Change component parameters (AddParameter): Name = "Temperature"; Value = ""; VariantName = "[No Variations]"
Change component parameters (AddParameter): Name = "Value"; Value = "4.7nF"; VariantName = "[No Variations]"
Change component parameters (AddParameter): Name = "VerifiedBy"; Value = ""; VariantName = "[No Variations]"
Change component parameters (AddParameter): Name = "Voltage"; Value = "10V"; VariantName = "[No Variations]"
Change component parameters: Designator = "C138" ("C138"); Footprint = "CAP_0402"; UniqueID = "\JSNQPDYP" ("\JSNQPDYP")
Change component parameters (AddParameter): Name = "CreatedBy"; Value = "Jonathan Bouchard"; VariantName = "[No Variations]"
Change component parameters (AddParameter): Name = "Current"; Value = ""; VariantName = "[No Variations]"
Change component parameters (AddParameter): Name = "FootprintNameOK"; Value = ""; VariantName = "[No Variations]"
Change component parameters (AddParameter): Name = "HelpURL"; Value = ""; VariantName = "[No Variations]"
Change component parameters (AddParameter): Name = "Mfg"; Value = ""; VariantName = "[No Variations]"
Change component parameters (AddParameter): Name = "Mfg Part Number"; Value = ""; VariantName = "[No Variations]"
Change component parameters (AddParameter): Name = "NI"; Value = ""; VariantName = "[No Variations]"
Change component parameters (AddParameter): Name = "Package"; Value = "0402"; VariantName = "[No Variations]"
Change component parameters (AddParameter): Name = "Power"; Value = ""; VariantName = "[No Variations]"
Change component parameters (AddParameter): Name = "Precision"; Value = "10%"; VariantName = "[No Variations]"
Change component parameters (AddParameter): Name = "Temperature"; Value = ""; VariantName = "[No Variations]"
Change component parameters (AddParameter): Name = "Value"; Value = "560 pF"; VariantName = "[No Variations]"
Change component parameters (AddParameter): Name = "VerifiedBy"; Value = ""; VariantName = "[No Variations]"
Change component parameters (AddParameter): Name = "Voltage"; Value = "10V"; VariantName = "[No Variations]"
Change component parameters: Designator = "C147" ("C147"); Footprint = "CAP_0402"; UniqueID = "\PLJYDSQL" ("\PLJYDSQL")
Change component parameters (AddParameter): Name = "CreatedBy"; Value = "Jonathan Bouchard"; VariantName = "[No Variations]"
Change component parameters (AddParameter): Name = "Current"; Value = ""; VariantName = "[No Variations]"
Change component parameters (AddParameter): Name = "FootprintNameOK"; Value = ""; VariantName = "[No Variations]"
Change component parameters (AddParameter): Name = "HelpURL"; Value = ""; VariantName = "[No Variations]"
Change component parameters (AddParameter): Name = "Mfg"; Value = ""; VariantName = "[No Variations]"
Change component parameters (AddParameter): Name = "Mfg Part Number"; Value = ""; VariantName = "[No Variations]"
Change component parameters (AddParameter): Name = "NI"; Value = ""; VariantName = "[No Variations]"
Change component parameters (AddParameter): Name = "Package"; Value = "0402"; VariantName = "[No Variations]"
Change component parameters (AddParameter): Name = "Power"; Value = ""; VariantName = "[No Variations]"
Change component parameters (AddParameter): Name = "Precision"; Value = "10%"; VariantName = "[No Variations]"
Change component parameters (AddParameter): Name = "Temperature"; Value = ""; VariantName = "[No Variations]"
Change component parameters (AddParameter): Name = "Value"; Value = "47nF"; VariantName = "[No Variations]"
Change component parameters (AddParameter): Name = "VerifiedBy"; Value = ""; VariantName = "[No Variations]"
Change component parameters (AddParameter): Name = "Voltage"; Value = "50V"; VariantName = "[No Variations]"
Change component parameters: Designator = "C148" ("C148"); Footprint = "CAP_0402"; UniqueID = "\FDLFWUZK" ("\FDLFWUZK")
Change component parameters (AddParameter): Name = "CreatedBy"; Value = "Jonathan Bouchard"; VariantName = "[No Variations]"
Change component parameters (AddParameter): Name = "Current"; Value = ""; VariantName = "[No Variations]"
Change component parameters (AddParameter): Name = "FootprintNameOK"; Value = ""; VariantName = "[No Variations]"
Change component parameters (AddParameter): Name = "HelpURL"; Value = ""; VariantName = "[No Variations]"
Change component parameters (AddParameter): Name = "Mfg"; Value = ""; VariantName = "[No Variations]"
Change component parameters (AddParameter): Name = "Mfg Part Number"; Value = ""; VariantName = "[No Variations]"
Change component parameters (AddParameter): Name = "NI"; Value = ""; VariantName = "[No Variations]"
Change component parameters (AddParameter): Name = "Package"; Value = "0402"; VariantName = "[No Variations]"
Change component parameters (AddParameter): Name = "Power"; Value = ""; VariantName = "[No Variations]"
Change component parameters (AddParameter): Name = "Precision"; Value = "10%"; VariantName = "[No Variations]"
Change component parameters (AddParameter): Name = "Temperature"; Value = ""; VariantName = "[No Variations]"
Change component parameters (AddParameter): Name = "Value"; Value = "47nF"; VariantName = "[No Variations]"
Change component parameters (AddParameter): Name = "VerifiedBy"; Value = ""; VariantName = "[No Variations]"
Change component parameters (AddParameter): Name = "Voltage"; Value = "50V"; VariantName = "[No Variations]"
Change component parameters: Designator = "C149" ("C149"); Footprint = "CAP_0402"; UniqueID = "\KJURMEYK" ("\KJURMEYK")
Change component parameters (AddParameter): Name = "CreatedBy"; Value = "Jonathan Bouchard"; VariantName = "[No Variations]"
Change component parameters (AddParameter): Name = "Current"; Value = ""; VariantName = "[No Variations]"
Change component parameters (AddParameter): Name = "FootprintNameOK"; Value = ""; VariantName = "[No Variations]"
Change component parameters (AddParameter): Name = "HelpURL"; Value = ""; VariantName = "[No Variations]"
Change component parameters (AddParameter): Name = "Mfg"; Value = ""; VariantName = "[No Variations]"
Change component parameters (AddParameter): Name = "Mfg Part Number"; Value = ""; VariantName = "[No Variations]"
Change component parameters (AddParameter): Name = "NI"; Value = ""; VariantName = "[No Variations]"
Change component parameters (AddParameter): Name = "Package"; Value = "0402"; VariantName = "[No Variations]"
Change component parameters (AddParameter): Name = "Power"; Value = ""; VariantName = "[No Variations]"
Change component parameters (AddParameter): Name = "Precision"; Value = "10%"; VariantName = "[No Variations]"
Change component parameters (AddParameter): Name = "Temperature"; Value = ""; VariantName = "[No Variations]"
Change component parameters (AddParameter): Name = "Value"; Value = "47nF"; VariantName = "[No Variations]"
Change component parameters (AddParameter): Name = "VerifiedBy"; Value = ""; VariantName = "[No Variations]"
Change component parameters (AddParameter): Name = "Voltage"; Value = "50V"; VariantName = "[No Variations]"
Change component parameters: Designator = "C150" ("C150"); Footprint = "CAP_0402"; UniqueID = "\LPNNAHLD" ("\LPNNAHLD")
Change component parameters (AddParameter): Name = "CreatedBy"; Value = "Jonathan Bouchard"; VariantName = "[No Variations]"
Change component parameters (AddParameter): Name = "Current"; Value = ""; VariantName = "[No Variations]"
Change component parameters (AddParameter): Name = "FootprintNameOK"; Value = ""; VariantName = "[No Variations]"
Change component parameters (AddParameter): Name = "HelpURL"; Value = ""; VariantName = "[No Variations]"
Change component parameters (AddParameter): Name = "Mfg"; Value = ""; VariantName = "[No Variations]"
Change component parameters (AddParameter): Name = "Mfg Part Number"; Value = ""; VariantName = "[No Variations]"
Change component parameters (AddParameter): Name = "NI"; Value = ""; VariantName = "[No Variations]"
Change component parameters (AddParameter): Name = "Package"; Value = "0402"; VariantName = "[No Variations]"
Change component parameters (AddParameter): Name = "Power"; Value = ""; VariantName = "[No Variations]"
Change component parameters (AddParameter): Name = "Precision"; Value = "10%"; VariantName = "[No Variations]"
Change component parameters (AddParameter): Name = "Temperature"; Value = ""; VariantName = "[No Variations]"
Change component parameters (AddParameter): Name = "Value"; Value = "47nF"; VariantName = "[No Variations]"
Change component parameters (AddParameter): Name = "VerifiedBy"; Value = ""; VariantName = "[No Variations]"
Change component parameters (AddParameter): Name = "Voltage"; Value = "50V"; VariantName = "[No Variations]"
Change component parameters: Designator = "R77" ("R77"); Footprint = "RES_0603"; UniqueID = "\HZSPTINE" ("\HZSPTINE")
Change component parameters (AddParameter): Name = "CreatedBy"; Value = "Jonathan Bouchard"; VariantName = "[No Variations]"
Change component parameters (AddParameter): Name = "Current"; Value = ""; VariantName = "[No Variations]"
Change component parameters (AddParameter): Name = "FootprintNameOK"; Value = ""; VariantName = "[No Variations]"
Change component parameters (AddParameter): Name = "HelpURL"; Value = ""; VariantName = "[No Variations]"
Change component parameters (AddParameter): Name = "Mfg"; Value = ""; VariantName = "[No Variations]"
Change component parameters (AddParameter): Name = "Mfg Part Number"; Value = ""; VariantName = "[No Variations]"
Change component parameters (AddParameter): Name = "NI"; Value = ""; VariantName = "[No Variations]"
Change component parameters (AddParameter): Name = "Package"; Value = "1206"; VariantName = "[No Variations]"
Change component parameters (AddParameter): Name = "Power"; Value = "0.4W"; VariantName = "[No Variations]"
Change component parameters (AddParameter): Name = "Precision"; Value = "1%"; VariantName = "[No Variations]"
Change component parameters (AddParameter): Name = "Temperature"; Value = ""; VariantName = "[No Variations]"
Change component parameters (AddParameter): Name = "Value"; Value = "2.2k"; VariantName = "[No Variations]"
Change component parameters (AddParameter): Name = "VerifiedBy"; Value = ""; VariantName = "[No Variations]"
Change component parameters (AddParameter): Name = "Voltage"; Value = ""; VariantName = "[No Variations]"
Change component parameters: Designator = "C54" ("C54"); Footprint = "CAP_1210"; UniqueID = "\BDZXEMYV" ("\BDZXEMYV")
Change component parameters (AddParameter): Name = "CreatedBy"; Value = "Jonathan Bouchard"; VariantName = "[No Variations]"
Change component parameters (AddParameter): Name = "Current"; Value = ""; VariantName = "[No Variations]"
Change component parameters (AddParameter): Name = "FootprintNameOK"; Value = ""; VariantName = "[No Variations]"
Change component parameters (AddParameter): Name = "HelpURL"; Value = ""; VariantName = "[No Variations]"
Change component parameters (AddParameter): Name = "Mfg"; Value = ""; VariantName = "[No Variations]"
Change component parameters (AddParameter): Name = "Mfg Part Number"; Value = ""; VariantName = "[No Variations]"
Change component parameters (AddParameter): Name = "NI"; Value = ""; VariantName = "[No Variations]"
Change component parameters (AddParameter): Name = "Package"; Value = "0402"; VariantName = "[No Variations]"
Change component parameters (AddParameter): Name = "Power"; Value = ""; VariantName = "[No Variations]"
Change component parameters (AddParameter): Name = "Precision"; Value = "10%"; VariantName = "[No Variations]"
Change component parameters (AddParameter): Name = "Temperature"; Value = ""; VariantName = "[No Variations]"
Change component parameters (AddParameter): Name = "Value"; Value = "10u"; VariantName = "[No Variations]"
Change component parameters (AddParameter): Name = "VerifiedBy"; Value = ""; VariantName = "[No Variations]"
Change component parameters (AddParameter): Name = "Voltage"; Value = "50V"; VariantName = "[No Variations]"
Change component parameters: Designator = "C55" ("C55"); Footprint = "CAP_0805"; UniqueID = "\WGBUQQRP" ("\WGBUQQRP")
Change component parameters (AddParameter): Name = "CreatedBy"; Value = "Jonathan Bouchard"; VariantName = "[No Variations]"
Change component parameters (AddParameter): Name = "Current"; Value = ""; VariantName = "[No Variations]"
Change component parameters (AddParameter): Name = "FootprintNameOK"; Value = ""; VariantName = "[No Variations]"
Change component parameters (AddParameter): Name = "HelpURL"; Value = ""; VariantName = "[No Variations]"
Change component parameters (AddParameter): Name = "Mfg"; Value = ""; VariantName = "[No Variations]"
Change component parameters (AddParameter): Name = "Mfg Part Number"; Value = ""; VariantName = "[No Variations]"
Change component parameters (AddParameter): Name = "NI"; Value = ""; VariantName = "[No Variations]"
Change component parameters (AddParameter): Name = "Package"; Value = "0402"; VariantName = "[No Variations]"
Change component parameters (AddParameter): Name = "Power"; Value = ""; VariantName = "[No Variations]"
Change component parameters (AddParameter): Name = "Precision"; Value = "10%"; VariantName = "[No Variations]"
Change component parameters (AddParameter): Name = "Temperature"; Value = ""; VariantName = "[No Variations]"
Change component parameters (AddParameter): Name = "Value"; Value = "0.1u"; VariantName = "[No Variations]"
Change component parameters (AddParameter): Name = "VerifiedBy"; Value = ""; VariantName = "[No Variations]"
Change component parameters (AddParameter): Name = "Voltage"; Value = "50V"; VariantName = "[No Variations]"
Change component parameters: Designator = "C90" ("C90"); Footprint = "CAP_0805"; UniqueID = "\WWRSJMYU" ("\WWRSJMYU")
Change component parameters (AddParameter): Name = "CreatedBy"; Value = "Jonathan Bouchard"; VariantName = "[No Variations]"
Change component parameters (AddParameter): Name = "Current"; Value = ""; VariantName = "[No Variations]"
Change component parameters (AddParameter): Name = "FootprintNameOK"; Value = ""; VariantName = "[No Variations]"
Change component parameters (AddParameter): Name = "HelpURL"; Value = ""; VariantName = "[No Variations]"
Change component parameters (AddParameter): Name = "Mfg"; Value = ""; VariantName = "[No Variations]"
Change component parameters (AddParameter): Name = "Mfg Part Number"; Value = ""; VariantName = "[No Variations]"
Change component parameters (AddParameter): Name = "NI"; Value = ""; VariantName = "[No Variations]"
Change component parameters (AddParameter): Name = "Package"; Value = "0402"; VariantName = "[No Variations]"
Change component parameters (AddParameter): Name = "Power"; Value = ""; VariantName = "[No Variations]"
Change component parameters (AddParameter): Name = "Precision"; Value = "10%"; VariantName = "[No Variations]"
Change component parameters (AddParameter): Name = "Temperature"; Value = ""; VariantName = "[No Variations]"
Change component parameters (AddParameter): Name = "Value"; Value = "0.47u"; VariantName = "[No Variations]"
Change component parameters (AddParameter): Name = "VerifiedBy"; Value = ""; VariantName = "[No Variations]"
Change component parameters (AddParameter): Name = "Voltage"; Value = "6.3V"; VariantName = "[No Variations]"
Change component parameters: Designator = "C97" ("C97"); Footprint = "CAP_0805"; UniqueID = "\YQKZCPYM" ("\YQKZCPYM")
Change component parameters (AddParameter): Name = "CreatedBy"; Value = "Jonathan Bouchard"; VariantName = "[No Variations]"
Change component parameters (AddParameter): Name = "Current"; Value = ""; VariantName = "[No Variations]"
Change component parameters (AddParameter): Name = "FootprintNameOK"; Value = ""; VariantName = "[No Variations]"
Change component parameters (AddParameter): Name = "HelpURL"; Value = ""; VariantName = "[No Variations]"
Change component parameters (AddParameter): Name = "Mfg"; Value = ""; VariantName = "[No Variations]"
Change component parameters (AddParameter): Name = "Mfg Part Number"; Value = ""; VariantName = "[No Variations]"
Change component parameters (AddParameter): Name = "NI"; Value = ""; VariantName = "[No Variations]"
Change component parameters (AddParameter): Name = "Package"; Value = "0402"; VariantName = "[No Variations]"
Change component parameters (AddParameter): Name = "Power"; Value = ""; VariantName = "[No Variations]"
Change component parameters (AddParameter): Name = "Precision"; Value = "10%"; VariantName = "[No Variations]"
Change component parameters (AddParameter): Name = "Temperature"; Value = ""; VariantName = "[No Variations]"
Change component parameters (AddParameter): Name = "Value"; Value = "10nF"; VariantName = "[No Variations]"
Change component parameters (AddParameter): Name = "VerifiedBy"; Value = ""; VariantName = "[No Variations]"
Change component parameters (AddParameter): Name = "Voltage"; Value = "10V"; VariantName = "[No Variations]"
Change component parameters: Designator = "C98" ("C98"); Footprint = "CAP_0805"; UniqueID = "\JNFUBUGZ" ("\JNFUBUGZ")
Change component parameters (AddParameter): Name = "CreatedBy"; Value = "Jonathan Bouchard"; VariantName = "[No Variations]"
Change component parameters (AddParameter): Name = "Current"; Value = ""; VariantName = "[No Variations]"
Change component parameters (AddParameter): Name = "FootprintNameOK"; Value = ""; VariantName = "[No Variations]"
Change component parameters (AddParameter): Name = "HelpURL"; Value = ""; VariantName = "[No Variations]"
Change component parameters (AddParameter): Name = "Mfg"; Value = ""; VariantName = "[No Variations]"
Change component parameters (AddParameter): Name = "Mfg Part Number"; Value = ""; VariantName = "[No Variations]"
Change component parameters (AddParameter): Name = "NI"; Value = ""; VariantName = "[No Variations]"
Change component parameters (AddParameter): Name = "Package"; Value = "0402"; VariantName = "[No Variations]"
Change component parameters (AddParameter): Name = "Power"; Value = ""; VariantName = "[No Variations]"
Change component parameters (AddParameter): Name = "Precision"; Value = "10%"; VariantName = "[No Variations]"
Change component parameters (AddParameter): Name = "Temperature"; Value = ""; VariantName = "[No Variations]"
Change component parameters (AddParameter): Name = "Value"; Value = "10u"; VariantName = "[No Variations]"
Change component parameters (AddParameter): Name = "VerifiedBy"; Value = ""; VariantName = "[No Variations]"
Change component parameters (AddParameter): Name = "Voltage"; Value = "50V"; VariantName = "[No Variations]"
Change component parameters: Designator = "C118" ("C118"); Footprint = "CAP_0805"; UniqueID = "\EEHITBRV" ("\EEHITBRV")
Change component parameters (AddParameter): Name = "CreatedBy"; Value = "Jonathan Bouchard"; VariantName = "[No Variations]"
Change component parameters (AddParameter): Name = "Current"; Value = ""; VariantName = "[No Variations]"
Change component parameters (AddParameter): Name = "FootprintNameOK"; Value = ""; VariantName = "[No Variations]"
Change component parameters (AddParameter): Name = "HelpURL"; Value = ""; VariantName = "[No Variations]"
Change component parameters (AddParameter): Name = "Mfg"; Value = ""; VariantName = "[No Variations]"
Change component parameters (AddParameter): Name = "Mfg Part Number"; Value = ""; VariantName = "[No Variations]"
Change component parameters (AddParameter): Name = "NI"; Value = ""; VariantName = "[No Variations]"
Change component parameters (AddParameter): Name = "Package"; Value = "0402"; VariantName = "[No Variations]"
Change component parameters (AddParameter): Name = "Power"; Value = ""; VariantName = "[No Variations]"
Change component parameters (AddParameter): Name = "Precision"; Value = "10%"; VariantName = "[No Variations]"
Change component parameters (AddParameter): Name = "Temperature"; Value = ""; VariantName = "[No Variations]"
Change component parameters (AddParameter): Name = "Value"; Value = "100nF"; VariantName = "[No Variations]"
Change component parameters (AddParameter): Name = "VerifiedBy"; Value = ""; VariantName = "[No Variations]"
Change component parameters (AddParameter): Name = "Voltage"; Value = "50V"; VariantName = "[No Variations]"
Change component parameters: Designator = "C131" ("C131"); Footprint = "CAP_0402"; UniqueID = "\XYHUQXZC" ("\XYHUQXZC")
Change component parameters (AddParameter): Name = "CreatedBy"; Value = "Jonathan Bouchard"; VariantName = "[No Variations]"
Change component parameters (AddParameter): Name = "Current"; Value = ""; VariantName = "[No Variations]"
Change component parameters (AddParameter): Name = "FootprintNameOK"; Value = ""; VariantName = "[No Variations]"
Change component parameters (AddParameter): Name = "HelpURL"; Value = ""; VariantName = "[No Variations]"
Change component parameters (AddParameter): Name = "Mfg"; Value = ""; VariantName = "[No Variations]"
Change component parameters (AddParameter): Name = "Mfg Part Number"; Value = ""; VariantName = "[No Variations]"
Change component parameters (AddParameter): Name = "NI"; Value = ""; VariantName = "[No Variations]"
Change component parameters (AddParameter): Name = "Package"; Value = "0805"; VariantName = "[No Variations]"
Change component parameters (AddParameter): Name = "Power"; Value = ""; VariantName = "[No Variations]"
Change component parameters (AddParameter): Name = "Precision"; Value = "10%"; VariantName = "[No Variations]"
Change component parameters (AddParameter): Name = "Temperature"; Value = ""; VariantName = "[No Variations]"
Change component parameters (AddParameter): Name = "Value"; Value = "10uF"; VariantName = "[No Variations]"
Change component parameters (AddParameter): Name = "VerifiedBy"; Value = ""; VariantName = "[No Variations]"
Change component parameters (AddParameter): Name = "Voltage"; Value = "10V"; VariantName = "[No Variations]"
Change component parameters: Designator = "C135" ("C135"); Footprint = "CAP_0402"; UniqueID = "\VEPIUYYI" ("\VEPIUYYI")
Change component parameters (AddParameter): Name = "CreatedBy"; Value = "Jonathan Bouchard"; VariantName = "[No Variations]"
Change component parameters (AddParameter): Name = "Current"; Value = ""; VariantName = "[No Variations]"
Change component parameters (AddParameter): Name = "FootprintNameOK"; Value = ""; VariantName = "[No Variations]"
Change component parameters (AddParameter): Name = "HelpURL"; Value = ""; VariantName = "[No Variations]"
Change component parameters (AddParameter): Name = "Mfg"; Value = ""; VariantName = "[No Variations]"
Change component parameters (AddParameter): Name = "Mfg Part Number"; Value = ""; VariantName = "[No Variations]"
Change component parameters (AddParameter): Name = "NI"; Value = ""; VariantName = "[No Variations]"
Change component parameters (AddParameter): Name = "Package"; Value = "0805"; VariantName = "[No Variations]"
Change component parameters (AddParameter): Name = "Power"; Value = ""; VariantName = "[No Variations]"
Change component parameters (AddParameter): Name = "Precision"; Value = "10%"; VariantName = "[No Variations]"
Change component parameters (AddParameter): Name = "Temperature"; Value = ""; VariantName = "[No Variations]"
Change component parameters (AddParameter): Name = "Value"; Value = "10uF"; VariantName = "[No Variations]"
Change component parameters (AddParameter): Name = "VerifiedBy"; Value = ""; VariantName = "[No Variations]"
Change component parameters (AddParameter): Name = "Voltage"; Value = "10V"; VariantName = "[No Variations]"
Change component parameters: Designator = "R32" ("R32"); Footprint = "RES_0805"; UniqueID = "\QCZKKDBN" ("\QCZKKDBN")
Change component parameters (AddParameter): Name = "CreatedBy"; Value = "Jonathan Bouchard"; VariantName = "[No Variations]"
Change component parameters (AddParameter): Name = "Current"; Value = ""; VariantName = "[No Variations]"
Change component parameters (AddParameter): Name = "FootprintNameOK"; Value = ""; VariantName = "[No Variations]"
Change component parameters (AddParameter): Name = "HelpURL"; Value = ""; VariantName = "[No Variations]"
Change component parameters (AddParameter): Name = "Mfg"; Value = ""; VariantName = "[No Variations]"
Change component parameters (AddParameter): Name = "Mfg Part Number"; Value = ""; VariantName = "[No Variations]"
Change component parameters (AddParameter): Name = "NI"; Value = ""; VariantName = "[No Variations]"
Change component parameters (AddParameter): Name = "Package"; Value = "0402"; VariantName = "[No Variations]"
Change component parameters (AddParameter): Name = "Power"; Value = "1/16W"; VariantName = "[No Variations]"
Change component parameters (AddParameter): Name = "Precision"; Value = "1%"; VariantName = "[No Variations]"
Change component parameters (AddParameter): Name = "Temperature"; Value = ""; VariantName = "[No Variations]"
Change component parameters (AddParameter): Name = "Value"; Value = "10K"; VariantName = "[No Variations]"
Change component parameters (AddParameter): Name = "VerifiedBy"; Value = ""; VariantName = "[No Variations]"
Change component parameters (AddParameter): Name = "Voltage"; Value = "50V"; VariantName = "[No Variations]"
Change component parameters: Designator = "U14" ("U14"); Footprint = "TIM_CDCE62005RGZT"; UniqueID = "\MLORUWNQ" ("\MLORUWNQ")
Change component parameters (AddParameter): Name = "CreatedBy"; Value = "Jonathan Bouchard"; VariantName = "[No Variations]"
Change component parameters (AddParameter): Name = "Current"; Value = ""; VariantName = "[No Variations]"
Change component parameters (AddParameter): Name = "FootprintNameOK"; Value = ""; VariantName = "[No Variations]"
Change component parameters (AddParameter): Name = "HelpURL"; Value = "https://www.xilinx.com/support/documentation/data_sheets/ds162.pdf"; VariantName = "[No Variations]"
Change component parameters (AddParameter): Name = "Mfg"; Value = "Xilinx"; VariantName = "[No Variations]"
Change component parameters (AddParameter): Name = "Mfg Part Number"; Value = "XC6SLX100-3FGG676C"; VariantName = "[No Variations]"
Change component parameters (AddParameter): Name = "NI"; Value = ""; VariantName = "[No Variations]"
Change component parameters (AddParameter): Name = "Package"; Value = "BGA-676"; VariantName = "[No Variations]"
Change component parameters (AddParameter): Name = "Power"; Value = ""; VariantName = "[No Variations]"
Change component parameters (AddParameter): Name = "Precision"; Value = ""; VariantName = "[No Variations]"
Change component parameters (AddParameter): Name = "Supplier 1"; Value = "Digikey"; VariantName = "[No Variations]"
Change component parameters (AddParameter): Name = "Supplier Part Number 1"; Value = "122-1760-ND"; VariantName = "[No Variations]"
Change component parameters (AddParameter): Name = "Temperature"; Value = "0°C ~ 85°C (TJ)"; VariantName = "[No Variations]"
Change component parameters (AddParameter): Name = "Value"; Value = ""; VariantName = "[No Variations]"
Change component parameters (AddParameter): Name = "VerifiedBy"; Value = ""; VariantName = "[No Variations]"
Change component parameters (AddParameter): Name = "Voltage"; Value = "1.14 V ~ 1.26 V"; VariantName = "[No Variations]"
Change component parameters: Designator = "U16" ("U16"); Footprint = "MEM_DDR3_MT41J128M16JT-125"; UniqueID = "\JJSIUCKL" ("\JJSIUCKL")
Change component parameters (AddParameter): Name = "CreatedBy"; Value = "Jonathan Bouchard"; VariantName = "[No Variations]"
Change component parameters (AddParameter): Name = "Current"; Value = ""; VariantName = "[No Variations]"
Change component parameters (AddParameter): Name = "FootprintNameOK"; Value = ""; VariantName = "[No Variations]"
Change component parameters (AddParameter): Name = "HelpURL"; Value = "http://www.ti.com/lit/ds/symlink/cdce62005.pdf"; VariantName = "[No Variations]"
Change component parameters (AddParameter): Name = "Mfg"; Value = "Texas Instruments"; VariantName = "[No Variations]"
Change component parameters (AddParameter): Name = "Mfg Part Number"; Value = "CDCE62005RGZT"; VariantName = "[No Variations]"
Change component parameters (AddParameter): Name = "NI"; Value = ""; VariantName = "[No Variations]"
Change component parameters (AddParameter): Name = "Package"; Value = "QFN-48"; VariantName = "[No Variations]"
Change component parameters (AddParameter): Name = "Power"; Value = ""; VariantName = "[No Variations]"
Change component parameters (AddParameter): Name = "Precision"; Value = ""; VariantName = "[No Variations]"
Change component parameters (AddParameter): Name = "Supplier 1"; Value = "Digikey"; VariantName = "[No Variations]"
Change component parameters (AddParameter): Name = "Supplier Part Number 1"; Value = "296-23947-1-ND"; VariantName = "[No Variations]"
Change component parameters (AddParameter): Name = "Temperature"; Value = "-40°C ~ 85°C"; VariantName = "[No Variations]"
Change component parameters (AddParameter): Name = "Value"; Value = ""; VariantName = "[No Variations]"
Change component parameters (AddParameter): Name = "VerifiedBy"; Value = ""; VariantName = "[No Variations]"
Change component parameters (AddParameter): Name = "Voltage"; Value = "3 V ~ 3.6 V"; VariantName = "[No Variations]"
Change component parameters: Designator = "U17" ("U17"); Footprint = "SEN_TEMP_TC74A0-3.3VCTTR"; UniqueID = "\HNGLEKFM" ("\HNGLEKFM")
Change component parameters (AddParameter): Name = "CreatedBy"; Value = "Jonathan Bouchard"; VariantName = "[No Variations]"
Change component parameters (AddParameter): Name = "Current"; Value = ""; VariantName = "[No Variations]"
Change component parameters (AddParameter): Name = "FootprintNameOK"; Value = ""; VariantName = "[No Variations]"
Change component parameters (AddParameter): Name = "HelpURL"; Value = "http://www.micron.com/~/media/Documents/Products/Data%20Sheet/DRAM/DDR3/2Gb_DDR3_SDRAM.pdf"; VariantName = "[No Variations]"
Change component parameters (AddParameter): Name = "Mfg"; Value = "Micrel"; VariantName = "[No Variations]"
Change component parameters (AddParameter): Name = "Mfg Part Number"; Value = "MT41J128M16JT-125"; VariantName = "[No Variations]"
Change component parameters (AddParameter): Name = "NI"; Value = ""; VariantName = "[No Variations]"
Change component parameters (AddParameter): Name = "Package"; Value = "TFBGA-96"; VariantName = "[No Variations]"
Change component parameters (AddParameter): Name = "Power"; Value = ""; VariantName = "[No Variations]"
Change component parameters (AddParameter): Name = "Precision"; Value = ""; VariantName = "[No Variations]"
Change component parameters (AddParameter): Name = "Supplier 1"; Value = "Digikey"; VariantName = "[No Variations]"
Change component parameters (AddParameter): Name = "Supplier Part Number 1"; Value = "557-1611-1-ND"; VariantName = "[No Variations]"
Change component parameters (AddParameter): Name = "Temperature"; Value = "0°C ~ 95°C (TC)"; VariantName = "[No Variations]"
Change component parameters (AddParameter): Name = "Value"; Value = ""; VariantName = "[No Variations]"
Change component parameters (AddParameter): Name = "VerifiedBy"; Value = ""; VariantName = "[No Variations]"
Change component parameters (AddParameter): Name = "Voltage"; Value = "1.425 V ~ 1.575 V"; VariantName = "[No Variations]"
Change component parameters: Designator = "U10" ("U10"); Footprint = "REG_LDO_NCP59744MN1ADJTBG"; UniqueID = "\YHDJOARL" ("\YHDJOARL")
Change component parameters (AddParameter): Name = "Assembly Note"; Value = ""; VariantName = "[No Variations]"
Change component parameters (AddParameter): Name = "Assembly Type"; Value = "SMD"; VariantName = "[No Variations]"
Change component parameters (AddParameter): Name = "CreatedBy/Date"; Value = "Joel Lemay 2019-03-19"; VariantName = "[No Variations]"
Change component parameters (AddParameter): Name = "Cryo"; Value = "UNKNOWN"; VariantName = "[No Variations]"
Change component parameters (AddParameter): Name = "Current Rating"; Value = "Source: 3A~4.5A, Sink: 3.5A~5.5A"; VariantName = "[No Variations]"
Change component parameters (AddParameter): Name = "GRAMS Lib Spec"; Value = "2.8"; VariantName = "[No Variations]"
Change component parameters (AddParameter): Name = "HelpURL"; Value = "http://www.ti.com/lit/ds/symlink/tps51200.pdf"; VariantName = "[No Variations]"
Change component parameters (AddParameter): Name = "Magnetic Material"; Value = "Unknown"; VariantName = "[No Variations]"
Change component parameters (AddParameter): Name = "Manufacturer #1"; Value = "Texas Instruments"; VariantName = "[No Variations]"
Change component parameters (AddParameter): Name = "Manufacturer #2"; Value = ""; VariantName = "[No Variations]"
Change component parameters (AddParameter): Name = "Note"; Value = ""; VariantName = "[No Variations]"
Change component parameters (AddParameter): Name = "Package"; Value = "10-VFDFN"; VariantName = "[No Variations]"
Change component parameters (AddParameter): Name = "Part Number #1"; Value = "TPS51200DRCT"; VariantName = "[No Variations]"
Change component parameters (AddParameter): Name = "Part Number #2"; Value = ""; VariantName = "[No Variations]"
Change component parameters (AddParameter): Name = "Polarized"; Value = "Yes"; VariantName = "[No Variations]"
Change component parameters (AddParameter): Name = "Power Max"; Value = ""; VariantName = "[No Variations]"
Change component parameters (AddParameter): Name = "Supplier 1"; Value = "Digi-Key"; VariantName = "[No Variations]"
Change component parameters (AddParameter): Name = "Supplier Part Number 1"; Value = "296-23830-1-ND"; VariantName = "[No Variations]"
Change component parameters (AddParameter): Name = "Temperature"; Value = "-40°C ~ 85°C"; VariantName = "[No Variations]"
Change component parameters (AddParameter): Name = "Tolerance"; Value = ""; VariantName = "[No Variations]"
Change component parameters (AddParameter): Name = "Value"; Value = "DDR, DDR2, DDR3(L), DDR4"; VariantName = "[No Variations]"
Change component parameters (AddParameter): Name = "VerifiedBy"; Value = "Nicolas V. (2019-05-31)"; VariantName = "[No Variations]"
Change component parameters (AddParameter): Name = "Voltage Rating"; Value = "2.375V ~ 3.5V"; VariantName = "[No Variations]"
Added Component: Designator=C40(CAP_0402)
Add component (AddParameter): Name = "CreatedBy"; Value = "Jonathan Bouchard"; VariantName = "[No Variations]"
Add component (AddParameter): Name = "Current"; Value = ""; VariantName = "[No Variations]"
Add component (AddParameter): Name = "FootprintNameOK"; Value = ""; VariantName = "[No Variations]"
Add component (AddParameter): Name = "HelpURL"; Value = ""; VariantName = "[No Variations]"
Add component (AddParameter): Name = "Mfg"; Value = ""; VariantName = "[No Variations]"
Add component (AddParameter): Name = "Mfg Part Number"; Value = ""; VariantName = "[No Variations]"
Add component (AddParameter): Name = "NI"; Value = ""; VariantName = "[No Variations]"
Add component (AddParameter): Name = "Package"; Value = "0402"; VariantName = "[No Variations]"
Add component (AddParameter): Name = "Power"; Value = ""; VariantName = "[No Variations]"
Add component (AddParameter): Name = "Precision"; Value = "10%"; VariantName = "[No Variations]"
Add component (AddParameter): Name = "Temperature"; Value = ""; VariantName = "[No Variations]"
Add component (AddParameter): Name = "Value"; Value = "10u"; VariantName = "[No Variations]"
Add component (AddParameter): Name = "VerifiedBy"; Value = ""; VariantName = "[No Variations]"
Add component (AddParameter): Name = "Voltage"; Value = "50V"; VariantName = "[No Variations]"
Added Component: Designator=C41(CAP_0402)
Add component (AddParameter): Name = "CreatedBy"; Value = "Jonathan Bouchard"; VariantName = "[No Variations]"
Add component (AddParameter): Name = "Current"; Value = ""; VariantName = "[No Variations]"
Add component (AddParameter): Name = "FootprintNameOK"; Value = ""; VariantName = "[No Variations]"
Add component (AddParameter): Name = "HelpURL"; Value = ""; VariantName = "[No Variations]"
Add component (AddParameter): Name = "Mfg"; Value = ""; VariantName = "[No Variations]"
Add component (AddParameter): Name = "Mfg Part Number"; Value = ""; VariantName = "[No Variations]"
Add component (AddParameter): Name = "NI"; Value = ""; VariantName = "[No Variations]"
Add component (AddParameter): Name = "Package"; Value = "0402"; VariantName = "[No Variations]"
Add component (AddParameter): Name = "Power"; Value = ""; VariantName = "[No Variations]"
Add component (AddParameter): Name = "Precision"; Value = "10%"; VariantName = "[No Variations]"
Add component (AddParameter): Name = "Temperature"; Value = ""; VariantName = "[No Variations]"
Add component (AddParameter): Name = "Value"; Value = "10u"; VariantName = "[No Variations]"
Add component (AddParameter): Name = "VerifiedBy"; Value = ""; VariantName = "[No Variations]"
Add component (AddParameter): Name = "Voltage"; Value = "50V"; VariantName = "[No Variations]"
Added Component: Designator=C42(CAP_0402)
Add component (AddParameter): Name = "CreatedBy"; Value = "Jonathan Bouchard"; VariantName = "[No Variations]"
Add component (AddParameter): Name = "Current"; Value = ""; VariantName = "[No Variations]"
Add component (AddParameter): Name = "FootprintNameOK"; Value = ""; VariantName = "[No Variations]"
Add component (AddParameter): Name = "HelpURL"; Value = ""; VariantName = "[No Variations]"
Add component (AddParameter): Name = "Mfg"; Value = ""; VariantName = "[No Variations]"
Add component (AddParameter): Name = "Mfg Part Number"; Value = ""; VariantName = "[No Variations]"
Add component (AddParameter): Name = "NI"; Value = ""; VariantName = "[No Variations]"
Add component (AddParameter): Name = "Package"; Value = "0402"; VariantName = "[No Variations]"
Add component (AddParameter): Name = "Power"; Value = ""; VariantName = "[No Variations]"
Add component (AddParameter): Name = "Precision"; Value = "10%"; VariantName = "[No Variations]"
Add component (AddParameter): Name = "Temperature"; Value = ""; VariantName = "[No Variations]"
Add component (AddParameter): Name = "Value"; Value = "10u"; VariantName = "[No Variations]"
Add component (AddParameter): Name = "VerifiedBy"; Value = ""; VariantName = "[No Variations]"
Add component (AddParameter): Name = "Voltage"; Value = "50V"; VariantName = "[No Variations]"
Added Component: Designator=C107(CAP_0402)
Add component (AddParameter): Name = "CreatedBy"; Value = "Jonathan Bouchard"; VariantName = "[No Variations]"
Add component (AddParameter): Name = "Current"; Value = ""; VariantName = "[No Variations]"
Add component (AddParameter): Name = "FootprintNameOK"; Value = ""; VariantName = "[No Variations]"
Add component (AddParameter): Name = "HelpURL"; Value = ""; VariantName = "[No Variations]"
Add component (AddParameter): Name = "Mfg"; Value = ""; VariantName = "[No Variations]"
Add component (AddParameter): Name = "Mfg Part Number"; Value = ""; VariantName = "[No Variations]"
Add component (AddParameter): Name = "NI"; Value = ""; VariantName = "[No Variations]"
Add component (AddParameter): Name = "Package"; Value = "0402"; VariantName = "[No Variations]"
Add component (AddParameter): Name = "Power"; Value = ""; VariantName = "[No Variations]"
Add component (AddParameter): Name = "Precision"; Value = "10%"; VariantName = "[No Variations]"
Add component (AddParameter): Name = "Temperature"; Value = ""; VariantName = "[No Variations]"
Add component (AddParameter): Name = "Value"; Value = "560 pF"; VariantName = "[No Variations]"
Add component (AddParameter): Name = "VerifiedBy"; Value = ""; VariantName = "[No Variations]"
Add component (AddParameter): Name = "Voltage"; Value = "10V"; VariantName = "[No Variations]"
Added Component: Designator=C112(CAP_0805)
Add component (AddParameter): Name = "CreatedBy"; Value = "Jonathan Bouchard"; VariantName = "[No Variations]"
Add component (AddParameter): Name = "Current"; Value = ""; VariantName = "[No Variations]"
Add component (AddParameter): Name = "FootprintNameOK"; Value = ""; VariantName = "[No Variations]"
Add component (AddParameter): Name = "HelpURL"; Value = ""; VariantName = "[No Variations]"
Add component (AddParameter): Name = "Mfg"; Value = ""; VariantName = "[No Variations]"
Add component (AddParameter): Name = "Mfg Part Number"; Value = ""; VariantName = "[No Variations]"
Add component (AddParameter): Name = "NI"; Value = ""; VariantName = "[No Variations]"
Add component (AddParameter): Name = "Package"; Value = "0805"; VariantName = "[No Variations]"
Add component (AddParameter): Name = "Power"; Value = ""; VariantName = "[No Variations]"
Add component (AddParameter): Name = "Precision"; Value = "10%"; VariantName = "[No Variations]"
Add component (AddParameter): Name = "Temperature"; Value = ""; VariantName = "[No Variations]"
Add component (AddParameter): Name = "Value"; Value = "10uF"; VariantName = "[No Variations]"
Add component (AddParameter): Name = "VerifiedBy"; Value = ""; VariantName = "[No Variations]"
Add component (AddParameter): Name = "Voltage"; Value = "10V"; VariantName = "[No Variations]"
Added Component: Designator=C117(CAP_0402)
Add component (AddParameter): Name = "CreatedBy"; Value = "Jonathan Bouchard"; VariantName = "[No Variations]"
Add component (AddParameter): Name = "Current"; Value = ""; VariantName = "[No Variations]"
Add component (AddParameter): Name = "FootprintNameOK"; Value = ""; VariantName = "[No Variations]"
Add component (AddParameter): Name = "HelpURL"; Value = ""; VariantName = "[No Variations]"
Add component (AddParameter): Name = "Mfg"; Value = ""; VariantName = "[No Variations]"
Add component (AddParameter): Name = "Mfg Part Number"; Value = ""; VariantName = "[No Variations]"
Add component (AddParameter): Name = "NI"; Value = ""; VariantName = "[No Variations]"
Add component (AddParameter): Name = "Package"; Value = "0402"; VariantName = "[No Variations]"
Add component (AddParameter): Name = "Power"; Value = ""; VariantName = "[No Variations]"
Add component (AddParameter): Name = "Precision"; Value = "10%"; VariantName = "[No Variations]"
Add component (AddParameter): Name = "Temperature"; Value = ""; VariantName = "[No Variations]"
Add component (AddParameter): Name = "Value"; Value = "100nF"; VariantName = "[No Variations]"
Add component (AddParameter): Name = "VerifiedBy"; Value = ""; VariantName = "[No Variations]"
Add component (AddParameter): Name = "Voltage"; Value = "50V"; VariantName = "[No Variations]"
Added Component: Designator=C160(CAP_0402)
Add component (AddParameter): Name = "CreatedBy"; Value = "Jonathan Bouchard"; VariantName = "[No Variations]"
Add component (AddParameter): Name = "Current"; Value = ""; VariantName = "[No Variations]"
Add component (AddParameter): Name = "FootprintNameOK"; Value = ""; VariantName = "[No Variations]"
Add component (AddParameter): Name = "HelpURL"; Value = ""; VariantName = "[No Variations]"
Add component (AddParameter): Name = "Mfg"; Value = ""; VariantName = "[No Variations]"
Add component (AddParameter): Name = "Mfg Part Number"; Value = ""; VariantName = "[No Variations]"
Add component (AddParameter): Name = "NI"; Value = ""; VariantName = "[No Variations]"
Add component (AddParameter): Name = "Package"; Value = "0402"; VariantName = "[No Variations]"
Add component (AddParameter): Name = "Power"; Value = ""; VariantName = "[No Variations]"
Add component (AddParameter): Name = "Precision"; Value = "10%"; VariantName = "[No Variations]"
Add component (AddParameter): Name = "Temperature"; Value = ""; VariantName = "[No Variations]"
Add component (AddParameter): Name = "Value"; Value = "47nF"; VariantName = "[No Variations]"
Add component (AddParameter): Name = "VerifiedBy"; Value = ""; VariantName = "[No Variations]"
Add component (AddParameter): Name = "Voltage"; Value = "50V"; VariantName = "[No Variations]"
Added Component: Designator=C243(CAP_0402)
Add component (AddParameter): Name = "CreatedBy"; Value = "Jonathan Bouchard"; VariantName = "[No Variations]"
Add component (AddParameter): Name = "Current"; Value = ""; VariantName = "[No Variations]"
Add component (AddParameter): Name = "FootprintNameOK"; Value = ""; VariantName = "[No Variations]"
Add component (AddParameter): Name = "HelpURL"; Value = ""; VariantName = "[No Variations]"
Add component (AddParameter): Name = "Mfg"; Value = ""; VariantName = "[No Variations]"
Add component (AddParameter): Name = "Mfg Part Number"; Value = ""; VariantName = "[No Variations]"
Add component (AddParameter): Name = "NI"; Value = ""; VariantName = "[No Variations]"
Add component (AddParameter): Name = "Package"; Value = "0402"; VariantName = "[No Variations]"
Add component (AddParameter): Name = "Power"; Value = ""; VariantName = "[No Variations]"
Add component (AddParameter): Name = "Precision"; Value = "10%"; VariantName = "[No Variations]"
Add component (AddParameter): Name = "Temperature"; Value = ""; VariantName = "[No Variations]"
Add component (AddParameter): Name = "Value"; Value = "47nF"; VariantName = "[No Variations]"
Add component (AddParameter): Name = "VerifiedBy"; Value = ""; VariantName = "[No Variations]"
Add component (AddParameter): Name = "Voltage"; Value = "50V"; VariantName = "[No Variations]"
Added Component: Designator=C244(CAP_0402)
Add component (AddParameter): Name = "CreatedBy"; Value = "Jonathan Bouchard"; VariantName = "[No Variations]"
Add component (AddParameter): Name = "Current"; Value = ""; VariantName = "[No Variations]"
Add component (AddParameter): Name = "FootprintNameOK"; Value = ""; VariantName = "[No Variations]"
Add component (AddParameter): Name = "HelpURL"; Value = ""; VariantName = "[No Variations]"
Add component (AddParameter): Name = "Mfg"; Value = ""; VariantName = "[No Variations]"
Add component (AddParameter): Name = "Mfg Part Number"; Value = ""; VariantName = "[No Variations]"
Add component (AddParameter): Name = "NI"; Value = ""; VariantName = "[No Variations]"
Add component (AddParameter): Name = "Package"; Value = "0402"; VariantName = "[No Variations]"
Add component (AddParameter): Name = "Power"; Value = ""; VariantName = "[No Variations]"
Add component (AddParameter): Name = "Precision"; Value = "10%"; VariantName = "[No Variations]"
Add component (AddParameter): Name = "Temperature"; Value = ""; VariantName = "[No Variations]"
Add component (AddParameter): Name = "Value"; Value = "47nF"; VariantName = "[No Variations]"
Add component (AddParameter): Name = "VerifiedBy"; Value = ""; VariantName = "[No Variations]"
Add component (AddParameter): Name = "Voltage"; Value = "50V"; VariantName = "[No Variations]"
Added Component: Designator=C245(CAP_0402)
Add component (AddParameter): Name = "CreatedBy"; Value = "Jonathan Bouchard"; VariantName = "[No Variations]"
Add component (AddParameter): Name = "Current"; Value = ""; VariantName = "[No Variations]"
Add component (AddParameter): Name = "FootprintNameOK"; Value = ""; VariantName = "[No Variations]"
Add component (AddParameter): Name = "HelpURL"; Value = ""; VariantName = "[No Variations]"
Add component (AddParameter): Name = "Mfg"; Value = ""; VariantName = "[No Variations]"
Add component (AddParameter): Name = "Mfg Part Number"; Value = ""; VariantName = "[No Variations]"
Add component (AddParameter): Name = "NI"; Value = ""; VariantName = "[No Variations]"
Add component (AddParameter): Name = "Package"; Value = "0402"; VariantName = "[No Variations]"
Add component (AddParameter): Name = "Power"; Value = ""; VariantName = "[No Variations]"
Add component (AddParameter): Name = "Precision"; Value = "10%"; VariantName = "[No Variations]"
Add component (AddParameter): Name = "Temperature"; Value = ""; VariantName = "[No Variations]"
Add component (AddParameter): Name = "Value"; Value = "47nF"; VariantName = "[No Variations]"
Add component (AddParameter): Name = "VerifiedBy"; Value = ""; VariantName = "[No Variations]"
Add component (AddParameter): Name = "Voltage"; Value = "50V"; VariantName = "[No Variations]"
Added Component: Designator=C246(CAP_0402)
Add component (AddParameter): Name = "CreatedBy"; Value = "Jonathan Bouchard"; VariantName = "[No Variations]"
Add component (AddParameter): Name = "Current"; Value = ""; VariantName = "[No Variations]"
Add component (AddParameter): Name = "FootprintNameOK"; Value = ""; VariantName = "[No Variations]"
Add component (AddParameter): Name = "HelpURL"; Value = ""; VariantName = "[No Variations]"
Add component (AddParameter): Name = "Mfg"; Value = ""; VariantName = "[No Variations]"
Add component (AddParameter): Name = "Mfg Part Number"; Value = ""; VariantName = "[No Variations]"
Add component (AddParameter): Name = "NI"; Value = ""; VariantName = "[No Variations]"
Add component (AddParameter): Name = "Package"; Value = "0402"; VariantName = "[No Variations]"
Add component (AddParameter): Name = "Power"; Value = ""; VariantName = "[No Variations]"
Add component (AddParameter): Name = "Precision"; Value = "10%"; VariantName = "[No Variations]"
Add component (AddParameter): Name = "Temperature"; Value = ""; VariantName = "[No Variations]"
Add component (AddParameter): Name = "Value"; Value = "470nF"; VariantName = "[No Variations]"
Add component (AddParameter): Name = "VerifiedBy"; Value = ""; VariantName = "[No Variations]"
Add component (AddParameter): Name = "Voltage"; Value = "50V"; VariantName = "[No Variations]"
Added Component: Designator=C247(CAP_0402)
Add component (AddParameter): Name = "CreatedBy"; Value = "Jonathan Bouchard"; VariantName = "[No Variations]"
Add component (AddParameter): Name = "Current"; Value = ""; VariantName = "[No Variations]"
Add component (AddParameter): Name = "FootprintNameOK"; Value = ""; VariantName = "[No Variations]"
Add component (AddParameter): Name = "HelpURL"; Value = ""; VariantName = "[No Variations]"
Add component (AddParameter): Name = "Mfg"; Value = ""; VariantName = "[No Variations]"
Add component (AddParameter): Name = "Mfg Part Number"; Value = ""; VariantName = "[No Variations]"
Add component (AddParameter): Name = "NI"; Value = ""; VariantName = "[No Variations]"
Add component (AddParameter): Name = "Package"; Value = "0402"; VariantName = "[No Variations]"
Add component (AddParameter): Name = "Power"; Value = ""; VariantName = "[No Variations]"
Add component (AddParameter): Name = "Precision"; Value = "10%"; VariantName = "[No Variations]"
Add component (AddParameter): Name = "Temperature"; Value = ""; VariantName = "[No Variations]"
Add component (AddParameter): Name = "Value"; Value = "470nF"; VariantName = "[No Variations]"
Add component (AddParameter): Name = "VerifiedBy"; Value = ""; VariantName = "[No Variations]"
Add component (AddParameter): Name = "Voltage"; Value = "50V"; VariantName = "[No Variations]"
Added Component: Designator=C248(CAP_0402)
Add component (AddParameter): Name = "CreatedBy"; Value = "Jonathan Bouchard"; VariantName = "[No Variations]"
Add component (AddParameter): Name = "Current"; Value = ""; VariantName = "[No Variations]"
Add component (AddParameter): Name = "FootprintNameOK"; Value = ""; VariantName = "[No Variations]"
Add component (AddParameter): Name = "HelpURL"; Value = ""; VariantName = "[No Variations]"
Add component (AddParameter): Name = "Mfg"; Value = ""; VariantName = "[No Variations]"
Add component (AddParameter): Name = "Mfg Part Number"; Value = ""; VariantName = "[No Variations]"
Add component (AddParameter): Name = "NI"; Value = ""; VariantName = "[No Variations]"
Add component (AddParameter): Name = "Package"; Value = "0402"; VariantName = "[No Variations]"
Add component (AddParameter): Name = "Power"; Value = ""; VariantName = "[No Variations]"
Add component (AddParameter): Name = "Precision"; Value = "10%"; VariantName = "[No Variations]"
Add component (AddParameter): Name = "Temperature"; Value = ""; VariantName = "[No Variations]"
Add component (AddParameter): Name = "Value"; Value = "4.7uF"; VariantName = "[No Variations]"
Add component (AddParameter): Name = "VerifiedBy"; Value = ""; VariantName = "[No Variations]"
Add component (AddParameter): Name = "Voltage"; Value = "50V"; VariantName = "[No Variations]"
Added Component: Designator=C249(CAP_0402)
Add component (AddParameter): Name = "CreatedBy"; Value = "Jonathan Bouchard"; VariantName = "[No Variations]"
Add component (AddParameter): Name = "Current"; Value = ""; VariantName = "[No Variations]"
Add component (AddParameter): Name = "FootprintNameOK"; Value = ""; VariantName = "[No Variations]"
Add component (AddParameter): Name = "HelpURL"; Value = ""; VariantName = "[No Variations]"
Add component (AddParameter): Name = "Mfg"; Value = ""; VariantName = "[No Variations]"
Add component (AddParameter): Name = "Mfg Part Number"; Value = ""; VariantName = "[No Variations]"
Add component (AddParameter): Name = "NI"; Value = ""; VariantName = "[No Variations]"
Add component (AddParameter): Name = "Package"; Value = "0402"; VariantName = "[No Variations]"
Add component (AddParameter): Name = "Power"; Value = ""; VariantName = "[No Variations]"
Add component (AddParameter): Name = "Precision"; Value = "10%"; VariantName = "[No Variations]"
Add component (AddParameter): Name = "Temperature"; Value = ""; VariantName = "[No Variations]"
Add component (AddParameter): Name = "Value"; Value = "100n"; VariantName = "[No Variations]"
Add component (AddParameter): Name = "VerifiedBy"; Value = ""; VariantName = "[No Variations]"
Add component (AddParameter): Name = "Voltage"; Value = "50V"; VariantName = "[No Variations]"
Added Component: Designator=C250(CAP_0402)
Add component (AddParameter): Name = "CreatedBy"; Value = "Jonathan Bouchard"; VariantName = "[No Variations]"
Add component (AddParameter): Name = "Current"; Value = ""; VariantName = "[No Variations]"
Add component (AddParameter): Name = "FootprintNameOK"; Value = ""; VariantName = "[No Variations]"
Add component (AddParameter): Name = "HelpURL"; Value = ""; VariantName = "[No Variations]"
Add component (AddParameter): Name = "Mfg"; Value = ""; VariantName = "[No Variations]"
Add component (AddParameter): Name = "Mfg Part Number"; Value = ""; VariantName = "[No Variations]"
Add component (AddParameter): Name = "NI"; Value = ""; VariantName = "[No Variations]"
Add component (AddParameter): Name = "Package"; Value = "0402"; VariantName = "[No Variations]"
Add component (AddParameter): Name = "Power"; Value = ""; VariantName = "[No Variations]"
Add component (AddParameter): Name = "Precision"; Value = "10%"; VariantName = "[No Variations]"
Add component (AddParameter): Name = "Temperature"; Value = ""; VariantName = "[No Variations]"
Add component (AddParameter): Name = "Value"; Value = "10n"; VariantName = "[No Variations]"
Add component (AddParameter): Name = "VerifiedBy"; Value = ""; VariantName = "[No Variations]"
Add component (AddParameter): Name = "Voltage"; Value = "50V"; VariantName = "[No Variations]"
Added Component: Designator=C251(CAP_0402)
Add component (AddParameter): Name = "CreatedBy"; Value = "Jonathan Bouchard"; VariantName = "[No Variations]"
Add component (AddParameter): Name = "Current"; Value = ""; VariantName = "[No Variations]"
Add component (AddParameter): Name = "FootprintNameOK"; Value = ""; VariantName = "[No Variations]"
Add component (AddParameter): Name = "HelpURL"; Value = ""; VariantName = "[No Variations]"
Add component (AddParameter): Name = "Mfg"; Value = ""; VariantName = "[No Variations]"
Add component (AddParameter): Name = "Mfg Part Number"; Value = ""; VariantName = "[No Variations]"
Add component (AddParameter): Name = "NI"; Value = ""; VariantName = "[No Variations]"
Add component (AddParameter): Name = "Package"; Value = "0402"; VariantName = "[No Variations]"
Add component (AddParameter): Name = "Power"; Value = ""; VariantName = "[No Variations]"
Add component (AddParameter): Name = "Precision"; Value = "10%"; VariantName = "[No Variations]"
Add component (AddParameter): Name = "Temperature"; Value = ""; VariantName = "[No Variations]"
Add component (AddParameter): Name = "Value"; Value = "100n"; VariantName = "[No Variations]"
Add component (AddParameter): Name = "VerifiedBy"; Value = ""; VariantName = "[No Variations]"
Add component (AddParameter): Name = "Voltage"; Value = "50V"; VariantName = "[No Variations]"
Added Component: Designator=C252(CAP_0402)
Add component (AddParameter): Name = "CreatedBy"; Value = "Jonathan Bouchard"; VariantName = "[No Variations]"
Add component (AddParameter): Name = "Current"; Value = ""; VariantName = "[No Variations]"
Add component (AddParameter): Name = "FootprintNameOK"; Value = ""; VariantName = "[No Variations]"
Add component (AddParameter): Name = "HelpURL"; Value = ""; VariantName = "[No Variations]"
Add component (AddParameter): Name = "Mfg"; Value = ""; VariantName = "[No Variations]"
Add component (AddParameter): Name = "Mfg Part Number"; Value = ""; VariantName = "[No Variations]"
Add component (AddParameter): Name = "NI"; Value = ""; VariantName = "[No Variations]"
Add component (AddParameter): Name = "Package"; Value = "0402"; VariantName = "[No Variations]"
Add component (AddParameter): Name = "Power"; Value = ""; VariantName = "[No Variations]"
Add component (AddParameter): Name = "Precision"; Value = "10%"; VariantName = "[No Variations]"
Add component (AddParameter): Name = "Temperature"; Value = ""; VariantName = "[No Variations]"
Add component (AddParameter): Name = "Value"; Value = "100n"; VariantName = "[No Variations]"
Add component (AddParameter): Name = "VerifiedBy"; Value = ""; VariantName = "[No Variations]"
Add component (AddParameter): Name = "Voltage"; Value = "50V"; VariantName = "[No Variations]"
Added Component: Designator=C253(CAP_0402)
Add component (AddParameter): Name = "CreatedBy"; Value = "Jonathan Bouchard"; VariantName = "[No Variations]"
Add component (AddParameter): Name = "Current"; Value = ""; VariantName = "[No Variations]"
Add component (AddParameter): Name = "FootprintNameOK"; Value = ""; VariantName = "[No Variations]"
Add component (AddParameter): Name = "HelpURL"; Value = ""; VariantName = "[No Variations]"
Add component (AddParameter): Name = "Mfg"; Value = ""; VariantName = "[No Variations]"
Add component (AddParameter): Name = "Mfg Part Number"; Value = ""; VariantName = "[No Variations]"
Add component (AddParameter): Name = "NI"; Value = ""; VariantName = "[No Variations]"
Add component (AddParameter): Name = "Package"; Value = "0402"; VariantName = "[No Variations]"
Add component (AddParameter): Name = "Power"; Value = ""; VariantName = "[No Variations]"
Add component (AddParameter): Name = "Precision"; Value = "10%"; VariantName = "[No Variations]"
Add component (AddParameter): Name = "Temperature"; Value = ""; VariantName = "[No Variations]"
Add component (AddParameter): Name = "Value"; Value = "100n"; VariantName = "[No Variations]"
Add component (AddParameter): Name = "VerifiedBy"; Value = ""; VariantName = "[No Variations]"
Add component (AddParameter): Name = "Voltage"; Value = "50V"; VariantName = "[No Variations]"
Added Component: Designator=C254(CAP_0402)
Add component (AddParameter): Name = "CreatedBy"; Value = "Jonathan Bouchard"; VariantName = "[No Variations]"
Add component (AddParameter): Name = "Current"; Value = ""; VariantName = "[No Variations]"
Add component (AddParameter): Name = "FootprintNameOK"; Value = ""; VariantName = "[No Variations]"
Add component (AddParameter): Name = "HelpURL"; Value = ""; VariantName = "[No Variations]"
Add component (AddParameter): Name = "Mfg"; Value = ""; VariantName = "[No Variations]"
Add component (AddParameter): Name = "Mfg Part Number"; Value = ""; VariantName = "[No Variations]"
Add component (AddParameter): Name = "NI"; Value = ""; VariantName = "[No Variations]"
Add component (AddParameter): Name = "Package"; Value = "0402"; VariantName = "[No Variations]"
Add component (AddParameter): Name = "Power"; Value = ""; VariantName = "[No Variations]"
Add component (AddParameter): Name = "Precision"; Value = "10%"; VariantName = "[No Variations]"
Add component (AddParameter): Name = "Temperature"; Value = ""; VariantName = "[No Variations]"
Add component (AddParameter): Name = "Value"; Value = "100n"; VariantName = "[No Variations]"
Add component (AddParameter): Name = "VerifiedBy"; Value = ""; VariantName = "[No Variations]"
Add component (AddParameter): Name = "Voltage"; Value = "50V"; VariantName = "[No Variations]"
Added Component: Designator=C255(CAP_0402)
Add component (AddParameter): Name = "CreatedBy"; Value = "Jonathan Bouchard"; VariantName = "[No Variations]"
Add component (AddParameter): Name = "Current"; Value = ""; VariantName = "[No Variations]"
Add component (AddParameter): Name = "FootprintNameOK"; Value = ""; VariantName = "[No Variations]"
Add component (AddParameter): Name = "HelpURL"; Value = ""; VariantName = "[No Variations]"
Add component (AddParameter): Name = "Mfg"; Value = ""; VariantName = "[No Variations]"
Add component (AddParameter): Name = "Mfg Part Number"; Value = ""; VariantName = "[No Variations]"
Add component (AddParameter): Name = "NI"; Value = ""; VariantName = "[No Variations]"
Add component (AddParameter): Name = "Package"; Value = "0402"; VariantName = "[No Variations]"
Add component (AddParameter): Name = "Power"; Value = ""; VariantName = "[No Variations]"
Add component (AddParameter): Name = "Precision"; Value = "10%"; VariantName = "[No Variations]"
Add component (AddParameter): Name = "Temperature"; Value = ""; VariantName = "[No Variations]"
Add component (AddParameter): Name = "Value"; Value = "100n"; VariantName = "[No Variations]"
Add component (AddParameter): Name = "VerifiedBy"; Value = ""; VariantName = "[No Variations]"
Add component (AddParameter): Name = "Voltage"; Value = "50V"; VariantName = "[No Variations]"
Added Component: Designator=C256(CAP_0402)
Add component (AddParameter): Name = "CreatedBy"; Value = "Jonathan Bouchard"; VariantName = "[No Variations]"
Add component (AddParameter): Name = "Current"; Value = ""; VariantName = "[No Variations]"
Add component (AddParameter): Name = "FootprintNameOK"; Value = ""; VariantName = "[No Variations]"
Add component (AddParameter): Name = "HelpURL"; Value = ""; VariantName = "[No Variations]"
Add component (AddParameter): Name = "Mfg"; Value = ""; VariantName = "[No Variations]"
Add component (AddParameter): Name = "Mfg Part Number"; Value = ""; VariantName = "[No Variations]"
Add component (AddParameter): Name = "NI"; Value = ""; VariantName = "[No Variations]"
Add component (AddParameter): Name = "Package"; Value = "0402"; VariantName = "[No Variations]"
Add component (AddParameter): Name = "Power"; Value = ""; VariantName = "[No Variations]"
Add component (AddParameter): Name = "Precision"; Value = "10%"; VariantName = "[No Variations]"
Add component (AddParameter): Name = "Temperature"; Value = ""; VariantName = "[No Variations]"
Add component (AddParameter): Name = "Value"; Value = "100n"; VariantName = "[No Variations]"
Add component (AddParameter): Name = "VerifiedBy"; Value = ""; VariantName = "[No Variations]"
Add component (AddParameter): Name = "Voltage"; Value = "50V"; VariantName = "[No Variations]"
Added Component: Designator=C257(CAP_0402)
Add component (AddParameter): Name = "CreatedBy"; Value = "Jonathan Bouchard"; VariantName = "[No Variations]"
Add component (AddParameter): Name = "Current"; Value = ""; VariantName = "[No Variations]"
Add component (AddParameter): Name = "FootprintNameOK"; Value = ""; VariantName = "[No Variations]"
Add component (AddParameter): Name = "HelpURL"; Value = ""; VariantName = "[No Variations]"
Add component (AddParameter): Name = "Mfg"; Value = ""; VariantName = "[No Variations]"
Add component (AddParameter): Name = "Mfg Part Number"; Value = ""; VariantName = "[No Variations]"
Add component (AddParameter): Name = "NI"; Value = ""; VariantName = "[No Variations]"
Add component (AddParameter): Name = "Package"; Value = "0402"; VariantName = "[No Variations]"
Add component (AddParameter): Name = "Power"; Value = ""; VariantName = "[No Variations]"
Add component (AddParameter): Name = "Precision"; Value = "10%"; VariantName = "[No Variations]"
Add component (AddParameter): Name = "Temperature"; Value = ""; VariantName = "[No Variations]"
Add component (AddParameter): Name = "Value"; Value = "100n"; VariantName = "[No Variations]"
Add component (AddParameter): Name = "VerifiedBy"; Value = ""; VariantName = "[No Variations]"
Add component (AddParameter): Name = "Voltage"; Value = "50V"; VariantName = "[No Variations]"
Added Component: Designator=C258(CAP_0402)
Add component (AddParameter): Name = "CreatedBy"; Value = "Jonathan Bouchard"; VariantName = "[No Variations]"
Add component (AddParameter): Name = "Current"; Value = ""; VariantName = "[No Variations]"
Add component (AddParameter): Name = "FootprintNameOK"; Value = ""; VariantName = "[No Variations]"
Add component (AddParameter): Name = "HelpURL"; Value = ""; VariantName = "[No Variations]"
Add component (AddParameter): Name = "Mfg"; Value = ""; VariantName = "[No Variations]"
Add component (AddParameter): Name = "Mfg Part Number"; Value = ""; VariantName = "[No Variations]"
Add component (AddParameter): Name = "NI"; Value = ""; VariantName = "[No Variations]"
Add component (AddParameter): Name = "Package"; Value = "0402"; VariantName = "[No Variations]"
Add component (AddParameter): Name = "Power"; Value = ""; VariantName = "[No Variations]"
Add component (AddParameter): Name = "Precision"; Value = "10%"; VariantName = "[No Variations]"
Add component (AddParameter): Name = "Temperature"; Value = ""; VariantName = "[No Variations]"
Add component (AddParameter): Name = "Value"; Value = "10u"; VariantName = "[No Variations]"
Add component (AddParameter): Name = "VerifiedBy"; Value = ""; VariantName = "[No Variations]"
Add component (AddParameter): Name = "Voltage"; Value = "50V"; VariantName = "[No Variations]"
Added Component: Designator=C259(CAP_0402)
Add component (AddParameter): Name = "CreatedBy"; Value = "Jonathan Bouchard"; VariantName = "[No Variations]"
Add component (AddParameter): Name = "Current"; Value = ""; VariantName = "[No Variations]"
Add component (AddParameter): Name = "FootprintNameOK"; Value = ""; VariantName = "[No Variations]"
Add component (AddParameter): Name = "HelpURL"; Value = ""; VariantName = "[No Variations]"
Add component (AddParameter): Name = "Mfg"; Value = ""; VariantName = "[No Variations]"
Add component (AddParameter): Name = "Mfg Part Number"; Value = ""; VariantName = "[No Variations]"
Add component (AddParameter): Name = "NI"; Value = ""; VariantName = "[No Variations]"
Add component (AddParameter): Name = "Package"; Value = "0402"; VariantName = "[No Variations]"
Add component (AddParameter): Name = "Power"; Value = ""; VariantName = "[No Variations]"
Add component (AddParameter): Name = "Precision"; Value = "10%"; VariantName = "[No Variations]"
Add component (AddParameter): Name = "Temperature"; Value = ""; VariantName = "[No Variations]"
Add component (AddParameter): Name = "Value"; Value = "1uF"; VariantName = "[No Variations]"
Add component (AddParameter): Name = "VerifiedBy"; Value = ""; VariantName = "[No Variations]"
Add component (AddParameter): Name = "Voltage"; Value = "35V"; VariantName = "[No Variations]"
Added Component: Designator=C260(CAP_0402)
Add component (AddParameter): Name = "CreatedBy"; Value = "Jonathan Bouchard"; VariantName = "[No Variations]"
Add component (AddParameter): Name = "Current"; Value = ""; VariantName = "[No Variations]"
Add component (AddParameter): Name = "FootprintNameOK"; Value = ""; VariantName = "[No Variations]"
Add component (AddParameter): Name = "HelpURL"; Value = ""; VariantName = "[No Variations]"
Add component (AddParameter): Name = "Mfg"; Value = ""; VariantName = "[No Variations]"
Add component (AddParameter): Name = "Mfg Part Number"; Value = ""; VariantName = "[No Variations]"
Add component (AddParameter): Name = "NI"; Value = ""; VariantName = "[No Variations]"
Add component (AddParameter): Name = "Package"; Value = "0402"; VariantName = "[No Variations]"
Add component (AddParameter): Name = "Power"; Value = ""; VariantName = "[No Variations]"
Add component (AddParameter): Name = "Precision"; Value = "10%"; VariantName = "[No Variations]"
Add component (AddParameter): Name = "Temperature"; Value = ""; VariantName = "[No Variations]"
Add component (AddParameter): Name = "Value"; Value = "1uF"; VariantName = "[No Variations]"
Add component (AddParameter): Name = "VerifiedBy"; Value = ""; VariantName = "[No Variations]"
Add component (AddParameter): Name = "Voltage"; Value = "35V"; VariantName = "[No Variations]"
Added Component: Designator=C261(CAP_0402)
Add component (AddParameter): Name = "CreatedBy"; Value = "Jonathan Bouchard"; VariantName = "[No Variations]"
Add component (AddParameter): Name = "Current"; Value = ""; VariantName = "[No Variations]"
Add component (AddParameter): Name = "FootprintNameOK"; Value = ""; VariantName = "[No Variations]"
Add component (AddParameter): Name = "HelpURL"; Value = ""; VariantName = "[No Variations]"
Add component (AddParameter): Name = "Mfg"; Value = ""; VariantName = "[No Variations]"
Add component (AddParameter): Name = "Mfg Part Number"; Value = ""; VariantName = "[No Variations]"
Add component (AddParameter): Name = "NI"; Value = ""; VariantName = "[No Variations]"
Add component (AddParameter): Name = "Package"; Value = "0402"; VariantName = "[No Variations]"
Add component (AddParameter): Name = "Power"; Value = ""; VariantName = "[No Variations]"
Add component (AddParameter): Name = "Precision"; Value = "10%"; VariantName = "[No Variations]"
Add component (AddParameter): Name = "Temperature"; Value = ""; VariantName = "[No Variations]"
Add component (AddParameter): Name = "Value"; Value = "100n"; VariantName = "[No Variations]"
Add component (AddParameter): Name = "VerifiedBy"; Value = ""; VariantName = "[No Variations]"
Add component (AddParameter): Name = "Voltage"; Value = "35V"; VariantName = "[No Variations]"
Added Component: Designator=C262(CAP_0402)
Add component (AddParameter): Name = "CreatedBy"; Value = "Jonathan Bouchard"; VariantName = "[No Variations]"
Add component (AddParameter): Name = "Current"; Value = ""; VariantName = "[No Variations]"
Add component (AddParameter): Name = "FootprintNameOK"; Value = ""; VariantName = "[No Variations]"
Add component (AddParameter): Name = "HelpURL"; Value = ""; VariantName = "[No Variations]"
Add component (AddParameter): Name = "Mfg"; Value = ""; VariantName = "[No Variations]"
Add component (AddParameter): Name = "Mfg Part Number"; Value = ""; VariantName = "[No Variations]"
Add component (AddParameter): Name = "NI"; Value = ""; VariantName = "[No Variations]"
Add component (AddParameter): Name = "Package"; Value = "0402"; VariantName = "[No Variations]"
Add component (AddParameter): Name = "Power"; Value = ""; VariantName = "[No Variations]"
Add component (AddParameter): Name = "Precision"; Value = "10%"; VariantName = "[No Variations]"
Add component (AddParameter): Name = "Temperature"; Value = ""; VariantName = "[No Variations]"
Add component (AddParameter): Name = "Value"; Value = "100n"; VariantName = "[No Variations]"
Add component (AddParameter): Name = "VerifiedBy"; Value = ""; VariantName = "[No Variations]"
Add component (AddParameter): Name = "Voltage"; Value = "35V"; VariantName = "[No Variations]"
Added Component: Designator=R24(RES_0603)
Add component (AddParameter): Name = "CreatedBy"; Value = "Jonathan Bouchard"; VariantName = "[No Variations]"
Add component (AddParameter): Name = "Current"; Value = ""; VariantName = "[No Variations]"
Add component (AddParameter): Name = "FootprintNameOK"; Value = ""; VariantName = "[No Variations]"
Add component (AddParameter): Name = "HelpURL"; Value = ""; VariantName = "[No Variations]"
Add component (AddParameter): Name = "Mfg"; Value = ""; VariantName = "[No Variations]"
Add component (AddParameter): Name = "Mfg Part Number"; Value = ""; VariantName = "[No Variations]"
Add component (AddParameter): Name = "NI"; Value = ""; VariantName = "[No Variations]"
Add component (AddParameter): Name = "Package"; Value = "0603"; VariantName = "[No Variations]"
Add component (AddParameter): Name = "Power"; Value = ""; VariantName = "[No Variations]"
Add component (AddParameter): Name = "Precision"; Value = "1%"; VariantName = "[No Variations]"
Add component (AddParameter): Name = "Temperature"; Value = ""; VariantName = "[No Variations]"
Add component (AddParameter): Name = "Value"; Value = "3.57k"; VariantName = "[No Variations]"
Add component (AddParameter): Name = "VerifiedBy"; Value = ""; VariantName = "[No Variations]"
Add component (AddParameter): Name = "Voltage"; Value = ""; VariantName = "[No Variations]"
Added Component: Designator=R26(RES_0603)
Add component (AddParameter): Name = "CreatedBy"; Value = "Jonathan Bouchard"; VariantName = "[No Variations]"
Add component (AddParameter): Name = "Current"; Value = ""; VariantName = "[No Variations]"
Add component (AddParameter): Name = "FootprintNameOK"; Value = ""; VariantName = "[No Variations]"
Add component (AddParameter): Name = "HelpURL"; Value = ""; VariantName = "[No Variations]"
Add component (AddParameter): Name = "Mfg"; Value = ""; VariantName = "[No Variations]"
Add component (AddParameter): Name = "Mfg Part Number"; Value = ""; VariantName = "[No Variations]"
Add component (AddParameter): Name = "NI"; Value = ""; VariantName = "[No Variations]"
Add component (AddParameter): Name = "Package"; Value = "0603"; VariantName = "[No Variations]"
Add component (AddParameter): Name = "Power"; Value = ""; VariantName = "[No Variations]"
Add component (AddParameter): Name = "Precision"; Value = "1%"; VariantName = "[No Variations]"
Add component (AddParameter): Name = "Temperature"; Value = ""; VariantName = "[No Variations]"
Add component (AddParameter): Name = "Value"; Value = "2.87K"; VariantName = "[No Variations]"
Add component (AddParameter): Name = "VerifiedBy"; Value = ""; VariantName = "[No Variations]"
Add component (AddParameter): Name = "Voltage"; Value = ""; VariantName = "[No Variations]"
Add component: Footprint Not Found RES_0402
Added Component: Designator=U12(REG_LDO_NCP59744MN1ADJTBG)
Add component (AddParameter): Name = "Assembly Note"; Value = ""; VariantName = "[No Variations]"
Add component (AddParameter): Name = "Assembly Type"; Value = "SMD"; VariantName = "[No Variations]"
Add component (AddParameter): Name = "CreatedBy/Date"; Value = "Raphael Bouchard / 2019-06-07"; VariantName = "[No Variations]"
Add component (AddParameter): Name = "Cryo"; Value = "UNKNOWN"; VariantName = "[No Variations]"
Add component (AddParameter): Name = "Current Rating"; Value = "3A"; VariantName = "[No Variations]"
Add component (AddParameter): Name = "GRAMS Lib Spec"; Value = "2.8"; VariantName = "[No Variations]"
Add component (AddParameter): Name = "HelpURL"; Value = "https://www.onsemi.com/pub/Collateral/NCP59744-D.PDF"; VariantName = "[No Variations]"
Add component (AddParameter): Name = "Magnetic Material"; Value = "Unknown"; VariantName = "[No Variations]"
Add component (AddParameter): Name = "Manufacturer #1"; Value = "ON Semiconductor"; VariantName = "[No Variations]"
Add component (AddParameter): Name = "Manufacturer #2"; Value = "-"; VariantName = "[No Variations]"
Add component (AddParameter): Name = "Note"; Value = "-"; VariantName = "[No Variations]"
Add component (AddParameter): Name = "Package"; Value = "10-VFDFN"; VariantName = "[No Variations]"
Add component (AddParameter): Name = "Part Number #1"; Value = "NCP59744MN1ADJTBG"; VariantName = "[No Variations]"
Add component (AddParameter): Name = "Part Number #2"; Value = "-"; VariantName = "[No Variations]"
Add component (AddParameter): Name = "Polarized"; Value = "Yes"; VariantName = "[No Variations]"
Add component (AddParameter): Name = "Power Max"; Value = "10.8W"; VariantName = "[No Variations]"
Add component (AddParameter): Name = "Supplier 1"; Value = "Digi-Key"; VariantName = "[No Variations]"
Add component (AddParameter): Name = "Supplier Part Number 1"; Value = "NCP59744MN1ADJTBGOSCT-ND"; VariantName = "[No Variations]"
Add component (AddParameter): Name = "Temperature"; Value = "-40°C ~ 125°C (TJ)"; VariantName = "[No Variations]"
Add component (AddParameter): Name = "Tolerance"; Value = "-"; VariantName = "[No Variations]"
Add component (AddParameter): Name = "Value"; Value = "0.8V ~ 3.6V"; VariantName = "[No Variations]"
Add component (AddParameter): Name = "VerifiedBy"; Value = "C.Paulin - 13/06/2019"; VariantName = "[No Variations]"
Add component (AddParameter): Name = "Voltage Rating"; Value = "(Vout+VDO) ~ 5.5V"; VariantName = "[No Variations]"
Added Component: Designator=U26(SEN_TEMP_TC74A0-3.3VCTTR)
Add component (AddParameter): Name = "CreatedBy"; Value = "Jonathan Bouchard"; VariantName = "[No Variations]"
Add component (AddParameter): Name = "Current"; Value = ""; VariantName = "[No Variations]"
Add component (AddParameter): Name = "FootprintNameOK"; Value = ""; VariantName = "[No Variations]"
Add component (AddParameter): Name = "HelpURL"; Value = "http://ww1.microchip.com/downloads/en/DeviceDoc/21462D.pdf"; VariantName = "[No Variations]"
Add component (AddParameter): Name = "Mfg"; Value = "Microchip"; VariantName = "[No Variations]"
Add component (AddParameter): Name = "Mfg Part Number"; Value = "TC74A0-3.3VCTTR"; VariantName = "[No Variations]"
Add component (AddParameter): Name = "NI"; Value = ""; VariantName = "[No Variations]"
Add component (AddParameter): Name = "Package"; Value = "SOT23-5"; VariantName = "[No Variations]"
Add component (AddParameter): Name = "Power"; Value = ""; VariantName = "[No Variations]"
Add component (AddParameter): Name = "Precision"; Value = "±2°C (±3°C)"; VariantName = "[No Variations]"
Add component (AddParameter): Name = "Supplier 1"; Value = "Digikey"; VariantName = "[No Variations]"
Add component (AddParameter): Name = "Supplier Part Number 1"; Value = "TC74A0-3.3VCTDKR-ND"; VariantName = "[No Variations]"
Add component (AddParameter): Name = "Temperature"; Value = "-40°C ~ 125°C"; VariantName = "[No Variations]"
Add component (AddParameter): Name = "Value"; Value = ""; VariantName = "[No Variations]"
Add component (AddParameter): Name = "VerifiedBy"; Value = ""; VariantName = "[No Variations]"
Add component (AddParameter): Name = "Voltage"; Value = "2.7 V ~ 5.5 V"; VariantName = "[No Variations]"
Added Pin To Net: NetName=1V5D Pin=C29-2
Added Pin To Net: NetName=1V5D Pin=C30-2
Added Pin To Net: NetName=3V3D Pin=C31-2
Added Pin To Net: NetName=3V6 Pin=C32-2
Added Pin To Net: NetName=3V3FLASH Pin=C33-2
Added Pin To Net: NetName=3V6 Pin=C34-2
Added Pin To Net: NetName=3V3A Pin=C35-2
Added Pin To Net: NetName=GND Pin=C40-1
Added Pin To Net: NetName=DDRVTT Pin=C40-2
Added Pin To Net: NetName=GND Pin=C41-1
Added Pin To Net: NetName=DDRVTT Pin=C41-2
Added Pin To Net: NetName=GND Pin=C42-1
Added Pin To Net: NetName=DDRVTT Pin=C42-2
Added Pin To Net: NetName=3V6 Pin=C43-2
Added Pin To Net: NetName=1V5D Pin=C54-2
Added Pin To Net: NetName=3V6 Pin=C55-2
Added Pin To Net: NetName=1V8D Pin=C56-2
Added Pin To Net: NetName=1V5D Pin=C59-2
Added Pin To Net: NetName=1V5D Pin=C60-2
Added Pin To Net: NetName=1V5D Pin=C61-2
Added Pin To Net: NetName=1V5D Pin=C62-2
Added Pin To Net: NetName=1V5D Pin=C63-2
Added Pin To Net: NetName=1V8D Pin=C69-2
Added Pin To Net: NetName=1V8D Pin=C70-2
Added Pin To Net: NetName=1V8D Pin=C71-2
Added Pin To Net: NetName=1V8D Pin=C72-2
Added Pin To Net: NetName=3V3D Pin=C73-2
Added Pin To Net: NetName=3V3D Pin=C74-2
Added Pin To Net: NetName=3V3D Pin=C75-2
Added Pin To Net: NetName=3V3D Pin=C76-2
Added Pin To Net: NetName=1V2D Pin=C79-2
Added Pin To Net: NetName=1V2D Pin=C80-2
Added Pin To Net: NetName=1V2D Pin=C81-2
Added Pin To Net: NetName=1V2D Pin=C82-2
Added Pin To Net: NetName=1V2D Pin=C83-2
Added Pin To Net: NetName=3V3D Pin=C91-2
Added Pin To Net: NetName=3V3D Pin=C92-2
Added Pin To Net: NetName=3V3D Pin=C93-2
Added Pin To Net: NetName=3V3D Pin=C94-2
Added Pin To Net: NetName=3V3D Pin=C95-2
Added Pin To Net: NetName=NetC91_2 Pin=C96-2
Added Pin To Net: NetName=NetC91_2 Pin=C97-2
Added Pin To Net: NetName=3V3D Pin=C103-2
Added Pin To Net: NetName=GND Pin=C107-1
Added Pin To Net: NetName=3V3_PLL Pin=C107-2
Added Pin To Net: NetName=GND Pin=C112-1
Added Pin To Net: NetName=3V3_PLL Pin=C112-2
Added Pin To Net: NetName=3V3D Pin=C116-2
Added Pin To Net: NetName=GND Pin=C117-1
Added Pin To Net: NetName=3V3D Pin=C117-2
Added Pin To Net: NetName=3V3D Pin=C118-2
Added Pin To Net: NetName=3V3D Pin=C119-2
Added Pin To Net: NetName=3V3D Pin=C120-2
Added Pin To Net: NetName=3V3D Pin=C121-2
Added Pin To Net: NetName=GND Pin=C131-1
Added Pin To Net: NetName=3V3_PLL Pin=C131-2
Added Pin To Net: NetName=3V3_PLL Pin=C132-2
Added Pin To Net: NetName=3V3_PLL Pin=C133-2
Added Pin To Net: NetName=3V3_PLL Pin=C134-2
Added Pin To Net: NetName=3V3_PLL Pin=C135-2
Added Pin To Net: NetName=3V3_PLL Pin=C136-2
Added Pin To Net: NetName=3V3_PLL Pin=C137-2
Added Pin To Net: NetName=3V3_PLL Pin=C138-2
Added Pin To Net: NetName=1V5D Pin=C140-2
Added Pin To Net: NetName=1V5D Pin=C141-2
Added Pin To Net: NetName=1V5D Pin=C142-2
Added Pin To Net: NetName=1V5D Pin=C143-2
Added Pin To Net: NetName=1V5D Pin=C144-2
Added Pin To Net: NetName=1V5D Pin=C145-2
Added Pin To Net: NetName=1V5D Pin=C146-2
Added Pin To Net: NetName=1V5D Pin=C147-2
Added Pin To Net: NetName=1V5D Pin=C148-2
Added Pin To Net: NetName=1V5D Pin=C149-2
Added Pin To Net: NetName=1V5D Pin=C150-2
Added Pin To Net: NetName=GND Pin=C160-1
Added Pin To Net: NetName=1V5D Pin=C160-2
Added Pin To Net: NetName=GND Pin=C243-1
Added Pin To Net: NetName=1V5D Pin=C243-2
Added Pin To Net: NetName=GND Pin=C244-1
Added Pin To Net: NetName=1V5D Pin=C244-2
Added Pin To Net: NetName=GND Pin=C245-1
Added Pin To Net: NetName=1V5D Pin=C245-2
Added Pin To Net: NetName=GND Pin=C246-1
Added Pin To Net: NetName=1V5D Pin=C246-2
Added Pin To Net: NetName=GND Pin=C247-1
Added Pin To Net: NetName=1V5D Pin=C247-2
Added Pin To Net: NetName=GND Pin=C248-1
Added Pin To Net: NetName=1V5D Pin=C248-2
Added Pin To Net: NetName=GND Pin=C249-1
Added Pin To Net: NetName=GND Pin=C250-1
Added Pin To Net: NetName=GND Pin=C251-1
Added Pin To Net: NetName=DDRVTT Pin=C251-2
Added Pin To Net: NetName=GND Pin=C252-1
Added Pin To Net: NetName=DDRVTT Pin=C252-2
Added Pin To Net: NetName=GND Pin=C253-1
Added Pin To Net: NetName=DDRVTT Pin=C253-2
Added Pin To Net: NetName=GND Pin=C254-1
Added Pin To Net: NetName=DDRVTT Pin=C254-2
Added Pin To Net: NetName=GND Pin=C255-1
Added Pin To Net: NetName=DDRVTT Pin=C255-2
Added Pin To Net: NetName=GND Pin=C256-1
Added Pin To Net: NetName=DDRVTT Pin=C256-2
Added Pin To Net: NetName=GND Pin=C257-1
Added Pin To Net: NetName=DDRVTT Pin=C257-2
Added Pin To Net: NetName=GND Pin=C258-1
Added Pin To Net: NetName=DDRVTT Pin=C258-2
Added Pin To Net: NetName=GND Pin=C259-1
Added Pin To Net: NetName=BTN0 Pin=C259-2
Added Pin To Net: NetName=GND Pin=C260-1
Added Pin To Net: NetName=BTN1 Pin=C260-2
Added Pin To Net: NetName=GND Pin=C261-1
Added Pin To Net: NetName=3V3D Pin=C261-2
Added Pin To Net: NetName=GND Pin=C262-1
Added Pin To Net: NetName=3V3D Pin=C262-2
Added Pin To Net: NetName=3V3D Pin=L12-2
Added Pin To Net: NetName=3V3FLASH Pin=R16-2
Added Pin To Net: NetName=3V3FLASH Pin=R17-2
Added Pin To Net: NetName=3V3A Pin=R18-2
Added Pin To Net: NetName=GND Pin=R19-1
Added Pin To Net: NetName=NetR17_1 Pin=R19-2
Added Pin To Net: NetName=NetR18_1 Pin=R20-2
Added Pin To Net: NetName=1V5D Pin=R21-2
Added Pin To Net: NetName=1V5D Pin=R23-2
Added Pin To Net: NetName=1V8D Pin=R24-2
Added Pin To Net: NetName=GND Pin=R26-1
Add Pin To Net: Unknown Pin: Pin R27-1
Add Pin To Net: Unknown Pin: Pin R27-2
Added Pin To Net: NetName=CLK_N Pin=R31-1
Added Pin To Net: NetName=CLK_P Pin=R31-2
Added Pin To Net: NetName=CLOCK_PWRDN Pin=R32-1
Added Pin To Net: NetName=GND Pin=R40-1
Added Pin To Net: NetName=DDR3_RESET Pin=R41-2
Added Pin To Net: NetName=DDR3_A0 Pin=R42-1
Added Pin To Net: NetName=DDRVTT Pin=R42-2
Added Pin To Net: NetName=DDR3_A1 Pin=R43-1
Added Pin To Net: NetName=DDR3_A2 Pin=R44-1
Added Pin To Net: NetName=DDR3_A3 Pin=R45-1
Added Pin To Net: NetName=DDR3_A4 Pin=R46-1
Added Pin To Net: NetName=DDR3_A5 Pin=R47-1
Added Pin To Net: NetName=DDR3_A6 Pin=R48-1
Added Pin To Net: NetName=DDR3_A7 Pin=R49-1
Added Pin To Net: NetName=DDR3_A8 Pin=R50-1
Added Pin To Net: NetName=DDR3_A9 Pin=R51-1
Added Pin To Net: NetName=DDR3_A10 Pin=R52-1
Added Pin To Net: NetName=DDR3_A11 Pin=R53-1
Added Pin To Net: NetName=DDR3_A12 Pin=R54-1
Added Pin To Net: NetName=DDR3_A13 Pin=R55-1
Added Pin To Net: NetName=DDR3_BA0 Pin=R56-1
Added Pin To Net: NetName=DDR3_BA1 Pin=R57-1
Added Pin To Net: NetName=DDR3_BA2 Pin=R58-1
Added Pin To Net: NetName=DDR3_CKE0 Pin=R59-1
Added Pin To Net: NetName=DDR3_CS Pin=R60-1
Added Pin To Net: NetName=DDR3_RAS Pin=R61-1
Added Pin To Net: NetName=DDR3_CAS Pin=R62-1
Added Pin To Net: NetName=DDR3_WE Pin=R63-1
Added Pin To Net: NetName=DDR3_ODT Pin=R64-1
Added Pin To Net: NetName=DDR3_CLK0_N Pin=R65-1
Added Pin To Net: NetName=DDR3_CLK0_P Pin=R65-2
Added Pin To Net: NetName=GND Pin=R66-1
Added Pin To Net: NetName=BTN0 Pin=R67-2
Added Pin To Net: NetName=3V3D Pin=R68-2
Added Pin To Net: NetName=GND Pin=R70-1
Added Pin To Net: NetName=NetD4_A Pin=R71-1
Added Pin To Net: NetName=3V3D Pin=R71-2
Added Pin To Net: NetName=NetD5_A Pin=R72-1
Added Pin To Net: NetName=NetD6_A Pin=R73-1
Added Pin To Net: NetName=NetD7_A Pin=R74-1
Added Pin To Net: NetName=BTN1 Pin=R75-2
Added Pin To Net: NetName=GND Pin=R76-1
Added Pin To Net: NetName=NetD8_A Pin=R77-1
Added Pin To Net: NetName=24V Pin=R77-2
Added Pin To Net: NetName=3V3FLASH Pin=TP8-1
Added Pin To Net: NetName=3V3A Pin=TP9-1
Added Pin To Net: NetName=1V5D Pin=TP10-1
Added Pin To Net: NetName=1V8D Pin=TP11-1
Added Pin To Net: NetName=NetC36_2 Pin=U8-7
Added Pin To Net: NetName=3V3FLASH Pin=U8-9
Added Pin To Net: NetName=3V3FLASH Pin=U8-10
Added Pin To Net: NetName=NetC37_2 Pin=U9-7
Added Pin To Net: NetName=3V3A Pin=U9-9
Added Pin To Net: NetName=3V3A Pin=U9-10
Added Pin To Net: NetName=1V5D Pin=U10-2
Added Pin To Net: NetName=DDRVTT Pin=U10-3
Added Pin To Net: NetName=GND Pin=U10-4
Added Pin To Net: NetName=DDRVTT Pin=U10-5
Added Pin To Net: NetName=ENABLE Pin=U10-7
Added Pin To Net: NetName=GND Pin=U10-8
Added Pin To Net: NetName=3V3D Pin=U10-10
Added Pin To Net: NetName=1V5D Pin=U11-9
Added Pin To Net: NetName=1V5D Pin=U11-10
Added Pin To Net: NetName=3V6 Pin=U12-1
Added Pin To Net: NetName=3V6 Pin=U12-2
Added Pin To Net: NetName=3V6 Pin=U12-4
Added Pin To Net: NetName=ENABLE Pin=U12-5
Added Pin To Net: NetName=GND Pin=U12-6
Added Pin To Net: NetName=1V8D Pin=U12-9
Added Pin To Net: NetName=1V8D Pin=U12-10
Added Pin To Net: NetName=GND Pin=U12-11
Added Pin To Net: NetName=GND Pin=U14-A1
Added Pin To Net: NetName=JTAG_TDO Pin=U14-A24
Added Pin To Net: NetName=GND Pin=U14-A26
Added Pin To Net: NetName=DDR3_DQ9 Pin=U14-AA1
Added Pin To Net: NetName=DDR3_DQ8 Pin=U14-AA2
Added Pin To Net: NetName=3V3D Pin=U14-AA6
Added Pin To Net: NetName=3V3D Pin=U14-AA10
Added Pin To Net: NetName=3V3D Pin=U14-AA16
Added Pin To Net: NetName=CLOCK_SPI_LE Pin=U14-AA19
Added Pin To Net: NetName=3V3D Pin=U14-AA21
Added Pin To Net: NetName=ADC_DB2_P Pin=U14-AA23
Added Pin To Net: NetName=ADC_DB2_N Pin=U14-AA24
Added Pin To Net: NetName=DDR3_DQ15 Pin=U14-AB1
Added Pin To Net: NetName=GND Pin=U14-AB2
Added Pin To Net: NetName=DDR3_DQ14 Pin=U14-AB3
Added Pin To Net: NetName=GND Pin=U14-AB12
Added Pin To Net: NetName=3V3D Pin=U14-AB14
Added Pin To Net: NetName=GND Pin=U14-AB16
Added Pin To Net: NetName=GND Pin=U14-AB20
Added Pin To Net: NetName=3V3D Pin=U14-AB23
Added Pin To Net: NetName=GND Pin=U14-AB25
Added Pin To Net: NetName=DDR3_UDQS_N Pin=U14-AC1
Added Pin To Net: NetName=DDR3_UDQS_P Pin=U14-AC2
Added Pin To Net: NetName=1V5D Pin=U14-AC6
Added Pin To Net: NetName=GND Pin=U14-AC8
Added Pin To Net: NetName=3V3D Pin=U14-AC10
Added Pin To Net: NetName=3V3D Pin=U14-AC18
Added Pin To Net: NetName=CLOCK_SPI_CLK Pin=U14-AC19
Added Pin To Net: NetName=3V3D Pin=U14-AC21
Added Pin To Net: NetName=ADC_DB6_P Pin=U14-AC23
Added Pin To Net: NetName=ADC_DB6_N Pin=U14-AC24
Added Pin To Net: NetName=DDR3_DQ13 Pin=U14-AD1
Added Pin To Net: NetName=1V5D Pin=U14-AD2
Added Pin To Net: NetName=DDR3_DQ12 Pin=U14-AD3
Added Pin To Net: NetName=GND Pin=U14-AD16
Added Pin To Net: NetName=CLOCK_SPI_MOSI Pin=U14-AD19
Added Pin To Net: NetName=SPI_FLASH_MISO Pin=U14-AD20
Added Pin To Net: NetName=SPI_FLASH_SCLK Pin=U14-AD22
Added Pin To Net: NetName=3V3D Pin=U14-AD25
Added Pin To Net: NetName=DDR3_DQ11 Pin=U14-AE1
Added Pin To Net: NetName=DDR3_DQ10 Pin=U14-AE2
Added Pin To Net: NetName=NetR30_1 Pin=U14-AE4
Added Pin To Net: NetName=GND Pin=U14-AE6
Added Pin To Net: NetName=3V3D Pin=U14-AE8
Added Pin To Net: NetName=GND Pin=U14-AE10
Added Pin To Net: NetName=3V3D Pin=U14-AE12
Added Pin To Net: NetName=GND Pin=U14-AE14
Added Pin To Net: NetName=3V3D Pin=U14-AE16
Added Pin To Net: NetName=GND Pin=U14-AE18
Added Pin To Net: NetName=3V3D Pin=U14-AE20
Added Pin To Net: NetName=GND Pin=U14-AE22
Added Pin To Net: NetName=ADC_DB10_P Pin=U14-AE24
Added Pin To Net: NetName=GND Pin=U14-AF1
Added Pin To Net: NetName=NetR29_1 Pin=U14-AF3
Added Pin To Net: NetName=SPI_FLASH_CS Pin=U14-AF4
Added Pin To Net: NetName=SPI_FLASH_MOSI Pin=U14-AF20
Added Pin To Net: NetName=3V3D Pin=U14-AF22
Added Pin To Net: NetName=DONE_2 Pin=U14-AF23
Added Pin To Net: NetName=ADC_DB10_N Pin=U14-AF25
Added Pin To Net: NetName=GND Pin=U14-AF26
Added Pin To Net: NetName=GND Pin=U14-B5
Added Pin To Net: NetName=GND Pin=U14-B9
Added Pin To Net: NetName=GND Pin=U14-B13
Added Pin To Net: NetName=GND Pin=U14-B17
Added Pin To Net: NetName=GND Pin=U14-B21
Added Pin To Net: NetName=JTAG_TMS Pin=U14-C23
Added Pin To Net: NetName=ADC_Reset Pin=U14-C24
Added Pin To Net: NetName=3V3D Pin=U14-D2
Added Pin To Net: NetName=GND Pin=U14-D4
Added Pin To Net: NetName=ADC_SEN Pin=U14-D22
Added Pin To Net: NetName=DAC_RST Pin=U14-D24
Added Pin To Net: NetName=1V8D Pin=U14-D25
Added Pin To Net: NetName=SPI_SCLK Pin=U14-D26
Added Pin To Net: NetName=ETH_TXC Pin=U14-E1
Added Pin To Net: NetName=ETH_TXD3 Pin=U14-E2
Added Pin To Net: NetName=GND Pin=U14-E7
Added Pin To Net: NetName=GND Pin=U14-E11
Added Pin To Net: NetName=GND Pin=U14-E15
Added Pin To Net: NetName=JTAG_TCK Pin=U14-E21
Added Pin To Net: NetName=GND Pin=U14-E22
Added Pin To Net: NetName=ADC_SDOUT Pin=U14-E23
Added Pin To Net: NetName=ETH_TXD2 Pin=U14-F1
Added Pin To Net: NetName=GND Pin=U14-F2
Added Pin To Net: NetName=ETH_TXD1 Pin=U14-F3
Added Pin To Net: NetName=3V3D Pin=U14-F4
Added Pin To Net: NetName=3V3D Pin=U14-F6
Added Pin To Net: NetName=GND Pin=U14-F19
Added Pin To Net: NetName=JTAG_TDI Pin=U14-F20
Added Pin To Net: NetName=3V3D Pin=U14-F21
Added Pin To Net: NetName=ADC_SCLK Pin=U14-F22
Added Pin To Net: NetName=1V8D Pin=U14-F23
Added Pin To Net: NetName=DAC_SDIO Pin=U14-F24
Added Pin To Net: NetName=GND Pin=U14-F25
Added Pin To Net: NetName=DAC_CS Pin=U14-F26
Added Pin To Net: NetName=ETH_TXD0 Pin=U14-G1
Added Pin To Net: NetName=ETH_TXER Pin=U14-G2
Added Pin To Net: NetName=3V3D Pin=U14-G12
Added Pin To Net: NetName=3V3D Pin=U14-G15
Added Pin To Net: NetName=ADC_CTRL3 Pin=U14-G22
Added Pin To Net: NetName=ETH_TXEN Pin=U14-H1
Added Pin To Net: NetName=3V3D Pin=U14-H2
Added Pin To Net: NetName=ETH_RXC Pin=U14-H3
Added Pin To Net: NetName=GND Pin=U14-H4
Added Pin To Net: NetName=GND Pin=U14-H11
Added Pin To Net: NetName=ADC_SDATA Pin=U14-H20
Added Pin To Net: NetName=ADC_CTRL1 Pin=U14-H21
Added Pin To Net: NetName=ADC_CTRL2 Pin=U14-H22
Added Pin To Net: NetName=GND Pin=U14-H23
Added Pin To Net: NetName=DAC_IRQ Pin=U14-H24
Added Pin To Net: NetName=1V8D Pin=U14-H25
Added Pin To Net: NetName=DAC_TX_EN Pin=U14-H26
Added Pin To Net: NetName=ETH_RXD3 Pin=U14-J1
Added Pin To Net: NetName=ETH_RXD2 Pin=U14-J2
Added Pin To Net: NetName=3V3D Pin=U14-J6
Added Pin To Net: NetName=GND Pin=U14-J8
Added Pin To Net: NetName=3V3D Pin=U14-J9
Added Pin To Net: NetName=3V3D Pin=U14-J18
Added Pin To Net: NetName=GND Pin=U14-J19
Added Pin To Net: NetName=1V8D Pin=U14-J21
Added Pin To Net: NetName=ETH_RXD1 Pin=U14-K1
Added Pin To Net: NetName=GND Pin=U14-K2
Added Pin To Net: NetName=ETH_RXD0 Pin=U14-K3
Added Pin To Net: NetName=3V3D Pin=U14-K4
Added Pin To Net: NetName=ETH_Reset Pin=U14-K8
Added Pin To Net: NetName=1V2D Pin=U14-K11
Added Pin To Net: NetName=3V3D Pin=U14-K13
Added Pin To Net: NetName=GND Pin=U14-K16
Added Pin To Net: NetName=1V2D Pin=U14-K17
Added Pin To Net: NetName=DAC_D3_N Pin=U14-K18
Added Pin To Net: NetName=1V8D Pin=U14-K23
Added Pin To Net: NetName=GND Pin=U14-K25
Added Pin To Net: NetName=ETH_RXER Pin=U14-L1
Added Pin To Net: NetName=ETH_RXDV Pin=U14-L2
Added Pin To Net: NetName=DDR3_A11 Pin=U14-L3
Added Pin To Net: NetName=DDR3_RESET Pin=U14-L4
Added Pin To Net: NetName=3V3D Pin=U14-L5
Added Pin To Net: NetName=DDR3_CS Pin=U14-L7
Added Pin To Net: NetName=ETH_MDIO Pin=U14-L8
Added Pin To Net: NetName=1V2D Pin=U14-L10
Added Pin To Net: NetName=GND Pin=U14-L11
Added Pin To Net: NetName=1V2D Pin=U14-L12
Added Pin To Net: NetName=GND Pin=U14-L13
Added Pin To Net: NetName=1V2D Pin=U14-L14
Added Pin To Net: NetName=GND Pin=U14-L15
Added Pin To Net: NetName=1V2D Pin=U14-L16
Added Pin To Net: NetName=DAC_D3_P Pin=U14-L17
Added Pin To Net: NetName=DAC_D5_N Pin=U14-L18
Added Pin To Net: NetName=3V3D Pin=U14-L22
Added Pin To Net: NetName=DAC_D0_P Pin=U14-L23
Added Pin To Net: NetName=DAC_D0_N Pin=U14-L24
Added Pin To Net: NetName=ETH_INTRP Pin=U14-M1
Added Pin To Net: NetName=3V3D Pin=U14-M2
Added Pin To Net: NetName=ETH_CRS Pin=U14-M3
Added Pin To Net: NetName=GND Pin=U14-M5
Added Pin To Net: NetName=DDR3_A13 Pin=U14-M6
Added Pin To Net: NetName=1V5D Pin=U14-M7
Added Pin To Net: NetName=DDR3_A12 Pin=U14-M8
Added Pin To Net: NetName=DDR3_CKE0 Pin=U14-M9
Added Pin To Net: NetName=DDR3_A10 Pin=U14-M10
Added Pin To Net: NetName=1V2D Pin=U14-M11
Added Pin To Net: NetName=GND Pin=U14-M12
Added Pin To Net: NetName=1V2D Pin=U14-M13
Added Pin To Net: NetName=GND Pin=U14-M14
Added Pin To Net: NetName=1V2D Pin=U14-M15
Added Pin To Net: NetName=GND Pin=U14-M16
Added Pin To Net: NetName=3V3D Pin=U14-M17
Added Pin To Net: NetName=DAC_D7_P Pin=U14-M18
Added Pin To Net: NetName=DAC_D5_P Pin=U14-M19
Added Pin To Net: NetName=3V3D Pin=U14-M20
Added Pin To Net: NetName=ADC_CLKOUT_N Pin=U14-M21
Added Pin To Net: NetName=GND Pin=U14-M22
Added Pin To Net: NetName=DAC_D2_P Pin=U14-M23
Added Pin To Net: NetName=1V8D Pin=U14-M25
Added Pin To Net: NetName=ETH_COL Pin=U14-N1
Added Pin To Net: NetName=ETH_MDC Pin=U14-N2
Added Pin To Net: NetName=DDR3_A9 Pin=U14-N3
Added Pin To Net: NetName=DDR3_A8 Pin=U14-N4
Added Pin To Net: NetName=DDR3_BA2 Pin=U14-N5
Added Pin To Net: NetName=DDR3_A1 Pin=U14-N6
Added Pin To Net: NetName=DDR3_A0 Pin=U14-N7
Added Pin To Net: NetName=DDR3_RAS Pin=U14-N8
Added Pin To Net: NetName=DDR3_A4 Pin=U14-N9
Added Pin To Net: NetName=3V3D Pin=U14-N10
Added Pin To Net: NetName=GND Pin=U14-N11
Added Pin To Net: NetName=1V2D Pin=U14-N12
Added Pin To Net: NetName=GND Pin=U14-N13
Added Pin To Net: NetName=1V2D Pin=U14-N14
Added Pin To Net: NetName=GND Pin=U14-N15
Added Pin To Net: NetName=1V2D Pin=U14-N16
Added Pin To Net: NetName=DAC_FRAME_P Pin=U14-N17
Added Pin To Net: NetName=DAC_FRAME_N Pin=U14-N18
Added Pin To Net: NetName=DAC_D7_N Pin=U14-N19
Added Pin To Net: NetName=ADC_CLKOUT_P Pin=U14-N20
Added Pin To Net: NetName=DAC_D1_N Pin=U14-N21
Added Pin To Net: NetName=DAC_CLK_P Pin=U14-N22
Added Pin To Net: NetName=DAC_CLK_N Pin=U14-N23
Added Pin To Net: NetName=DAC_D2_N Pin=U14-N24
Added Pin To Net: NetName=DDR3_BA1 Pin=U14-P1
Added Pin To Net: NetName=GND Pin=U14-P2
Added Pin To Net: NetName=DDR3_BA0 Pin=U14-P3
Added Pin To Net: NetName=1V5D Pin=U14-P4
Added Pin To Net: NetName=DDR3_WE Pin=U14-P5
Added Pin To Net: NetName=DDR3_ODT Pin=U14-P6
Added Pin To Net: NetName=DDR3_A3 Pin=U14-P7
Added Pin To Net: NetName=DDR3_CAS Pin=U14-P8
Added Pin To Net: NetName=1V5D Pin=U14-P9
Added Pin To Net: NetName=DDR3_A7 Pin=U14-P10
Added Pin To Net: NetName=1V2D Pin=U14-P11
Added Pin To Net: NetName=GND Pin=U14-P12
Added Pin To Net: NetName=1V2D Pin=U14-P13
Added Pin To Net: NetName=GND Pin=U14-P14
Added Pin To Net: NetName=1V2D Pin=U14-P15
Added Pin To Net: NetName=GND Pin=U14-P16
Added Pin To Net: NetName=ADC_DA2_P Pin=U14-P17
Added Pin To Net: NetName=ADC_DA2_N Pin=U14-P18
Added Pin To Net: NetName=GND Pin=U14-P19
Added Pin To Net: NetName=DAC_D1_P Pin=U14-P20
Added Pin To Net: NetName=3V3D Pin=U14-P23
Added Pin To Net: NetName=DAC_D4_P Pin=U14-P24
Added Pin To Net: NetName=GND Pin=U14-P25
Added Pin To Net: NetName=DAC_D4_N Pin=U14-P26
Added Pin To Net: NetName=DDR3_A6 Pin=U14-R1
Added Pin To Net: NetName=DDR3_A5 Pin=U14-R2
Added Pin To Net: NetName=DDR3_CLK0_N Pin=U14-R3
Added Pin To Net: NetName=DDR3_CLK0_P Pin=U14-R4
Added Pin To Net: NetName=GND Pin=U14-R8
Added Pin To Net: NetName=DDR3_A2 Pin=U14-R9
Added Pin To Net: NetName=GND Pin=U14-R11
Added Pin To Net: NetName=1V2D Pin=U14-R12
Added Pin To Net: NetName=GND Pin=U14-R13
Added Pin To Net: NetName=1V2D Pin=U14-R14
Added Pin To Net: NetName=GND Pin=U14-R15
Added Pin To Net: NetName=1V2D Pin=U14-R16
Added Pin To Net: NetName=ADC_DA6_P Pin=U14-R17
Added Pin To Net: NetName=ADC_DA6_N Pin=U14-R18
Added Pin To Net: NetName=ADC_DA4_N Pin=U14-R19
Added Pin To Net: NetName=ADC_DA4_P Pin=U14-R20
Added Pin To Net: NetName=ADC_DA0_N Pin=U14-R21
Added Pin To Net: NetName=ADC_DA0_P Pin=U14-R22
Added Pin To Net: NetName=DAC_D6_P Pin=U14-R25
Added Pin To Net: NetName=DAC_D6_N Pin=U14-R26
Added Pin To Net: NetName=DDR3_DQ5 Pin=U14-T1
Added Pin To Net: NetName=1V5D Pin=U14-T2
Added Pin To Net: NetName=DDR3_DQ4 Pin=U14-T3
Added Pin To Net: NetName=GND Pin=U14-T5
Added Pin To Net: NetName=1V5D Pin=U14-T7
Added Pin To Net: NetName=1V2D Pin=U14-T11
Added Pin To Net: NetName=GND Pin=U14-T12
Added Pin To Net: NetName=1V2D Pin=U14-T13
Added Pin To Net: NetName=GND Pin=U14-T14
Added Pin To Net: NetName=1V2D Pin=U14-T15
Added Pin To Net: NetName=GND Pin=U14-T16
Added Pin To Net: NetName=1V2D Pin=U14-T17
Added Pin To Net: NetName=ADC_DA10_P Pin=U14-T18
Added Pin To Net: NetName=ADC_DA10_N Pin=U14-T19
Added Pin To Net: NetName=ADC_DB4_P Pin=U14-T20
Added Pin To Net: NetName=GND Pin=U14-T21
Added Pin To Net: NetName=ADC_DA8_P Pin=U14-T22
Added Pin To Net: NetName=3V3D Pin=U14-T25
Added Pin To Net: NetName=DDR3_DQ7 Pin=U14-U1
Added Pin To Net: NetName=DDR3_DQ6 Pin=U14-U2
Added Pin To Net: NetName=3V3D Pin=U14-U6
Added Pin To Net: NetName=1V2D Pin=U14-U10
Added Pin To Net: NetName=GND Pin=U14-U11
Added Pin To Net: NetName=3V3D Pin=U14-U14
Added Pin To Net: NetName=1V2D Pin=U14-U16
Added Pin To Net: NetName=ADC_DB0_P Pin=U14-U17
Added Pin To Net: NetName=3V3D Pin=U14-U18
Added Pin To Net: NetName=ADC_DB4_N Pin=U14-U20
Added Pin To Net: NetName=ADC_DA12_P Pin=U14-U21
Added Pin To Net: NetName=ADC_DA12_N Pin=U14-U22
Added Pin To Net: NetName=ADC_DA8_N Pin=U14-U23
Added Pin To Net: NetName=DDR3_LDQS_N Pin=U14-V1
Added Pin To Net: NetName=GND Pin=U14-V2
Added Pin To Net: NetName=DDR3_LDQS_P Pin=U14-V3
Added Pin To Net: NetName=DDR3_UDM Pin=U14-V4
Added Pin To Net: NetName=3V3D Pin=U14-V9
Added Pin To Net: NetName=CLOCK_SPI_MISO Pin=U14-V16
Added Pin To Net: NetName=ADC_DB0_N Pin=U14-V17
Added Pin To Net: NetName=ADC_DB8_P Pin=U14-V18
Added Pin To Net: NetName=ADC_DB8_N Pin=U14-V19
Added Pin To Net: NetName=3V3D Pin=U14-V21
Added Pin To Net: NetName=GND Pin=U14-V25
Added Pin To Net: NetName=DDR3_DQ3 Pin=U14-W1
Added Pin To Net: NetName=DDR3_DQ2 Pin=U14-W2
Added Pin To Net: NetName=DDR3_LDM Pin=U14-W3
Added Pin To Net: NetName=1V5D Pin=U14-W4
Added Pin To Net: NetName=1V5D Pin=U14-W6
Added Pin To Net: NetName=GND Pin=U14-W15
Added Pin To Net: NetName=ADC_DB12_P Pin=U14-W18
Added Pin To Net: NetName=ADC_DB12_N Pin=U14-W19
Added Pin To Net: NetName=GND Pin=U14-W20
Added Pin To Net: NetName=3V3D Pin=U14-W23
Added Pin To Net: NetName=DDR3_DQ1 Pin=U14-Y1
Added Pin To Net: NetName=1V5D Pin=U14-Y2
Added Pin To Net: NetName=DDR3_DQ0 Pin=U14-Y3
Added Pin To Net: NetName=GND Pin=U14-Y4
Added Pin To Net: NetName=GND Pin=U14-Y7
Added Pin To Net: NetName=GND Pin=U14-Y11
Added Pin To Net: NetName=3V3D Pin=U14-Y12
Added Pin To Net: NetName=3V3D Pin=U14-Y17
Added Pin To Net: NetName=CLOCK_PWRDN Pin=U14-Y18
Added Pin To Net: NetName=3V3D Pin=U14-Y19
Added Pin To Net: NetName=GND Pin=U14-Y23
Added Pin To Net: NetName=3V3D Pin=U14-Y25
Added Pin To Net: NetName=3V3_PLL Pin=U16-1
Added Pin To Net: NetName=3V3_PLL Pin=U16-5
Added Pin To Net: NetName=3V3D Pin=U16-8
Added Pin To Net: NetName=3V3D Pin=U16-11
Added Pin To Net: NetName=400M_CLK_P Pin=U16-16
Added Pin To Net: NetName=400M_CLK_N Pin=U16-17
Added Pin To Net: NetName=3V3D Pin=U16-18
Added Pin To Net: NetName=200M_CLK_P Pin=U16-19
Added Pin To Net: NetName=200M_CLK_N Pin=U16-20
Added Pin To Net: NetName=3V3D Pin=U16-21
Added Pin To Net: NetName=CLOCK_SPI_MISO Pin=U16-22
Added Pin To Net: NetName=CLOCK_SPI_MOSI Pin=U16-23
Added Pin To Net: NetName=CLOCK_SPI_CLK Pin=U16-24
Added Pin To Net: NetName=CLOCK_SPI_LE Pin=U16-25
Added Pin To Net: NetName=3V3D Pin=U16-26
Added Pin To Net: NetName=100M_CLK_P Pin=U16-27
Added Pin To Net: NetName=100M_CLK_N Pin=U16-28
Added Pin To Net: NetName=3V3D Pin=U16-29
Added Pin To Net: NetName=3V3D Pin=U16-32
Added Pin To Net: NetName=3V3_PLL Pin=U16-34
Added Pin To Net: NetName=3V3_PLL Pin=U16-35
Added Pin To Net: NetName=GND Pin=U16-36
Added Pin To Net: NetName=3V3_PLL Pin=U16-39
Added Pin To Net: NetName=3V3_PLL Pin=U16-42
Added Pin To Net: NetName=GND Pin=U16-43
Added Pin To Net: NetName=CLK_P Pin=U16-45
Added Pin To Net: NetName=CLK_N Pin=U16-46
Added Pin To Net: NetName=3V3_PLL Pin=U16-47
Added Pin To Net: NetName=GND Pin=U16-PAD
Added Pin To Net: NetName=1V5D Pin=U17-A1
Added Pin To Net: NetName=DDR3_DQ13 Pin=U17-A2
Added Pin To Net: NetName=DDR3_DQ15 Pin=U17-A3
Added Pin To Net: NetName=DDR3_DQ12 Pin=U17-A7
Added Pin To Net: NetName=1V5D Pin=U17-A8
Added Pin To Net: NetName=GND Pin=U17-A9
Added Pin To Net: NetName=GND Pin=U17-B1
Added Pin To Net: NetName=1V5D Pin=U17-B2
Added Pin To Net: NetName=GND Pin=U17-B3
Added Pin To Net: NetName=DDR3_UDQS_N Pin=U17-B7
Added Pin To Net: NetName=DDR3_DQ14 Pin=U17-B8
Added Pin To Net: NetName=GND Pin=U17-B9
Added Pin To Net: NetName=1V5D Pin=U17-C1
Added Pin To Net: NetName=DDR3_DQ11 Pin=U17-C2
Added Pin To Net: NetName=DDR3_DQ9 Pin=U17-C3
Added Pin To Net: NetName=DDR3_UDQS_P Pin=U17-C7
Added Pin To Net: NetName=DDR3_DQ10 Pin=U17-C8
Added Pin To Net: NetName=1V5D Pin=U17-C9
Added Pin To Net: NetName=GND Pin=U17-D1
Added Pin To Net: NetName=1V5D Pin=U17-D2
Added Pin To Net: NetName=DDR3_UDM Pin=U17-D3
Added Pin To Net: NetName=DDR3_DQ8 Pin=U17-D7
Added Pin To Net: NetName=GND Pin=U17-D8
Added Pin To Net: NetName=1V5D Pin=U17-D9
Added Pin To Net: NetName=GND Pin=U17-E1
Added Pin To Net: NetName=GND Pin=U17-E2
Added Pin To Net: NetName=DDR3_DQ0 Pin=U17-E3
Added Pin To Net: NetName=DDR3_LDM Pin=U17-E7
Added Pin To Net: NetName=GND Pin=U17-E8
Added Pin To Net: NetName=1V5D Pin=U17-E9
Added Pin To Net: NetName=1V5D Pin=U17-F1
Added Pin To Net: NetName=DDR3_DQ2 Pin=U17-F2
Added Pin To Net: NetName=DDR3_LDQS_P Pin=U17-F3
Added Pin To Net: NetName=DDR3_DQ1 Pin=U17-F7
Added Pin To Net: NetName=DDR3_DQ3 Pin=U17-F8
Added Pin To Net: NetName=GND Pin=U17-F9
Added Pin To Net: NetName=GND Pin=U17-G1
Added Pin To Net: NetName=DDR3_DQ6 Pin=U17-G2
Added Pin To Net: NetName=DDR3_LDQS_N Pin=U17-G3
Added Pin To Net: NetName=1V5D Pin=U17-G7
Added Pin To Net: NetName=GND Pin=U17-G8
Added Pin To Net: NetName=GND Pin=U17-G9
Added Pin To Net: NetName=1V5D Pin=U17-H2
Added Pin To Net: NetName=DDR3_DQ4 Pin=U17-H3
Added Pin To Net: NetName=DDR3_DQ7 Pin=U17-H7
Added Pin To Net: NetName=DDR3_DQ5 Pin=U17-H8
Added Pin To Net: NetName=1V5D Pin=U17-H9
Added Pin To Net: NetName=GND Pin=U17-J2
Added Pin To Net: NetName=DDR3_RAS Pin=U17-J3
Added Pin To Net: NetName=DDR3_CLK0_P Pin=U17-J7
Added Pin To Net: NetName=GND Pin=U17-J8
Added Pin To Net: NetName=DDR3_ODT Pin=U17-K1
Added Pin To Net: NetName=1V5D Pin=U17-K2
Added Pin To Net: NetName=DDR3_CAS Pin=U17-K3
Added Pin To Net: NetName=DDR3_CLK0_N Pin=U17-K7
Added Pin To Net: NetName=1V5D Pin=U17-K8
Added Pin To Net: NetName=DDR3_CKE0 Pin=U17-K9
Added Pin To Net: NetName=DDR3_CS Pin=U17-L2
Added Pin To Net: NetName=DDR3_WE Pin=U17-L3
Added Pin To Net: NetName=DDR3_A10 Pin=U17-L7
Added Pin To Net: NetName=GND Pin=U17-M1
Added Pin To Net: NetName=DDR3_BA0 Pin=U17-M2
Added Pin To Net: NetName=DDR3_BA2 Pin=U17-M3
Added Pin To Net: NetName=GND Pin=U17-M9
Added Pin To Net: NetName=1V5D Pin=U17-N1
Added Pin To Net: NetName=DDR3_A3 Pin=U17-N2
Added Pin To Net: NetName=DDR3_A0 Pin=U17-N3
Added Pin To Net: NetName=DDR3_A12 Pin=U17-N7
Added Pin To Net: NetName=DDR3_BA1 Pin=U17-N8
Added Pin To Net: NetName=1V5D Pin=U17-N9
Added Pin To Net: NetName=GND Pin=U17-P1
Added Pin To Net: NetName=DDR3_A5 Pin=U17-P2
Added Pin To Net: NetName=DDR3_A2 Pin=U17-P3
Added Pin To Net: NetName=DDR3_A1 Pin=U17-P7
Added Pin To Net: NetName=DDR3_A4 Pin=U17-P8
Added Pin To Net: NetName=GND Pin=U17-P9
Added Pin To Net: NetName=1V5D Pin=U17-R1
Added Pin To Net: NetName=DDR3_A7 Pin=U17-R2
Added Pin To Net: NetName=DDR3_A9 Pin=U17-R3
Added Pin To Net: NetName=DDR3_A11 Pin=U17-R7
Added Pin To Net: NetName=DDR3_A6 Pin=U17-R8
Added Pin To Net: NetName=1V5D Pin=U17-R9
Added Pin To Net: NetName=GND Pin=U17-T1
Added Pin To Net: NetName=DDR3_RESET Pin=U17-T2
Added Pin To Net: NetName=DDR3_A13 Pin=U17-T3
Added Pin To Net: NetName=DDR3_A8 Pin=U17-T8
Added Pin To Net: NetName=GND Pin=U17-T9
Added Pin To Net: NetName=GND Pin=U26-2
Added Pin To Net: NetName=3V3D Pin=U26-3
Change Net Name : Old Net Name=3V3_PLL New Net Name=3V3A_PLL
Change Net Name : Old Net Name=NetC91_2 New Net Name=NetC96_2
Added Pin To Net: NetName=DDR3_VREF Pin=C39-2
Added Pin To Net: NetName=DDR3_VREF Pin=C249-2
Added Pin To Net: NetName=DDR3_VREF Pin=C250-2
Added Pin To Net: NetName=DDR3_VREF Pin=U10-6
Added Pin To Net: NetName=DDR3_VREF Pin=U17-H1
Added Pin To Net: NetName=DDR3_VREF Pin=U17-M8
Added Net: Name=DDR3_VREF
Added Pin To Net: NetName=NetC38_2 Pin=C38-2
Added Pin To Net: NetName=NetC38_2 Pin=R21-1
Added Pin To Net: NetName=NetC38_2 Pin=R22-2
Added Pin To Net: NetName=NetC38_2 Pin=U10-1
Added Net: Name=NetC38_2
Added Pin To Net: NetName=NetC57_2 Pin=C57-2
Added Pin To Net: NetName=NetC57_2 Pin=U11-7
Added Net: Name=NetC57_2
Added Pin To Net: NetName=NetC58_2 Pin=C58-2
Added Pin To Net: NetName=NetC58_2 Pin=U12-7
Added Net: Name=NetC58_2
Added Pin To Net: NetName=NetC98_2 Pin=C98-2
Added Pin To Net: NetName=NetC98_2 Pin=U16-38
Added Net: Name=NetC98_2
Added Pin To Net: NetName=NetC99_2 Pin=C99-2
Added Pin To Net: NetName=NetC99_2 Pin=U16-4
Added Net: Name=NetC99_2
Added Pin To Net: NetName=NetC100_2 Pin=C100-2
Added Pin To Net: NetName=NetC100_2 Pin=U16-48
Added Net: Name=NetC100_2
Added Pin To Net: NetName=NetC101_2 Pin=C101-2
Added Pin To Net: NetName=NetC101_2 Pin=R32-2
Added Pin To Net: NetName=NetC101_2 Pin=U16-12
Added Net: Name=NetC101_2
Added Pin To Net: NetName=NetR24_1 Pin=R24-1
Added Pin To Net: NetName=NetR24_1 Pin=R26-2
Added Pin To Net: NetName=NetR24_1 Pin=U12-8
Added Net: Name=NetR24_1
Added Pin To Net: NetName=NetR40_2 Pin=R40-2
Added Pin To Net: NetName=NetR40_2 Pin=U16-30
Added Net: Name=NetR40_2
Added Pin To Net: NetName=NetR66_2 Pin=R66-2
Added Pin To Net: NetName=NetR66_2 Pin=U17-L8
Added Net: Name=NetR66_2
Added Pin To Net: NetName=NetR67_1 Pin=R67-1
Added Pin To Net: NetName=NetR67_1 Pin=R70-2
Added Pin To Net: NetName=NetR67_1 Pin=S1-1
Added Pin To Net: NetName=NetR67_1 Pin=S1-2
Added Net: Name=NetR67_1
Added Pin To Net: NetName=NetR75_1 Pin=R75-1
Added Pin To Net: NetName=NetR75_1 Pin=R76-2
Added Pin To Net: NetName=NetR75_1 Pin=S2-1
Added Pin To Net: NetName=NetR75_1 Pin=S2-2
Added Net: Name=NetR75_1
Added Pin To Net: NetName=NetU21_16 Pin=U21-16
Added Pin To Net: NetName=NetU21_16 Pin=U21-33
Added Pin To Net: NetName=NetU21_16 Pin=U21-34
Added Net: Name=NetU21_16
Added Pin To Net: NetName=TEMP_SCLK Pin=R68-1
Added Pin To Net: NetName=TEMP_SCLK Pin=U18-4
Added Pin To Net: NetName=TEMP_SCLK Pin=U26-4
Added Net: Name=TEMP_SCLK
Added Pin To Net: NetName=TEMP_SDA Pin=R69-1
Added Pin To Net: NetName=TEMP_SDA Pin=U18-5
Added Pin To Net: NetName=TEMP_SDA Pin=U26-5
Added Net: Name=TEMP_SDA
Added Member To Class: ClassName=S7CAS-PLEIADES-CARTE-MERE_P06_POWER2 Member=Component C40 CAP - 0402
Added Member To Class: ClassName=S7CAS-PLEIADES-CARTE-MERE_P06_POWER2 Member=Component C41 CAP - 0402
Added Member To Class: ClassName=S7CAS-PLEIADES-CARTE-MERE_P06_POWER2 Member=Component C42 CAP - 0402
Added Member To Class: ClassName=S7CAS-PLEIADES-CARTE-MERE_P06_POWER2 Member=Component C54 CAP - 0402
Added Member To Class: ClassName=S7CAS-PLEIADES-CARTE-MERE_P06_POWER2 Member=Component C55 CAP - 0402
Added Member To Class: ClassName=S7CAS-PLEIADES-CARTE-MERE_P06_POWER2 Member=Component C56 CAP - 0402
Added Member To Class: ClassName=S7CAS-PLEIADES-CARTE-MERE_P06_POWER2 Member=Component C57 CAP - 0402
Added Member To Class: ClassName=S7CAS-PLEIADES-CARTE-MERE_P06_POWER2 Member=Component C58 CAP - 0402
Added Member To Class: ClassName=S7CAS-PLEIADES-CARTE-MERE_P06_FPGA2 Member=Component C64 CAP - 1210
Added Member To Class: ClassName=S7CAS-PLEIADES-CARTE-MERE_P06_FPGA2 Member=Component C65 CAP - 0805
Added Member To Class: ClassName=S7CAS-PLEIADES-CARTE-MERE_P06_FPGA2 Member=Component C66 CAP - 0402
Added Member To Class: ClassName=S7CAS-PLEIADES-CARTE-MERE_P06_FPGA2 Member=Component C67 CAP - 0402
Added Member To Class: ClassName=S7CAS-PLEIADES-CARTE-MERE_P06_FPGA2 Member=Component C68 CAP - 0402
Added Member To Class: ClassName=S7CAS-PLEIADES-CARTE-MERE_P06_FPGA3 Member=Component C72 CAP - 0402
Added Member To Class: ClassName=S7CAS-PLEIADES-CARTE-MERE_P06_FPGA3 Member=Component C73 CAP - 1210
Added Member To Class: ClassName=S7CAS-PLEIADES-CARTE-MERE_P06_FPGA3 Member=Component C74 CAP - 0805
Added Member To Class: ClassName=S7CAS-PLEIADES-CARTE-MERE_P06_FPGA3 Member=Component C75 CAP - 0402
Added Member To Class: ClassName=S7CAS-PLEIADES-CARTE-MERE_P06_FPGA3 Member=Component C76 CAP - 0402
Added Member To Class: ClassName=S7CAS-PLEIADES-CARTE-MERE_P06_FPGA4 Member=Component C90 CAP - 0402
Added Member To Class: ClassName=S7CAS-PLEIADES-CARTE-MERE_P06_FPGA4 Member=Component C91 CAP - 0402
Added Member To Class: ClassName=S7CAS-PLEIADES-CARTE-MERE_P06_FPGA4 Member=Component C92 CAP - 0402
Added Member To Class: ClassName=S7CAS-PLEIADES-CARTE-MERE_P06_FPGA4 Member=Component C93 CAP - 0402
Added Member To Class: ClassName=S7CAS-PLEIADES-CARTE-MERE_P06_FPGA4 Member=Component C94 CAP - 0402
Added Member To Class: ClassName=S7CAS-PLEIADES-CARTE-MERE_P06_CLOCK Member=Component C107 CAP - 0402
Added Member To Class: ClassName=S7CAS-PLEIADES-CARTE-MERE_P06_CLOCK Member=Component C112 CAP - 0805
Added Member To Class: ClassName=S7CAS-PLEIADES-CARTE-MERE_P06_CLOCK Member=Component C117 CAP - 0402
Added Member To Class: ClassName=S7CAS-PLEIADES-CARTE-MERE_P06_CLOCK Member=Component C131 CAP - 0805
Added Member To Class: ClassName=S7CAS-PLEIADES-CARTE-MERE_P06_CLOCK Member=Component C132 CAP - 0402
Added Member To Class: ClassName=S7CAS-PLEIADES-CARTE-MERE_P06_CLOCK Member=Component C133 CAP - 0402
Added Member To Class: ClassName=S7CAS-PLEIADES-CARTE-MERE_P06_CLOCK Member=Component C134 CAP - 0402
Added Member To Class: ClassName=S7CAS-PLEIADES-CARTE-MERE_P06_CLOCK Member=Component C135 CAP - 0805
Added Member To Class: ClassName=S7CAS-PLEIADES-CARTE-MERE_P06_CLOCK Member=Component C136 CAP - 0402
Added Member To Class: ClassName=S7CAS-PLEIADES-CARTE-MERE_P06_CLOCK Member=Component C137 CAP - 0402
Added Member To Class: ClassName=S7CAS-PLEIADES-CARTE-MERE_P06_CLOCK Member=Component C138 CAP - 0402
Added Member To Class: ClassName=S7CAS-PLEIADES-CARTE-MERE_P06_DDR3 Member=Component C147 CAP - 0402
Added Member To Class: ClassName=S7CAS-PLEIADES-CARTE-MERE_P06_DDR3 Member=Component C148 CAP - 0402
Added Member To Class: ClassName=S7CAS-PLEIADES-CARTE-MERE_P06_DDR3 Member=Component C149 CAP - 0402
Added Member To Class: ClassName=S7CAS-PLEIADES-CARTE-MERE_P06_DDR3 Member=Component C150 CAP - 0402
Added Member To Class: ClassName=S7CAS-PLEIADES-CARTE-MERE_P06_DDR3 Member=Component C160 CAP - 0402
Added Member To Class: ClassName=S7CAS-PLEIADES-CARTE-MERE_P06_DDR3 Member=Component C243 CAP - 0402
Added Member To Class: ClassName=S7CAS-PLEIADES-CARTE-MERE_P06_DDR3 Member=Component C244 CAP - 0402
Added Member To Class: ClassName=S7CAS-PLEIADES-CARTE-MERE_P06_DDR3 Member=Component C245 CAP - 0402
Added Member To Class: ClassName=S7CAS-PLEIADES-CARTE-MERE_P06_DDR3 Member=Component C246 CAP - 0402
Added Member To Class: ClassName=S7CAS-PLEIADES-CARTE-MERE_P06_DDR3 Member=Component C247 CAP - 0402
Added Member To Class: ClassName=S7CAS-PLEIADES-CARTE-MERE_P06_DDR3 Member=Component C248 CAP - 0402
Added Member To Class: ClassName=S7CAS-PLEIADES-CARTE-MERE_P06_DDR3 Member=Component C249 CAP - 0402
Added Member To Class: ClassName=S7CAS-PLEIADES-CARTE-MERE_P06_DDR3 Member=Component C250 CAP - 0402
Added Member To Class: ClassName=S7CAS-PLEIADES-CARTE-MERE_P06_DDR3 Member=Component C251 CAP - 0402
Added Member To Class: ClassName=S7CAS-PLEIADES-CARTE-MERE_P06_DDR3 Member=Component C252 CAP - 0402
Added Member To Class: ClassName=S7CAS-PLEIADES-CARTE-MERE_P06_DDR3 Member=Component C253 CAP - 0402
Added Member To Class: ClassName=S7CAS-PLEIADES-CARTE-MERE_P06_DDR3 Member=Component C254 CAP - 0402
Added Member To Class: ClassName=S7CAS-PLEIADES-CARTE-MERE_P06_DDR3 Member=Component C255 CAP - 0402
Added Member To Class: ClassName=S7CAS-PLEIADES-CARTE-MERE_P06_DDR3 Member=Component C256 CAP - 0402
Added Member To Class: ClassName=S7CAS-PLEIADES-CARTE-MERE_P06_DDR3 Member=Component C257 CAP - 0402
Added Member To Class: ClassName=S7CAS-PLEIADES-CARTE-MERE_P06_DDR3 Member=Component C258 CAP - 0402
Added Member To Class: ClassName=S7CAS-PLEIADES-CARTE-MERE_P06_MISC Member=Component C259 CAP - 0402
Added Member To Class: ClassName=S7CAS-PLEIADES-CARTE-MERE_P06_MISC Member=Component C260 CAP - 0402
Added Member To Class: ClassName=S7CAS-PLEIADES-CARTE-MERE_P06_MISC Member=Component C261 CAP - 0402
Added Member To Class: ClassName=S7CAS-PLEIADES-CARTE-MERE_P06_MISC Member=Component C262 CAP - 0402
Add Class Member: Failed to add class member : Component H1 335314B00000G
Added Member To Class: ClassName=S7CAS-PLEIADES-CARTE-MERE_P06_POWER2 Member=Component R24 RES - 0603
Added Member To Class: ClassName=S7CAS-PLEIADES-CARTE-MERE_P06_POWER2 Member=Component R26 RES - 0603
Add Class Member: Failed to add class member : Component R27 RMCF0402FT10R0
Added Member To Class: ClassName=S7CAS-PLEIADES-CARTE-MERE_P06_CLOCK Member=Component R40 RES - 0805
Added Member To Class: ClassName=S7CAS-PLEIADES-CARTE-MERE_P06_MISC Member=Component R67 RES - 0603
Added Member To Class: ClassName=S7CAS-PLEIADES-CARTE-MERE_P06_POWER2 Member=Component U12 NCP59744MN1ADJTBG
Added Member To Class: ClassName=S7CAS-PLEIADES-CARTE-MERE_P06_FPGA1 Member=Component U14 XC6SLX100-3FGG676C
Added Member To Class: ClassName=S7CAS-PLEIADES-CARTE-MERE_P06_CLOCK Member=Component U16 CDCE62005RGZT
Added Member To Class: ClassName=S7CAS-PLEIADES-CARTE-MERE_P06_DDR3 Member=Component U17 MT41J128M16JT-125
Added Member To Class: ClassName=S7CAS-PLEIADES-CARTE-MERE_P06_MISC Member=Component U26 TC74A1-3.3VCTTR
Added Rule: Name=Schematic Supply Nets_6
Added Rule: Name=Schematic Supply Nets_22
