Added Component: Designator=C1(CAP_0402)
Add component (AddParameter): Name = "CreatedBy"; Value = "Jonathan Bouchard"; VariantName = "[No Variations]"
Add component (AddParameter): Name = "Current"; Value = ""; VariantName = "[No Variations]"
Add component (AddParameter): Name = "FootprintNameOK"; Value = ""; VariantName = "[No Variations]"
Add component (AddParameter): Name = "HelpURL"; Value = ""; VariantName = "[No Variations]"
Add component (AddParameter): Name = "Mfg"; Value = ""; VariantName = "[No Variations]"
Add component (AddParameter): Name = "Mfg Part Number"; Value = ""; VariantName = "[No Variations]"
Add component (AddParameter): Name = "NI"; Value = ""; VariantName = "[No Variations]"
Add component (AddParameter): Name = "Package"; Value = "0402"; VariantName = "[No Variations]"
Add component (AddParameter): Name = "Power"; Value = ""; VariantName = "[No Variations]"
Add component (AddParameter): Name = "Precision"; Value = "10%"; VariantName = "[No Variations]"
Add component (AddParameter): Name = "Temperature"; Value = ""; VariantName = "[No Variations]"
Add component (AddParameter): Name = "Value"; Value = "0.047"; VariantName = "[No Variations]"
Add component (AddParameter): Name = "VerifiedBy"; Value = ""; VariantName = "[No Variations]"
Add component (AddParameter): Name = "Voltage"; Value = "50V"; VariantName = "[No Variations]"
Added Component: Designator=C2(CAP_0402)
Add component (AddParameter): Name = "CreatedBy"; Value = "Jonathan Bouchard"; VariantName = "[No Variations]"
Add component (AddParameter): Name = "Current"; Value = ""; VariantName = "[No Variations]"
Add component (AddParameter): Name = "FootprintNameOK"; Value = ""; VariantName = "[No Variations]"
Add component (AddParameter): Name = "HelpURL"; Value = ""; VariantName = "[No Variations]"
Add component (AddParameter): Name = "Mfg"; Value = ""; VariantName = "[No Variations]"
Add component (AddParameter): Name = "Mfg Part Number"; Value = ""; VariantName = "[No Variations]"
Add component (AddParameter): Name = "NI"; Value = ""; VariantName = "[No Variations]"
Add component (AddParameter): Name = "Package"; Value = "0402"; VariantName = "[No Variations]"
Add component (AddParameter): Name = "Power"; Value = ""; VariantName = "[No Variations]"
Add component (AddParameter): Name = "Precision"; Value = "10%"; VariantName = "[No Variations]"
Add component (AddParameter): Name = "Temperature"; Value = ""; VariantName = "[No Variations]"
Add component (AddParameter): Name = "Value"; Value = "10u"; VariantName = "[No Variations]"
Add component (AddParameter): Name = "VerifiedBy"; Value = ""; VariantName = "[No Variations]"
Add component (AddParameter): Name = "Voltage"; Value = "50V"; VariantName = "[No Variations]"
Added Component: Designator=C3(CAP_0402)
Add component (AddParameter): Name = "CreatedBy"; Value = "Jonathan Bouchard"; VariantName = "[No Variations]"
Add component (AddParameter): Name = "Current"; Value = ""; VariantName = "[No Variations]"
Add component (AddParameter): Name = "FootprintNameOK"; Value = ""; VariantName = "[No Variations]"
Add component (AddParameter): Name = "HelpURL"; Value = ""; VariantName = "[No Variations]"
Add component (AddParameter): Name = "Mfg"; Value = ""; VariantName = "[No Variations]"
Add component (AddParameter): Name = "Mfg Part Number"; Value = ""; VariantName = "[No Variations]"
Add component (AddParameter): Name = "NI"; Value = ""; VariantName = "[No Variations]"
Add component (AddParameter): Name = "Package"; Value = "0402"; VariantName = "[No Variations]"
Add component (AddParameter): Name = "Power"; Value = ""; VariantName = "[No Variations]"
Add component (AddParameter): Name = "Precision"; Value = "10%"; VariantName = "[No Variations]"
Add component (AddParameter): Name = "Temperature"; Value = ""; VariantName = "[No Variations]"
Add component (AddParameter): Name = "Value"; Value = "10u"; VariantName = "[No Variations]"
Add component (AddParameter): Name = "VerifiedBy"; Value = ""; VariantName = "[No Variations]"
Add component (AddParameter): Name = "Voltage"; Value = "50V"; VariantName = "[No Variations]"
Added Component: Designator=C4(CAP_0402)
Add component (AddParameter): Name = "CreatedBy"; Value = "Jonathan Bouchard"; VariantName = "[No Variations]"
Add component (AddParameter): Name = "Current"; Value = ""; VariantName = "[No Variations]"
Add component (AddParameter): Name = "FootprintNameOK"; Value = ""; VariantName = "[No Variations]"
Add component (AddParameter): Name = "HelpURL"; Value = ""; VariantName = "[No Variations]"
Add component (AddParameter): Name = "Mfg"; Value = ""; VariantName = "[No Variations]"
Add component (AddParameter): Name = "Mfg Part Number"; Value = ""; VariantName = "[No Variations]"
Add component (AddParameter): Name = "NI"; Value = ""; VariantName = "[No Variations]"
Add component (AddParameter): Name = "Package"; Value = "0402"; VariantName = "[No Variations]"
Add component (AddParameter): Name = "Power"; Value = ""; VariantName = "[No Variations]"
Add component (AddParameter): Name = "Precision"; Value = "10%"; VariantName = "[No Variations]"
Add component (AddParameter): Name = "Temperature"; Value = ""; VariantName = "[No Variations]"
Add component (AddParameter): Name = "Value"; Value = "0.047"; VariantName = "[No Variations]"
Add component (AddParameter): Name = "VerifiedBy"; Value = ""; VariantName = "[No Variations]"
Add component (AddParameter): Name = "Voltage"; Value = "50V"; VariantName = "[No Variations]"
Added Component: Designator=C5(CAP_1206)
Add component (AddParameter): Name = "CreatedBy"; Value = "Jonathan Bouchard"; VariantName = "[No Variations]"
Add component (AddParameter): Name = "Current"; Value = ""; VariantName = "[No Variations]"
Add component (AddParameter): Name = "FootprintNameOK"; Value = ""; VariantName = "[No Variations]"
Add component (AddParameter): Name = "HelpURL"; Value = ""; VariantName = "[No Variations]"
Add component (AddParameter): Name = "Mfg"; Value = ""; VariantName = "[No Variations]"
Add component (AddParameter): Name = "Mfg Part Number"; Value = ""; VariantName = "[No Variations]"
Add component (AddParameter): Name = "NI"; Value = ""; VariantName = "[No Variations]"
Add component (AddParameter): Name = "Package"; Value = "1206"; VariantName = "[No Variations]"
Add component (AddParameter): Name = "Power"; Value = ""; VariantName = "[No Variations]"
Add component (AddParameter): Name = "Precision"; Value = "10%"; VariantName = "[No Variations]"
Add component (AddParameter): Name = "Temperature"; Value = ""; VariantName = "[No Variations]"
Add component (AddParameter): Name = "Value"; Value = "100uF"; VariantName = "[No Variations]"
Add component (AddParameter): Name = "VerifiedBy"; Value = ""; VariantName = "[No Variations]"
Add component (AddParameter): Name = "Voltage"; Value = "6.3V"; VariantName = "[No Variations]"
Added Component: Designator=C6(CAP_ALU_1010_vishay)
Add component (AddParameter): Name = "CreatedBy"; Value = "Jonathan Bouchard"; VariantName = "[No Variations]"
Add component (AddParameter): Name = "Current"; Value = "750mA"; VariantName = "[No Variations]"
Add component (AddParameter): Name = "FootprintNameOK"; Value = ""; VariantName = "[No Variations]"
Add component (AddParameter): Name = "HelpURL"; Value = "http://www.vishay.com/docs/28403/146cti.pdf"; VariantName = "[No Variations]"
Add component (AddParameter): Name = "Mfg"; Value = "Vishay Dale"; VariantName = "[No Variations]"
Add component (AddParameter): Name = "Mfg Part Number"; Value = "MAL214699501E3"; VariantName = "[No Variations]"
Add component (AddParameter): Name = "NI"; Value = ""; VariantName = "[No Variations]"
Add component (AddParameter): Name = "Package"; Value = "1010"; VariantName = "[No Variations]"
Add component (AddParameter): Name = "Power"; Value = ""; VariantName = "[No Variations]"
Add component (AddParameter): Name = "Precision"; Value = "20%"; VariantName = "[No Variations]"
Add component (AddParameter): Name = "Supplier 1"; Value = "Digikey"; VariantName = "[No Variations]"
Add component (AddParameter): Name = "Supplier Part Number 1"; Value = "4405PHCT-ND"; VariantName = "[No Variations]"
Add component (AddParameter): Name = "Temperature"; Value = "-55°C to 125°C"; VariantName = "[No Variations]"
Add component (AddParameter): Name = "Value"; Value = "330uF"; VariantName = "[No Variations]"
Add component (AddParameter): Name = "VerifiedBy"; Value = ""; VariantName = "[No Variations]"
Add component (AddParameter): Name = "Voltage"; Value = "16V"; VariantName = "[No Variations]"
Added Component: Designator=C7(CAP_0402)
Add component (AddParameter): Name = "CreatedBy"; Value = "Jonathan Bouchard"; VariantName = "[No Variations]"
Add component (AddParameter): Name = "Current"; Value = ""; VariantName = "[No Variations]"
Add component (AddParameter): Name = "FootprintNameOK"; Value = ""; VariantName = "[No Variations]"
Add component (AddParameter): Name = "HelpURL"; Value = ""; VariantName = "[No Variations]"
Add component (AddParameter): Name = "Mfg"; Value = ""; VariantName = "[No Variations]"
Add component (AddParameter): Name = "Mfg Part Number"; Value = ""; VariantName = "[No Variations]"
Add component (AddParameter): Name = "NI"; Value = ""; VariantName = "[No Variations]"
Add component (AddParameter): Name = "Package"; Value = "0402"; VariantName = "[No Variations]"
Add component (AddParameter): Name = "Power"; Value = ""; VariantName = "[No Variations]"
Add component (AddParameter): Name = "Precision"; Value = "10%"; VariantName = "[No Variations]"
Add component (AddParameter): Name = "Temperature"; Value = ""; VariantName = "[No Variations]"
Add component (AddParameter): Name = "Value"; Value = "0.47 uF"; VariantName = "[No Variations]"
Add component (AddParameter): Name = "VerifiedBy"; Value = ""; VariantName = "[No Variations]"
Add component (AddParameter): Name = "Voltage"; Value = "50V"; VariantName = "[No Variations]"
Added Component: Designator=C8(CAP_ALU_1010_vishay)
Add component (AddParameter): Name = "CreatedBy"; Value = "Jonathan Bouchard"; VariantName = "[No Variations]"
Add component (AddParameter): Name = "Current"; Value = "750mA"; VariantName = "[No Variations]"
Add component (AddParameter): Name = "FootprintNameOK"; Value = ""; VariantName = "[No Variations]"
Add component (AddParameter): Name = "HelpURL"; Value = "http://www.vishay.com/docs/28403/146cti.pdf"; VariantName = "[No Variations]"
Add component (AddParameter): Name = "Mfg"; Value = "Vishay Dale"; VariantName = "[No Variations]"
Add component (AddParameter): Name = "Mfg Part Number"; Value = "MAL214699501E3"; VariantName = "[No Variations]"
Add component (AddParameter): Name = "NI"; Value = ""; VariantName = "[No Variations]"
Add component (AddParameter): Name = "Package"; Value = "1010"; VariantName = "[No Variations]"
Add component (AddParameter): Name = "Power"; Value = ""; VariantName = "[No Variations]"
Add component (AddParameter): Name = "Precision"; Value = "20%"; VariantName = "[No Variations]"
Add component (AddParameter): Name = "Supplier 1"; Value = "Digikey"; VariantName = "[No Variations]"
Add component (AddParameter): Name = "Supplier Part Number 1"; Value = "4405PHCT-ND"; VariantName = "[No Variations]"
Add component (AddParameter): Name = "Temperature"; Value = "-55°C to 125°C"; VariantName = "[No Variations]"
Add component (AddParameter): Name = "Value"; Value = "330uF"; VariantName = "[No Variations]"
Add component (AddParameter): Name = "VerifiedBy"; Value = ""; VariantName = "[No Variations]"
Add component (AddParameter): Name = "Voltage"; Value = "16V"; VariantName = "[No Variations]"
Added Component: Designator=C9(CAP_0805)
Add component (AddParameter): Name = "CreatedBy"; Value = "Jonathan Bouchard"; VariantName = "[No Variations]"
Add component (AddParameter): Name = "Current"; Value = ""; VariantName = "[No Variations]"
Add component (AddParameter): Name = "FootprintNameOK"; Value = ""; VariantName = "[No Variations]"
Add component (AddParameter): Name = "HelpURL"; Value = ""; VariantName = "[No Variations]"
Add component (AddParameter): Name = "Mfg"; Value = ""; VariantName = "[No Variations]"
Add component (AddParameter): Name = "Mfg Part Number"; Value = ""; VariantName = "[No Variations]"
Add component (AddParameter): Name = "NI"; Value = ""; VariantName = "[No Variations]"
Add component (AddParameter): Name = "Package"; Value = "0805"; VariantName = "[No Variations]"
Add component (AddParameter): Name = "Power"; Value = ""; VariantName = "[No Variations]"
Add component (AddParameter): Name = "Precision"; Value = "10%"; VariantName = "[No Variations]"
Add component (AddParameter): Name = "Temperature"; Value = ""; VariantName = "[No Variations]"
Add component (AddParameter): Name = "Value"; Value = "22uF"; VariantName = "[No Variations]"
Add component (AddParameter): Name = "VerifiedBy"; Value = ""; VariantName = "[No Variations]"
Add component (AddParameter): Name = "Voltage"; Value = "50V"; VariantName = "[No Variations]"
Added Component: Designator=C10(CAP_ALU_1010_vishay)
Add component (AddParameter): Name = "CreatedBy"; Value = "Jonathan Bouchard"; VariantName = "[No Variations]"
Add component (AddParameter): Name = "Current"; Value = "750mA"; VariantName = "[No Variations]"
Add component (AddParameter): Name = "FootprintNameOK"; Value = ""; VariantName = "[No Variations]"
Add component (AddParameter): Name = "HelpURL"; Value = "http://www.vishay.com/docs/28403/146cti.pdf"; VariantName = "[No Variations]"
Add component (AddParameter): Name = "Mfg"; Value = "Vishay Dale"; VariantName = "[No Variations]"
Add component (AddParameter): Name = "Mfg Part Number"; Value = "MAL214699501E3"; VariantName = "[No Variations]"
Add component (AddParameter): Name = "NI"; Value = ""; VariantName = "[No Variations]"
Add component (AddParameter): Name = "Package"; Value = "1010"; VariantName = "[No Variations]"
Add component (AddParameter): Name = "Power"; Value = ""; VariantName = "[No Variations]"
Add component (AddParameter): Name = "Precision"; Value = "20%"; VariantName = "[No Variations]"
Add component (AddParameter): Name = "Supplier 1"; Value = "Digikey"; VariantName = "[No Variations]"
Add component (AddParameter): Name = "Supplier Part Number 1"; Value = "4405PHCT-ND"; VariantName = "[No Variations]"
Add component (AddParameter): Name = "Temperature"; Value = "-55°C to 125°C"; VariantName = "[No Variations]"
Add component (AddParameter): Name = "Value"; Value = "330uF"; VariantName = "[No Variations]"
Add component (AddParameter): Name = "VerifiedBy"; Value = ""; VariantName = "[No Variations]"
Add component (AddParameter): Name = "Voltage"; Value = "16V"; VariantName = "[No Variations]"
Added Component: Designator=C11(CAP_ALU_1010_vishay)
Add component (AddParameter): Name = "CreatedBy"; Value = "Jonathan Bouchard"; VariantName = "[No Variations]"
Add component (AddParameter): Name = "Current"; Value = "490mA"; VariantName = "[No Variations]"
Add component (AddParameter): Name = "FootprintNameOK"; Value = ""; VariantName = "[No Variations]"
Add component (AddParameter): Name = "HelpURL"; Value = "http://www.vishay.com/docs/28395/150crz.pdf"; VariantName = "[No Variations]"
Add component (AddParameter): Name = "Mfg"; Value = "Vishay Dale"; VariantName = "[No Variations]"
Add component (AddParameter): Name = "Mfg Part Number"; Value = "MAL215099101E3"; VariantName = "[No Variations]"
Add component (AddParameter): Name = "NI"; Value = ""; VariantName = "[No Variations]"
Add component (AddParameter): Name = "Package"; Value = "1010"; VariantName = "[No Variations]"
Add component (AddParameter): Name = "Power"; Value = ""; VariantName = "[No Variations]"
Add component (AddParameter): Name = "Precision"; Value = "20%"; VariantName = "[No Variations]"
Add component (AddParameter): Name = "Supplier 1"; Value = "Digikey"; VariantName = "[No Variations]"
Add component (AddParameter): Name = "Supplier Part Number 1"; Value = "4399PHDKR-ND"; VariantName = "[No Variations]"
Add component (AddParameter): Name = "Temperature"; Value = "-55°C to 125°C"; VariantName = "[No Variations]"
Add component (AddParameter): Name = "Value"; Value = "100uF"; VariantName = "[No Variations]"
Add component (AddParameter): Name = "VerifiedBy"; Value = ""; VariantName = "[No Variations]"
Add component (AddParameter): Name = "Voltage"; Value = "50V"; VariantName = "[No Variations]"
Added Component: Designator=C12(CAP_0402)
Add component (AddParameter): Name = "CreatedBy"; Value = "Jonathan Bouchard"; VariantName = "[No Variations]"
Add component (AddParameter): Name = "Current"; Value = ""; VariantName = "[No Variations]"
Add component (AddParameter): Name = "FootprintNameOK"; Value = ""; VariantName = "[No Variations]"
Add component (AddParameter): Name = "HelpURL"; Value = ""; VariantName = "[No Variations]"
Add component (AddParameter): Name = "Mfg"; Value = ""; VariantName = "[No Variations]"
Add component (AddParameter): Name = "Mfg Part Number"; Value = ""; VariantName = "[No Variations]"
Add component (AddParameter): Name = "NI"; Value = ""; VariantName = "[No Variations]"
Add component (AddParameter): Name = "Package"; Value = "0402"; VariantName = "[No Variations]"
Add component (AddParameter): Name = "Power"; Value = ""; VariantName = "[No Variations]"
Add component (AddParameter): Name = "Precision"; Value = "10%"; VariantName = "[No Variations]"
Add component (AddParameter): Name = "Temperature"; Value = ""; VariantName = "[No Variations]"
Add component (AddParameter): Name = "Value"; Value = "0.047"; VariantName = "[No Variations]"
Add component (AddParameter): Name = "VerifiedBy"; Value = ""; VariantName = "[No Variations]"
Add component (AddParameter): Name = "Voltage"; Value = "50V"; VariantName = "[No Variations]"
Added Component: Designator=C13(CAP_0402)
Add component (AddParameter): Name = "CreatedBy"; Value = "Jonathan Bouchard"; VariantName = "[No Variations]"
Add component (AddParameter): Name = "Current"; Value = ""; VariantName = "[No Variations]"
Add component (AddParameter): Name = "FootprintNameOK"; Value = ""; VariantName = "[No Variations]"
Add component (AddParameter): Name = "HelpURL"; Value = ""; VariantName = "[No Variations]"
Add component (AddParameter): Name = "Mfg"; Value = ""; VariantName = "[No Variations]"
Add component (AddParameter): Name = "Mfg Part Number"; Value = ""; VariantName = "[No Variations]"
Add component (AddParameter): Name = "NI"; Value = ""; VariantName = "[No Variations]"
Add component (AddParameter): Name = "Package"; Value = "0402"; VariantName = "[No Variations]"
Add component (AddParameter): Name = "Power"; Value = ""; VariantName = "[No Variations]"
Add component (AddParameter): Name = "Precision"; Value = "10%"; VariantName = "[No Variations]"
Add component (AddParameter): Name = "Temperature"; Value = ""; VariantName = "[No Variations]"
Add component (AddParameter): Name = "Value"; Value = "10u"; VariantName = "[No Variations]"
Add component (AddParameter): Name = "VerifiedBy"; Value = ""; VariantName = "[No Variations]"
Add component (AddParameter): Name = "Voltage"; Value = "10V"; VariantName = "[No Variations]"
Added Component: Designator=C14(CAP_0402)
Add component (AddParameter): Name = "CreatedBy"; Value = "Jonathan Bouchard"; VariantName = "[No Variations]"
Add component (AddParameter): Name = "Current"; Value = ""; VariantName = "[No Variations]"
Add component (AddParameter): Name = "FootprintNameOK"; Value = ""; VariantName = "[No Variations]"
Add component (AddParameter): Name = "HelpURL"; Value = ""; VariantName = "[No Variations]"
Add component (AddParameter): Name = "Mfg"; Value = ""; VariantName = "[No Variations]"
Add component (AddParameter): Name = "Mfg Part Number"; Value = ""; VariantName = "[No Variations]"
Add component (AddParameter): Name = "NI"; Value = ""; VariantName = "[No Variations]"
Add component (AddParameter): Name = "Package"; Value = "0402"; VariantName = "[No Variations]"
Add component (AddParameter): Name = "Power"; Value = ""; VariantName = "[No Variations]"
Add component (AddParameter): Name = "Precision"; Value = "10%"; VariantName = "[No Variations]"
Add component (AddParameter): Name = "Temperature"; Value = ""; VariantName = "[No Variations]"
Add component (AddParameter): Name = "Value"; Value = "10u"; VariantName = "[No Variations]"
Add component (AddParameter): Name = "VerifiedBy"; Value = ""; VariantName = "[No Variations]"
Add component (AddParameter): Name = "Voltage"; Value = "10V"; VariantName = "[No Variations]"
Added Component: Designator=C15(CAP_0402)
Add component (AddParameter): Name = "CreatedBy"; Value = "Jonathan Bouchard"; VariantName = "[No Variations]"
Add component (AddParameter): Name = "Current"; Value = ""; VariantName = "[No Variations]"
Add component (AddParameter): Name = "FootprintNameOK"; Value = ""; VariantName = "[No Variations]"
Add component (AddParameter): Name = "HelpURL"; Value = ""; VariantName = "[No Variations]"
Add component (AddParameter): Name = "Mfg"; Value = ""; VariantName = "[No Variations]"
Add component (AddParameter): Name = "Mfg Part Number"; Value = ""; VariantName = "[No Variations]"
Add component (AddParameter): Name = "NI"; Value = ""; VariantName = "[No Variations]"
Add component (AddParameter): Name = "Package"; Value = "0402"; VariantName = "[No Variations]"
Add component (AddParameter): Name = "Power"; Value = ""; VariantName = "[No Variations]"
Add component (AddParameter): Name = "Precision"; Value = "10%"; VariantName = "[No Variations]"
Add component (AddParameter): Name = "Temperature"; Value = ""; VariantName = "[No Variations]"
Add component (AddParameter): Name = "Value"; Value = "0.1uF"; VariantName = "[No Variations]"
Add component (AddParameter): Name = "VerifiedBy"; Value = ""; VariantName = "[No Variations]"
Add component (AddParameter): Name = "Voltage"; Value = "50V"; VariantName = "[No Variations]"
Added Component: Designator=C16(CAP_1206)
Add component (AddParameter): Name = "CreatedBy"; Value = "Jonathan Bouchard"; VariantName = "[No Variations]"
Add component (AddParameter): Name = "Current"; Value = ""; VariantName = "[No Variations]"
Add component (AddParameter): Name = "FootprintNameOK"; Value = ""; VariantName = "[No Variations]"
Add component (AddParameter): Name = "HelpURL"; Value = ""; VariantName = "[No Variations]"
Add component (AddParameter): Name = "Mfg"; Value = ""; VariantName = "[No Variations]"
Add component (AddParameter): Name = "Mfg Part Number"; Value = ""; VariantName = "[No Variations]"
Add component (AddParameter): Name = "NI"; Value = ""; VariantName = "[No Variations]"
Add component (AddParameter): Name = "Package"; Value = "1206"; VariantName = "[No Variations]"
Add component (AddParameter): Name = "Power"; Value = ""; VariantName = "[No Variations]"
Add component (AddParameter): Name = "Precision"; Value = "10%"; VariantName = "[No Variations]"
Add component (AddParameter): Name = "Temperature"; Value = ""; VariantName = "[No Variations]"
Add component (AddParameter): Name = "Value"; Value = "100uF"; VariantName = "[No Variations]"
Add component (AddParameter): Name = "VerifiedBy"; Value = ""; VariantName = "[No Variations]"
Add component (AddParameter): Name = "Voltage"; Value = "6.3V"; VariantName = "[No Variations]"
Added Component: Designator=C17(CAP_ALU_1010_vishay)
Add component (AddParameter): Name = "CreatedBy"; Value = "Jonathan Bouchard"; VariantName = "[No Variations]"
Add component (AddParameter): Name = "Current"; Value = "750mA"; VariantName = "[No Variations]"
Add component (AddParameter): Name = "FootprintNameOK"; Value = ""; VariantName = "[No Variations]"
Add component (AddParameter): Name = "HelpURL"; Value = "http://www.vishay.com/docs/28403/146cti.pdf"; VariantName = "[No Variations]"
Add component (AddParameter): Name = "Mfg"; Value = "Vishay Dale"; VariantName = "[No Variations]"
Add component (AddParameter): Name = "Mfg Part Number"; Value = "MAL214699501E3"; VariantName = "[No Variations]"
Add component (AddParameter): Name = "NI"; Value = ""; VariantName = "[No Variations]"
Add component (AddParameter): Name = "Package"; Value = "1010"; VariantName = "[No Variations]"
Add component (AddParameter): Name = "Power"; Value = ""; VariantName = "[No Variations]"
Add component (AddParameter): Name = "Precision"; Value = "20%"; VariantName = "[No Variations]"
Add component (AddParameter): Name = "Supplier 1"; Value = "Digikey"; VariantName = "[No Variations]"
Add component (AddParameter): Name = "Supplier Part Number 1"; Value = "4405PHCT-ND"; VariantName = "[No Variations]"
Add component (AddParameter): Name = "Temperature"; Value = "-55°C to 125°C"; VariantName = "[No Variations]"
Add component (AddParameter): Name = "Value"; Value = "330uF"; VariantName = "[No Variations]"
Add component (AddParameter): Name = "VerifiedBy"; Value = ""; VariantName = "[No Variations]"
Add component (AddParameter): Name = "Voltage"; Value = "16V"; VariantName = "[No Variations]"
Added Component: Designator=C18(CAP_0402)
Add component (AddParameter): Name = "CreatedBy"; Value = "Jonathan Bouchard"; VariantName = "[No Variations]"
Add component (AddParameter): Name = "Current"; Value = ""; VariantName = "[No Variations]"
Add component (AddParameter): Name = "FootprintNameOK"; Value = ""; VariantName = "[No Variations]"
Add component (AddParameter): Name = "HelpURL"; Value = ""; VariantName = "[No Variations]"
Add component (AddParameter): Name = "Mfg"; Value = ""; VariantName = "[No Variations]"
Add component (AddParameter): Name = "Mfg Part Number"; Value = ""; VariantName = "[No Variations]"
Add component (AddParameter): Name = "NI"; Value = ""; VariantName = "[No Variations]"
Add component (AddParameter): Name = "Package"; Value = "0402"; VariantName = "[No Variations]"
Add component (AddParameter): Name = "Power"; Value = ""; VariantName = "[No Variations]"
Add component (AddParameter): Name = "Precision"; Value = "10%"; VariantName = "[No Variations]"
Add component (AddParameter): Name = "Temperature"; Value = ""; VariantName = "[No Variations]"
Add component (AddParameter): Name = "Value"; Value = "0.47 uF"; VariantName = "[No Variations]"
Add component (AddParameter): Name = "VerifiedBy"; Value = ""; VariantName = "[No Variations]"
Add component (AddParameter): Name = "Voltage"; Value = "50V"; VariantName = "[No Variations]"
Added Component: Designator=C19(CAP_0402)
Add component (AddParameter): Name = "CreatedBy"; Value = "Jonathan Bouchard"; VariantName = "[No Variations]"
Add component (AddParameter): Name = "Current"; Value = ""; VariantName = "[No Variations]"
Add component (AddParameter): Name = "FootprintNameOK"; Value = ""; VariantName = "[No Variations]"
Add component (AddParameter): Name = "HelpURL"; Value = ""; VariantName = "[No Variations]"
Add component (AddParameter): Name = "Mfg"; Value = ""; VariantName = "[No Variations]"
Add component (AddParameter): Name = "Mfg Part Number"; Value = ""; VariantName = "[No Variations]"
Add component (AddParameter): Name = "NI"; Value = ""; VariantName = "[No Variations]"
Add component (AddParameter): Name = "Package"; Value = "0402"; VariantName = "[No Variations]"
Add component (AddParameter): Name = "Power"; Value = ""; VariantName = "[No Variations]"
Add component (AddParameter): Name = "Precision"; Value = "10%"; VariantName = "[No Variations]"
Add component (AddParameter): Name = "Temperature"; Value = ""; VariantName = "[No Variations]"
Add component (AddParameter): Name = "Value"; Value = "10u"; VariantName = "[No Variations]"
Add component (AddParameter): Name = "VerifiedBy"; Value = ""; VariantName = "[No Variations]"
Add component (AddParameter): Name = "Voltage"; Value = "50V"; VariantName = "[No Variations]"
Added Component: Designator=C20(CAP_0402)
Add component (AddParameter): Name = "CreatedBy"; Value = "Jonathan Bouchard"; VariantName = "[No Variations]"
Add component (AddParameter): Name = "Current"; Value = ""; VariantName = "[No Variations]"
Add component (AddParameter): Name = "FootprintNameOK"; Value = ""; VariantName = "[No Variations]"
Add component (AddParameter): Name = "HelpURL"; Value = ""; VariantName = "[No Variations]"
Add component (AddParameter): Name = "Mfg"; Value = ""; VariantName = "[No Variations]"
Add component (AddParameter): Name = "Mfg Part Number"; Value = ""; VariantName = "[No Variations]"
Add component (AddParameter): Name = "NI"; Value = ""; VariantName = "[No Variations]"
Add component (AddParameter): Name = "Package"; Value = "0402"; VariantName = "[No Variations]"
Add component (AddParameter): Name = "Power"; Value = ""; VariantName = "[No Variations]"
Add component (AddParameter): Name = "Precision"; Value = "10%"; VariantName = "[No Variations]"
Add component (AddParameter): Name = "Temperature"; Value = ""; VariantName = "[No Variations]"
Add component (AddParameter): Name = "Value"; Value = "47u"; VariantName = "[No Variations]"
Add component (AddParameter): Name = "VerifiedBy"; Value = ""; VariantName = "[No Variations]"
Add component (AddParameter): Name = "Voltage"; Value = "50V"; VariantName = "[No Variations]"
Added Component: Designator=C21(CAP_0402)
Add component (AddParameter): Name = "CreatedBy"; Value = "Jonathan Bouchard"; VariantName = "[No Variations]"
Add component (AddParameter): Name = "Current"; Value = ""; VariantName = "[No Variations]"
Add component (AddParameter): Name = "FootprintNameOK"; Value = ""; VariantName = "[No Variations]"
Add component (AddParameter): Name = "HelpURL"; Value = ""; VariantName = "[No Variations]"
Add component (AddParameter): Name = "Mfg"; Value = ""; VariantName = "[No Variations]"
Add component (AddParameter): Name = "Mfg Part Number"; Value = ""; VariantName = "[No Variations]"
Add component (AddParameter): Name = "NI"; Value = ""; VariantName = "[No Variations]"
Add component (AddParameter): Name = "Package"; Value = "0402"; VariantName = "[No Variations]"
Add component (AddParameter): Name = "Power"; Value = ""; VariantName = "[No Variations]"
Add component (AddParameter): Name = "Precision"; Value = "10%"; VariantName = "[No Variations]"
Add component (AddParameter): Name = "Temperature"; Value = ""; VariantName = "[No Variations]"
Add component (AddParameter): Name = "Value"; Value = "1u"; VariantName = "[No Variations]"
Add component (AddParameter): Name = "VerifiedBy"; Value = ""; VariantName = "[No Variations]"
Add component (AddParameter): Name = "Voltage"; Value = "50V"; VariantName = "[No Variations]"
Added Component: Designator=C22(CAP_0402)
Add component (AddParameter): Name = "CreatedBy"; Value = "Jonathan Bouchard"; VariantName = "[No Variations]"
Add component (AddParameter): Name = "Current"; Value = ""; VariantName = "[No Variations]"
Add component (AddParameter): Name = "FootprintNameOK"; Value = ""; VariantName = "[No Variations]"
Add component (AddParameter): Name = "HelpURL"; Value = ""; VariantName = "[No Variations]"
Add component (AddParameter): Name = "Mfg"; Value = ""; VariantName = "[No Variations]"
Add component (AddParameter): Name = "Mfg Part Number"; Value = ""; VariantName = "[No Variations]"
Add component (AddParameter): Name = "NI"; Value = ""; VariantName = "[No Variations]"
Add component (AddParameter): Name = "Package"; Value = "0402"; VariantName = "[No Variations]"
Add component (AddParameter): Name = "Power"; Value = ""; VariantName = "[No Variations]"
Add component (AddParameter): Name = "Precision"; Value = "10%"; VariantName = "[No Variations]"
Add component (AddParameter): Name = "Temperature"; Value = ""; VariantName = "[No Variations]"
Add component (AddParameter): Name = "Value"; Value = "10u"; VariantName = "[No Variations]"
Add component (AddParameter): Name = "VerifiedBy"; Value = ""; VariantName = "[No Variations]"
Add component (AddParameter): Name = "Voltage"; Value = "50V"; VariantName = "[No Variations]"
Added Component: Designator=C23(CAP_0402)
Add component (AddParameter): Name = "CreatedBy"; Value = "Jonathan Bouchard"; VariantName = "[No Variations]"
Add component (AddParameter): Name = "Current"; Value = ""; VariantName = "[No Variations]"
Add component (AddParameter): Name = "FootprintNameOK"; Value = ""; VariantName = "[No Variations]"
Add component (AddParameter): Name = "HelpURL"; Value = ""; VariantName = "[No Variations]"
Add component (AddParameter): Name = "Mfg"; Value = ""; VariantName = "[No Variations]"
Add component (AddParameter): Name = "Mfg Part Number"; Value = ""; VariantName = "[No Variations]"
Add component (AddParameter): Name = "NI"; Value = ""; VariantName = "[No Variations]"
Add component (AddParameter): Name = "Package"; Value = "0402"; VariantName = "[No Variations]"
Add component (AddParameter): Name = "Power"; Value = ""; VariantName = "[No Variations]"
Add component (AddParameter): Name = "Precision"; Value = "10%"; VariantName = "[No Variations]"
Add component (AddParameter): Name = "Temperature"; Value = ""; VariantName = "[No Variations]"
Add component (AddParameter): Name = "Value"; Value = "10n"; VariantName = "[No Variations]"
Add component (AddParameter): Name = "VerifiedBy"; Value = ""; VariantName = "[No Variations]"
Add component (AddParameter): Name = "Voltage"; Value = "50V"; VariantName = "[No Variations]"
Added Component: Designator=C24(CAP_0402)
Add component (AddParameter): Name = "CreatedBy"; Value = "Jonathan Bouchard"; VariantName = "[No Variations]"
Add component (AddParameter): Name = "Current"; Value = ""; VariantName = "[No Variations]"
Add component (AddParameter): Name = "FootprintNameOK"; Value = ""; VariantName = "[No Variations]"
Add component (AddParameter): Name = "HelpURL"; Value = ""; VariantName = "[No Variations]"
Add component (AddParameter): Name = "Mfg"; Value = ""; VariantName = "[No Variations]"
Add component (AddParameter): Name = "Mfg Part Number"; Value = ""; VariantName = "[No Variations]"
Add component (AddParameter): Name = "NI"; Value = ""; VariantName = "[No Variations]"
Add component (AddParameter): Name = "Package"; Value = "0402"; VariantName = "[No Variations]"
Add component (AddParameter): Name = "Power"; Value = ""; VariantName = "[No Variations]"
Add component (AddParameter): Name = "Precision"; Value = "10%"; VariantName = "[No Variations]"
Add component (AddParameter): Name = "Temperature"; Value = ""; VariantName = "[No Variations]"
Add component (AddParameter): Name = "Value"; Value = "47u"; VariantName = "[No Variations]"
Add component (AddParameter): Name = "VerifiedBy"; Value = ""; VariantName = "[No Variations]"
Add component (AddParameter): Name = "Voltage"; Value = "50V"; VariantName = "[No Variations]"
Added Component: Designator=C25(CAP_0402)
Add component (AddParameter): Name = "CreatedBy"; Value = "Jonathan Bouchard"; VariantName = "[No Variations]"
Add component (AddParameter): Name = "Current"; Value = ""; VariantName = "[No Variations]"
Add component (AddParameter): Name = "FootprintNameOK"; Value = ""; VariantName = "[No Variations]"
Add component (AddParameter): Name = "HelpURL"; Value = ""; VariantName = "[No Variations]"
Add component (AddParameter): Name = "Mfg"; Value = ""; VariantName = "[No Variations]"
Add component (AddParameter): Name = "Mfg Part Number"; Value = ""; VariantName = "[No Variations]"
Add component (AddParameter): Name = "NI"; Value = ""; VariantName = "[No Variations]"
Add component (AddParameter): Name = "Package"; Value = "0402"; VariantName = "[No Variations]"
Add component (AddParameter): Name = "Power"; Value = ""; VariantName = "[No Variations]"
Add component (AddParameter): Name = "Precision"; Value = "10%"; VariantName = "[No Variations]"
Add component (AddParameter): Name = "Temperature"; Value = ""; VariantName = "[No Variations]"
Add component (AddParameter): Name = "Value"; Value = "0.1u"; VariantName = "[No Variations]"
Add component (AddParameter): Name = "VerifiedBy"; Value = ""; VariantName = "[No Variations]"
Add component (AddParameter): Name = "Voltage"; Value = "50V"; VariantName = "[No Variations]"
Added Component: Designator=C26(CAP_0402)
Add component (AddParameter): Name = "CreatedBy"; Value = "Jonathan Bouchard"; VariantName = "[No Variations]"
Add component (AddParameter): Name = "Current"; Value = ""; VariantName = "[No Variations]"
Add component (AddParameter): Name = "FootprintNameOK"; Value = ""; VariantName = "[No Variations]"
Add component (AddParameter): Name = "HelpURL"; Value = ""; VariantName = "[No Variations]"
Add component (AddParameter): Name = "Mfg"; Value = ""; VariantName = "[No Variations]"
Add component (AddParameter): Name = "Mfg Part Number"; Value = ""; VariantName = "[No Variations]"
Add component (AddParameter): Name = "NI"; Value = ""; VariantName = "[No Variations]"
Add component (AddParameter): Name = "Package"; Value = "0402"; VariantName = "[No Variations]"
Add component (AddParameter): Name = "Power"; Value = ""; VariantName = "[No Variations]"
Add component (AddParameter): Name = "Precision"; Value = "10%"; VariantName = "[No Variations]"
Add component (AddParameter): Name = "Temperature"; Value = ""; VariantName = "[No Variations]"
Add component (AddParameter): Name = "Value"; Value = "10u"; VariantName = "[No Variations]"
Add component (AddParameter): Name = "VerifiedBy"; Value = ""; VariantName = "[No Variations]"
Add component (AddParameter): Name = "Voltage"; Value = "50V"; VariantName = "[No Variations]"
Added Component: Designator=C27(CAP_0402)
Add component (AddParameter): Name = "CreatedBy"; Value = "Jonathan Bouchard"; VariantName = "[No Variations]"
Add component (AddParameter): Name = "Current"; Value = ""; VariantName = "[No Variations]"
Add component (AddParameter): Name = "FootprintNameOK"; Value = ""; VariantName = "[No Variations]"
Add component (AddParameter): Name = "HelpURL"; Value = ""; VariantName = "[No Variations]"
Add component (AddParameter): Name = "Mfg"; Value = ""; VariantName = "[No Variations]"
Add component (AddParameter): Name = "Mfg Part Number"; Value = ""; VariantName = "[No Variations]"
Add component (AddParameter): Name = "NI"; Value = ""; VariantName = "[No Variations]"
Add component (AddParameter): Name = "Package"; Value = "0402"; VariantName = "[No Variations]"
Add component (AddParameter): Name = "Power"; Value = ""; VariantName = "[No Variations]"
Add component (AddParameter): Name = "Precision"; Value = "10%"; VariantName = "[No Variations]"
Add component (AddParameter): Name = "Temperature"; Value = ""; VariantName = "[No Variations]"
Add component (AddParameter): Name = "Value"; Value = "1u"; VariantName = "[No Variations]"
Add component (AddParameter): Name = "VerifiedBy"; Value = ""; VariantName = "[No Variations]"
Add component (AddParameter): Name = "Voltage"; Value = "50V"; VariantName = "[No Variations]"
Added Component: Designator=C28(CAP_0402)
Add component (AddParameter): Name = "CreatedBy"; Value = "Jonathan Bouchard"; VariantName = "[No Variations]"
Add component (AddParameter): Name = "Current"; Value = ""; VariantName = "[No Variations]"
Add component (AddParameter): Name = "FootprintNameOK"; Value = ""; VariantName = "[No Variations]"
Add component (AddParameter): Name = "HelpURL"; Value = ""; VariantName = "[No Variations]"
Add component (AddParameter): Name = "Mfg"; Value = ""; VariantName = "[No Variations]"
Add component (AddParameter): Name = "Mfg Part Number"; Value = ""; VariantName = "[No Variations]"
Add component (AddParameter): Name = "NI"; Value = ""; VariantName = "[No Variations]"
Add component (AddParameter): Name = "Package"; Value = "0402"; VariantName = "[No Variations]"
Add component (AddParameter): Name = "Power"; Value = ""; VariantName = "[No Variations]"
Add component (AddParameter): Name = "Precision"; Value = "10%"; VariantName = "[No Variations]"
Add component (AddParameter): Name = "Temperature"; Value = ""; VariantName = "[No Variations]"
Add component (AddParameter): Name = "Value"; Value = "0.01u"; VariantName = "[No Variations]"
Add component (AddParameter): Name = "VerifiedBy"; Value = ""; VariantName = "[No Variations]"
Add component (AddParameter): Name = "Voltage"; Value = "50V"; VariantName = "[No Variations]"
Added Component: Designator=C29(CAP_0402)
Add component (AddParameter): Name = "CreatedBy"; Value = "Jonathan Bouchard"; VariantName = "[No Variations]"
Add component (AddParameter): Name = "Current"; Value = ""; VariantName = "[No Variations]"
Add component (AddParameter): Name = "FootprintNameOK"; Value = ""; VariantName = "[No Variations]"
Add component (AddParameter): Name = "HelpURL"; Value = ""; VariantName = "[No Variations]"
Add component (AddParameter): Name = "Mfg"; Value = ""; VariantName = "[No Variations]"
Add component (AddParameter): Name = "Mfg Part Number"; Value = ""; VariantName = "[No Variations]"
Add component (AddParameter): Name = "NI"; Value = ""; VariantName = "[No Variations]"
Add component (AddParameter): Name = "Package"; Value = "0402"; VariantName = "[No Variations]"
Add component (AddParameter): Name = "Power"; Value = ""; VariantName = "[No Variations]"
Add component (AddParameter): Name = "Precision"; Value = "10%"; VariantName = "[No Variations]"
Add component (AddParameter): Name = "Temperature"; Value = ""; VariantName = "[No Variations]"
Add component (AddParameter): Name = "Value"; Value = "0.1u"; VariantName = "[No Variations]"
Add component (AddParameter): Name = "VerifiedBy"; Value = ""; VariantName = "[No Variations]"
Add component (AddParameter): Name = "Voltage"; Value = "50V"; VariantName = "[No Variations]"
Added Component: Designator=C30(CAP_0402)
Add component (AddParameter): Name = "CreatedBy"; Value = "Jonathan Bouchard"; VariantName = "[No Variations]"
Add component (AddParameter): Name = "Current"; Value = ""; VariantName = "[No Variations]"
Add component (AddParameter): Name = "FootprintNameOK"; Value = ""; VariantName = "[No Variations]"
Add component (AddParameter): Name = "HelpURL"; Value = ""; VariantName = "[No Variations]"
Add component (AddParameter): Name = "Mfg"; Value = ""; VariantName = "[No Variations]"
Add component (AddParameter): Name = "Mfg Part Number"; Value = ""; VariantName = "[No Variations]"
Add component (AddParameter): Name = "NI"; Value = ""; VariantName = "[No Variations]"
Add component (AddParameter): Name = "Package"; Value = "0402"; VariantName = "[No Variations]"
Add component (AddParameter): Name = "Power"; Value = ""; VariantName = "[No Variations]"
Add component (AddParameter): Name = "Precision"; Value = "10%"; VariantName = "[No Variations]"
Add component (AddParameter): Name = "Temperature"; Value = ""; VariantName = "[No Variations]"
Add component (AddParameter): Name = "Value"; Value = "10u"; VariantName = "[No Variations]"
Add component (AddParameter): Name = "VerifiedBy"; Value = ""; VariantName = "[No Variations]"
Add component (AddParameter): Name = "Voltage"; Value = "50V"; VariantName = "[No Variations]"
Added Component: Designator=C31(CAP_0402)
Add component (AddParameter): Name = "CreatedBy"; Value = "Jonathan Bouchard"; VariantName = "[No Variations]"
Add component (AddParameter): Name = "Current"; Value = ""; VariantName = "[No Variations]"
Add component (AddParameter): Name = "FootprintNameOK"; Value = ""; VariantName = "[No Variations]"
Add component (AddParameter): Name = "HelpURL"; Value = ""; VariantName = "[No Variations]"
Add component (AddParameter): Name = "Mfg"; Value = ""; VariantName = "[No Variations]"
Add component (AddParameter): Name = "Mfg Part Number"; Value = ""; VariantName = "[No Variations]"
Add component (AddParameter): Name = "NI"; Value = ""; VariantName = "[No Variations]"
Add component (AddParameter): Name = "Package"; Value = "0402"; VariantName = "[No Variations]"
Add component (AddParameter): Name = "Power"; Value = ""; VariantName = "[No Variations]"
Add component (AddParameter): Name = "Precision"; Value = "10%"; VariantName = "[No Variations]"
Add component (AddParameter): Name = "Temperature"; Value = ""; VariantName = "[No Variations]"
Add component (AddParameter): Name = "Value"; Value = "0.1u"; VariantName = "[No Variations]"
Add component (AddParameter): Name = "VerifiedBy"; Value = ""; VariantName = "[No Variations]"
Add component (AddParameter): Name = "Voltage"; Value = "50V"; VariantName = "[No Variations]"
Added Component: Designator=C32(CAP_0402)
Add component (AddParameter): Name = "CreatedBy"; Value = "Jonathan Bouchard"; VariantName = "[No Variations]"
Add component (AddParameter): Name = "Current"; Value = ""; VariantName = "[No Variations]"
Add component (AddParameter): Name = "FootprintNameOK"; Value = ""; VariantName = "[No Variations]"
Add component (AddParameter): Name = "HelpURL"; Value = ""; VariantName = "[No Variations]"
Add component (AddParameter): Name = "Mfg"; Value = ""; VariantName = "[No Variations]"
Add component (AddParameter): Name = "Mfg Part Number"; Value = ""; VariantName = "[No Variations]"
Add component (AddParameter): Name = "NI"; Value = ""; VariantName = "[No Variations]"
Add component (AddParameter): Name = "Package"; Value = "0402"; VariantName = "[No Variations]"
Add component (AddParameter): Name = "Power"; Value = ""; VariantName = "[No Variations]"
Add component (AddParameter): Name = "Precision"; Value = "10%"; VariantName = "[No Variations]"
Add component (AddParameter): Name = "Temperature"; Value = ""; VariantName = "[No Variations]"
Add component (AddParameter): Name = "Value"; Value = "10u"; VariantName = "[No Variations]"
Add component (AddParameter): Name = "VerifiedBy"; Value = ""; VariantName = "[No Variations]"
Add component (AddParameter): Name = "Voltage"; Value = "50V"; VariantName = "[No Variations]"
Added Component: Designator=C33(CAP_0402)
Add component (AddParameter): Name = "CreatedBy"; Value = "Jonathan Bouchard"; VariantName = "[No Variations]"
Add component (AddParameter): Name = "Current"; Value = ""; VariantName = "[No Variations]"
Add component (AddParameter): Name = "FootprintNameOK"; Value = ""; VariantName = "[No Variations]"
Add component (AddParameter): Name = "HelpURL"; Value = ""; VariantName = "[No Variations]"
Add component (AddParameter): Name = "Mfg"; Value = ""; VariantName = "[No Variations]"
Add component (AddParameter): Name = "Mfg Part Number"; Value = ""; VariantName = "[No Variations]"
Add component (AddParameter): Name = "NI"; Value = ""; VariantName = "[No Variations]"
Add component (AddParameter): Name = "Package"; Value = "0402"; VariantName = "[No Variations]"
Add component (AddParameter): Name = "Power"; Value = ""; VariantName = "[No Variations]"
Add component (AddParameter): Name = "Precision"; Value = "10%"; VariantName = "[No Variations]"
Add component (AddParameter): Name = "Temperature"; Value = ""; VariantName = "[No Variations]"
Add component (AddParameter): Name = "Value"; Value = "0.1u"; VariantName = "[No Variations]"
Add component (AddParameter): Name = "VerifiedBy"; Value = ""; VariantName = "[No Variations]"
Add component (AddParameter): Name = "Voltage"; Value = "50V"; VariantName = "[No Variations]"
Added Component: Designator=C34(CAP_0402)
Add component (AddParameter): Name = "CreatedBy"; Value = "Jonathan Bouchard"; VariantName = "[No Variations]"
Add component (AddParameter): Name = "Current"; Value = ""; VariantName = "[No Variations]"
Add component (AddParameter): Name = "FootprintNameOK"; Value = ""; VariantName = "[No Variations]"
Add component (AddParameter): Name = "HelpURL"; Value = ""; VariantName = "[No Variations]"
Add component (AddParameter): Name = "Mfg"; Value = ""; VariantName = "[No Variations]"
Add component (AddParameter): Name = "Mfg Part Number"; Value = ""; VariantName = "[No Variations]"
Add component (AddParameter): Name = "NI"; Value = ""; VariantName = "[No Variations]"
Add component (AddParameter): Name = "Package"; Value = "0402"; VariantName = "[No Variations]"
Add component (AddParameter): Name = "Power"; Value = ""; VariantName = "[No Variations]"
Add component (AddParameter): Name = "Precision"; Value = "10%"; VariantName = "[No Variations]"
Add component (AddParameter): Name = "Temperature"; Value = ""; VariantName = "[No Variations]"
Add component (AddParameter): Name = "Value"; Value = "10u"; VariantName = "[No Variations]"
Add component (AddParameter): Name = "VerifiedBy"; Value = ""; VariantName = "[No Variations]"
Add component (AddParameter): Name = "Voltage"; Value = "50V"; VariantName = "[No Variations]"
Added Component: Designator=C35(CAP_0402)
Add component (AddParameter): Name = "CreatedBy"; Value = "Jonathan Bouchard"; VariantName = "[No Variations]"
Add component (AddParameter): Name = "Current"; Value = ""; VariantName = "[No Variations]"
Add component (AddParameter): Name = "FootprintNameOK"; Value = ""; VariantName = "[No Variations]"
Add component (AddParameter): Name = "HelpURL"; Value = ""; VariantName = "[No Variations]"
Add component (AddParameter): Name = "Mfg"; Value = ""; VariantName = "[No Variations]"
Add component (AddParameter): Name = "Mfg Part Number"; Value = ""; VariantName = "[No Variations]"
Add component (AddParameter): Name = "NI"; Value = ""; VariantName = "[No Variations]"
Add component (AddParameter): Name = "Package"; Value = "0402"; VariantName = "[No Variations]"
Add component (AddParameter): Name = "Power"; Value = ""; VariantName = "[No Variations]"
Add component (AddParameter): Name = "Precision"; Value = "10%"; VariantName = "[No Variations]"
Add component (AddParameter): Name = "Temperature"; Value = ""; VariantName = "[No Variations]"
Add component (AddParameter): Name = "Value"; Value = "0.01u"; VariantName = "[No Variations]"
Add component (AddParameter): Name = "VerifiedBy"; Value = ""; VariantName = "[No Variations]"
Add component (AddParameter): Name = "Voltage"; Value = "50V"; VariantName = "[No Variations]"
Added Component: Designator=C36(CAP_0402)
Add component (AddParameter): Name = "CreatedBy"; Value = "Jonathan Bouchard"; VariantName = "[No Variations]"
Add component (AddParameter): Name = "Current"; Value = ""; VariantName = "[No Variations]"
Add component (AddParameter): Name = "FootprintNameOK"; Value = ""; VariantName = "[No Variations]"
Add component (AddParameter): Name = "HelpURL"; Value = ""; VariantName = "[No Variations]"
Add component (AddParameter): Name = "Mfg"; Value = ""; VariantName = "[No Variations]"
Add component (AddParameter): Name = "Mfg Part Number"; Value = ""; VariantName = "[No Variations]"
Add component (AddParameter): Name = "NI"; Value = ""; VariantName = "[No Variations]"
Add component (AddParameter): Name = "Package"; Value = "0402"; VariantName = "[No Variations]"
Add component (AddParameter): Name = "Power"; Value = ""; VariantName = "[No Variations]"
Add component (AddParameter): Name = "Precision"; Value = "10%"; VariantName = "[No Variations]"
Add component (AddParameter): Name = "Temperature"; Value = ""; VariantName = "[No Variations]"
Add component (AddParameter): Name = "Value"; Value = "0.01u"; VariantName = "[No Variations]"
Add component (AddParameter): Name = "VerifiedBy"; Value = ""; VariantName = "[No Variations]"
Add component (AddParameter): Name = "Voltage"; Value = "50V"; VariantName = "[No Variations]"
Added Component: Designator=C37(CAP_0402)
Add component (AddParameter): Name = "CreatedBy"; Value = "Jonathan Bouchard"; VariantName = "[No Variations]"
Add component (AddParameter): Name = "Current"; Value = ""; VariantName = "[No Variations]"
Add component (AddParameter): Name = "FootprintNameOK"; Value = ""; VariantName = "[No Variations]"
Add component (AddParameter): Name = "HelpURL"; Value = ""; VariantName = "[No Variations]"
Add component (AddParameter): Name = "Mfg"; Value = ""; VariantName = "[No Variations]"
Add component (AddParameter): Name = "Mfg Part Number"; Value = ""; VariantName = "[No Variations]"
Add component (AddParameter): Name = "NI"; Value = ""; VariantName = "[No Variations]"
Add component (AddParameter): Name = "Package"; Value = "0402"; VariantName = "[No Variations]"
Add component (AddParameter): Name = "Power"; Value = ""; VariantName = "[No Variations]"
Add component (AddParameter): Name = "Precision"; Value = "10%"; VariantName = "[No Variations]"
Add component (AddParameter): Name = "Temperature"; Value = ""; VariantName = "[No Variations]"
Add component (AddParameter): Name = "Value"; Value = "0.01u"; VariantName = "[No Variations]"
Add component (AddParameter): Name = "VerifiedBy"; Value = ""; VariantName = "[No Variations]"
Add component (AddParameter): Name = "Voltage"; Value = "50V"; VariantName = "[No Variations]"
Added Component: Designator=C38(CAP_0402)
Add component (AddParameter): Name = "CreatedBy"; Value = "Jonathan Bouchard"; VariantName = "[No Variations]"
Add component (AddParameter): Name = "Current"; Value = ""; VariantName = "[No Variations]"
Add component (AddParameter): Name = "FootprintNameOK"; Value = ""; VariantName = "[No Variations]"
Add component (AddParameter): Name = "HelpURL"; Value = ""; VariantName = "[No Variations]"
Add component (AddParameter): Name = "Mfg"; Value = ""; VariantName = "[No Variations]"
Add component (AddParameter): Name = "Mfg Part Number"; Value = ""; VariantName = "[No Variations]"
Add component (AddParameter): Name = "NI"; Value = ""; VariantName = "[No Variations]"
Add component (AddParameter): Name = "Package"; Value = "0402"; VariantName = "[No Variations]"
Add component (AddParameter): Name = "Power"; Value = ""; VariantName = "[No Variations]"
Add component (AddParameter): Name = "Precision"; Value = "10%"; VariantName = "[No Variations]"
Add component (AddParameter): Name = "Temperature"; Value = ""; VariantName = "[No Variations]"
Add component (AddParameter): Name = "Value"; Value = "0.1u"; VariantName = "[No Variations]"
Add component (AddParameter): Name = "VerifiedBy"; Value = ""; VariantName = "[No Variations]"
Add component (AddParameter): Name = "Voltage"; Value = "50V"; VariantName = "[No Variations]"
Added Component: Designator=C39(CAP_0402)
Add component (AddParameter): Name = "CreatedBy"; Value = "Jonathan Bouchard"; VariantName = "[No Variations]"
Add component (AddParameter): Name = "Current"; Value = ""; VariantName = "[No Variations]"
Add component (AddParameter): Name = "FootprintNameOK"; Value = ""; VariantName = "[No Variations]"
Add component (AddParameter): Name = "HelpURL"; Value = ""; VariantName = "[No Variations]"
Add component (AddParameter): Name = "Mfg"; Value = ""; VariantName = "[No Variations]"
Add component (AddParameter): Name = "Mfg Part Number"; Value = ""; VariantName = "[No Variations]"
Add component (AddParameter): Name = "NI"; Value = ""; VariantName = "[No Variations]"
Add component (AddParameter): Name = "Package"; Value = "0402"; VariantName = "[No Variations]"
Add component (AddParameter): Name = "Power"; Value = ""; VariantName = "[No Variations]"
Add component (AddParameter): Name = "Precision"; Value = "10%"; VariantName = "[No Variations]"
Add component (AddParameter): Name = "Temperature"; Value = ""; VariantName = "[No Variations]"
Add component (AddParameter): Name = "Value"; Value = "10u"; VariantName = "[No Variations]"
Add component (AddParameter): Name = "VerifiedBy"; Value = ""; VariantName = "[No Variations]"
Add component (AddParameter): Name = "Voltage"; Value = "50V"; VariantName = "[No Variations]"
Added Component: Designator=C40(CAP_0402)
Add component (AddParameter): Name = "CreatedBy"; Value = "Jonathan Bouchard"; VariantName = "[No Variations]"
Add component (AddParameter): Name = "Current"; Value = ""; VariantName = "[No Variations]"
Add component (AddParameter): Name = "FootprintNameOK"; Value = ""; VariantName = "[No Variations]"
Add component (AddParameter): Name = "HelpURL"; Value = ""; VariantName = "[No Variations]"
Add component (AddParameter): Name = "Mfg"; Value = ""; VariantName = "[No Variations]"
Add component (AddParameter): Name = "Mfg Part Number"; Value = ""; VariantName = "[No Variations]"
Add component (AddParameter): Name = "NI"; Value = ""; VariantName = "[No Variations]"
Add component (AddParameter): Name = "Package"; Value = "0402"; VariantName = "[No Variations]"
Add component (AddParameter): Name = "Power"; Value = ""; VariantName = "[No Variations]"
Add component (AddParameter): Name = "Precision"; Value = "10%"; VariantName = "[No Variations]"
Add component (AddParameter): Name = "Temperature"; Value = ""; VariantName = "[No Variations]"
Add component (AddParameter): Name = "Value"; Value = "1u"; VariantName = "[No Variations]"
Add component (AddParameter): Name = "VerifiedBy"; Value = ""; VariantName = "[No Variations]"
Add component (AddParameter): Name = "Voltage"; Value = "50V"; VariantName = "[No Variations]"
Added Component: Designator=C41(CAP_0402)
Add component (AddParameter): Name = "CreatedBy"; Value = "Jonathan Bouchard"; VariantName = "[No Variations]"
Add component (AddParameter): Name = "Current"; Value = ""; VariantName = "[No Variations]"
Add component (AddParameter): Name = "FootprintNameOK"; Value = ""; VariantName = "[No Variations]"
Add component (AddParameter): Name = "HelpURL"; Value = ""; VariantName = "[No Variations]"
Add component (AddParameter): Name = "Mfg"; Value = ""; VariantName = "[No Variations]"
Add component (AddParameter): Name = "Mfg Part Number"; Value = ""; VariantName = "[No Variations]"
Add component (AddParameter): Name = "NI"; Value = ""; VariantName = "[No Variations]"
Add component (AddParameter): Name = "Package"; Value = "0402"; VariantName = "[No Variations]"
Add component (AddParameter): Name = "Power"; Value = ""; VariantName = "[No Variations]"
Add component (AddParameter): Name = "Precision"; Value = "10%"; VariantName = "[No Variations]"
Add component (AddParameter): Name = "Temperature"; Value = ""; VariantName = "[No Variations]"
Add component (AddParameter): Name = "Value"; Value = "47u"; VariantName = "[No Variations]"
Add component (AddParameter): Name = "VerifiedBy"; Value = ""; VariantName = "[No Variations]"
Add component (AddParameter): Name = "Voltage"; Value = "50V"; VariantName = "[No Variations]"
Added Component: Designator=C42(CAP_0402)
Add component (AddParameter): Name = "CreatedBy"; Value = "Jonathan Bouchard"; VariantName = "[No Variations]"
Add component (AddParameter): Name = "Current"; Value = ""; VariantName = "[No Variations]"
Add component (AddParameter): Name = "FootprintNameOK"; Value = ""; VariantName = "[No Variations]"
Add component (AddParameter): Name = "HelpURL"; Value = ""; VariantName = "[No Variations]"
Add component (AddParameter): Name = "Mfg"; Value = ""; VariantName = "[No Variations]"
Add component (AddParameter): Name = "Mfg Part Number"; Value = ""; VariantName = "[No Variations]"
Add component (AddParameter): Name = "NI"; Value = ""; VariantName = "[No Variations]"
Add component (AddParameter): Name = "Package"; Value = "0402"; VariantName = "[No Variations]"
Add component (AddParameter): Name = "Power"; Value = ""; VariantName = "[No Variations]"
Add component (AddParameter): Name = "Precision"; Value = "10%"; VariantName = "[No Variations]"
Add component (AddParameter): Name = "Temperature"; Value = ""; VariantName = "[No Variations]"
Add component (AddParameter): Name = "Value"; Value = "0.1u"; VariantName = "[No Variations]"
Add component (AddParameter): Name = "VerifiedBy"; Value = ""; VariantName = "[No Variations]"
Add component (AddParameter): Name = "Voltage"; Value = "50V"; VariantName = "[No Variations]"
Added Component: Designator=C43(CAP_0402)
Add component (AddParameter): Name = "CreatedBy"; Value = "Jonathan Bouchard"; VariantName = "[No Variations]"
Add component (AddParameter): Name = "Current"; Value = ""; VariantName = "[No Variations]"
Add component (AddParameter): Name = "FootprintNameOK"; Value = ""; VariantName = "[No Variations]"
Add component (AddParameter): Name = "HelpURL"; Value = ""; VariantName = "[No Variations]"
Add component (AddParameter): Name = "Mfg"; Value = ""; VariantName = "[No Variations]"
Add component (AddParameter): Name = "Mfg Part Number"; Value = ""; VariantName = "[No Variations]"
Add component (AddParameter): Name = "NI"; Value = ""; VariantName = "[No Variations]"
Add component (AddParameter): Name = "Package"; Value = "0402"; VariantName = "[No Variations]"
Add component (AddParameter): Name = "Power"; Value = ""; VariantName = "[No Variations]"
Add component (AddParameter): Name = "Precision"; Value = "10%"; VariantName = "[No Variations]"
Add component (AddParameter): Name = "Temperature"; Value = ""; VariantName = "[No Variations]"
Add component (AddParameter): Name = "Value"; Value = "0.01u"; VariantName = "[No Variations]"
Add component (AddParameter): Name = "VerifiedBy"; Value = ""; VariantName = "[No Variations]"
Add component (AddParameter): Name = "Voltage"; Value = "50V"; VariantName = "[No Variations]"
Added Component: Designator=C44(CAP_1210)
Add component (AddParameter): Name = "CreatedBy"; Value = "Jonathan Bouchard"; VariantName = "[No Variations]"
Add component (AddParameter): Name = "Current"; Value = ""; VariantName = "[No Variations]"
Add component (AddParameter): Name = "FootprintNameOK"; Value = ""; VariantName = "[No Variations]"
Add component (AddParameter): Name = "HelpURL"; Value = ""; VariantName = "[No Variations]"
Add component (AddParameter): Name = "Mfg"; Value = ""; VariantName = "[No Variations]"
Add component (AddParameter): Name = "Mfg Part Number"; Value = ""; VariantName = "[No Variations]"
Add component (AddParameter): Name = "NI"; Value = ""; VariantName = "[No Variations]"
Add component (AddParameter): Name = "Package"; Value = "1210"; VariantName = "[No Variations]"
Add component (AddParameter): Name = "Power"; Value = ""; VariantName = "[No Variations]"
Add component (AddParameter): Name = "Precision"; Value = "10%"; VariantName = "[No Variations]"
Add component (AddParameter): Name = "Temperature"; Value = ""; VariantName = "[No Variations]"
Add component (AddParameter): Name = "Value"; Value = "100u"; VariantName = "[No Variations]"
Add component (AddParameter): Name = "VerifiedBy"; Value = ""; VariantName = "[No Variations]"
Add component (AddParameter): Name = "Voltage"; Value = "6.3V"; VariantName = "[No Variations]"
Added Component: Designator=C45(CAP_0805)
Add component (AddParameter): Name = "CreatedBy"; Value = "Jonathan Bouchard"; VariantName = "[No Variations]"
Add component (AddParameter): Name = "Current"; Value = ""; VariantName = "[No Variations]"
Add component (AddParameter): Name = "FootprintNameOK"; Value = ""; VariantName = "[No Variations]"
Add component (AddParameter): Name = "HelpURL"; Value = ""; VariantName = "[No Variations]"
Add component (AddParameter): Name = "Mfg"; Value = ""; VariantName = "[No Variations]"
Add component (AddParameter): Name = "Mfg Part Number"; Value = ""; VariantName = "[No Variations]"
Add component (AddParameter): Name = "NI"; Value = ""; VariantName = "[No Variations]"
Add component (AddParameter): Name = "Package"; Value = "0805"; VariantName = "[No Variations]"
Add component (AddParameter): Name = "Power"; Value = ""; VariantName = "[No Variations]"
Add component (AddParameter): Name = "Precision"; Value = "10%"; VariantName = "[No Variations]"
Add component (AddParameter): Name = "Temperature"; Value = ""; VariantName = "[No Variations]"
Add component (AddParameter): Name = "Value"; Value = "4.7u"; VariantName = "[No Variations]"
Add component (AddParameter): Name = "VerifiedBy"; Value = ""; VariantName = "[No Variations]"
Add component (AddParameter): Name = "Voltage"; Value = "6.3V"; VariantName = "[No Variations]"
Added Component: Designator=C46(CAP_0402)
Add component (AddParameter): Name = "CreatedBy"; Value = "Jonathan Bouchard"; VariantName = "[No Variations]"
Add component (AddParameter): Name = "Current"; Value = ""; VariantName = "[No Variations]"
Add component (AddParameter): Name = "FootprintNameOK"; Value = ""; VariantName = "[No Variations]"
Add component (AddParameter): Name = "HelpURL"; Value = ""; VariantName = "[No Variations]"
Add component (AddParameter): Name = "Mfg"; Value = ""; VariantName = "[No Variations]"
Add component (AddParameter): Name = "Mfg Part Number"; Value = ""; VariantName = "[No Variations]"
Add component (AddParameter): Name = "NI"; Value = ""; VariantName = "[No Variations]"
Add component (AddParameter): Name = "Package"; Value = "0402"; VariantName = "[No Variations]"
Add component (AddParameter): Name = "Power"; Value = ""; VariantName = "[No Variations]"
Add component (AddParameter): Name = "Precision"; Value = "10%"; VariantName = "[No Variations]"
Add component (AddParameter): Name = "Temperature"; Value = ""; VariantName = "[No Variations]"
Add component (AddParameter): Name = "Value"; Value = "0.47u"; VariantName = "[No Variations]"
Add component (AddParameter): Name = "VerifiedBy"; Value = ""; VariantName = "[No Variations]"
Add component (AddParameter): Name = "Voltage"; Value = "6.3V"; VariantName = "[No Variations]"
Added Component: Designator=C47(CAP_0402)
Add component (AddParameter): Name = "CreatedBy"; Value = "Jonathan Bouchard"; VariantName = "[No Variations]"
Add component (AddParameter): Name = "Current"; Value = ""; VariantName = "[No Variations]"
Add component (AddParameter): Name = "FootprintNameOK"; Value = ""; VariantName = "[No Variations]"
Add component (AddParameter): Name = "HelpURL"; Value = ""; VariantName = "[No Variations]"
Add component (AddParameter): Name = "Mfg"; Value = ""; VariantName = "[No Variations]"
Add component (AddParameter): Name = "Mfg Part Number"; Value = ""; VariantName = "[No Variations]"
Add component (AddParameter): Name = "NI"; Value = ""; VariantName = "[No Variations]"
Add component (AddParameter): Name = "Package"; Value = "0402"; VariantName = "[No Variations]"
Add component (AddParameter): Name = "Power"; Value = ""; VariantName = "[No Variations]"
Add component (AddParameter): Name = "Precision"; Value = "10%"; VariantName = "[No Variations]"
Add component (AddParameter): Name = "Temperature"; Value = ""; VariantName = "[No Variations]"
Add component (AddParameter): Name = "Value"; Value = "0.47u"; VariantName = "[No Variations]"
Add component (AddParameter): Name = "VerifiedBy"; Value = ""; VariantName = "[No Variations]"
Add component (AddParameter): Name = "Voltage"; Value = "6.3V"; VariantName = "[No Variations]"
Added Component: Designator=C48(CAP_0402)
Add component (AddParameter): Name = "CreatedBy"; Value = "Jonathan Bouchard"; VariantName = "[No Variations]"
Add component (AddParameter): Name = "Current"; Value = ""; VariantName = "[No Variations]"
Add component (AddParameter): Name = "FootprintNameOK"; Value = ""; VariantName = "[No Variations]"
Add component (AddParameter): Name = "HelpURL"; Value = ""; VariantName = "[No Variations]"
Add component (AddParameter): Name = "Mfg"; Value = ""; VariantName = "[No Variations]"
Add component (AddParameter): Name = "Mfg Part Number"; Value = ""; VariantName = "[No Variations]"
Add component (AddParameter): Name = "NI"; Value = ""; VariantName = "[No Variations]"
Add component (AddParameter): Name = "Package"; Value = "0402"; VariantName = "[No Variations]"
Add component (AddParameter): Name = "Power"; Value = ""; VariantName = "[No Variations]"
Add component (AddParameter): Name = "Precision"; Value = "10%"; VariantName = "[No Variations]"
Add component (AddParameter): Name = "Temperature"; Value = ""; VariantName = "[No Variations]"
Add component (AddParameter): Name = "Value"; Value = "0.47u"; VariantName = "[No Variations]"
Add component (AddParameter): Name = "VerifiedBy"; Value = ""; VariantName = "[No Variations]"
Add component (AddParameter): Name = "Voltage"; Value = "6.3V"; VariantName = "[No Variations]"
Added Component: Designator=C49(CAP_1210)
Add component (AddParameter): Name = "CreatedBy"; Value = "Jonathan Bouchard"; VariantName = "[No Variations]"
Add component (AddParameter): Name = "Current"; Value = ""; VariantName = "[No Variations]"
Add component (AddParameter): Name = "FootprintNameOK"; Value = ""; VariantName = "[No Variations]"
Add component (AddParameter): Name = "HelpURL"; Value = ""; VariantName = "[No Variations]"
Add component (AddParameter): Name = "Mfg"; Value = ""; VariantName = "[No Variations]"
Add component (AddParameter): Name = "Mfg Part Number"; Value = ""; VariantName = "[No Variations]"
Add component (AddParameter): Name = "NI"; Value = ""; VariantName = "[No Variations]"
Add component (AddParameter): Name = "Package"; Value = "1210"; VariantName = "[No Variations]"
Add component (AddParameter): Name = "Power"; Value = ""; VariantName = "[No Variations]"
Add component (AddParameter): Name = "Precision"; Value = "10%"; VariantName = "[No Variations]"
Add component (AddParameter): Name = "Temperature"; Value = ""; VariantName = "[No Variations]"
Add component (AddParameter): Name = "Value"; Value = "100u"; VariantName = "[No Variations]"
Add component (AddParameter): Name = "VerifiedBy"; Value = ""; VariantName = "[No Variations]"
Add component (AddParameter): Name = "Voltage"; Value = "6.3V"; VariantName = "[No Variations]"
Added Component: Designator=C50(CAP_0805)
Add component (AddParameter): Name = "CreatedBy"; Value = "Jonathan Bouchard"; VariantName = "[No Variations]"
Add component (AddParameter): Name = "Current"; Value = ""; VariantName = "[No Variations]"
Add component (AddParameter): Name = "FootprintNameOK"; Value = ""; VariantName = "[No Variations]"
Add component (AddParameter): Name = "HelpURL"; Value = ""; VariantName = "[No Variations]"
Add component (AddParameter): Name = "Mfg"; Value = ""; VariantName = "[No Variations]"
Add component (AddParameter): Name = "Mfg Part Number"; Value = ""; VariantName = "[No Variations]"
Add component (AddParameter): Name = "NI"; Value = ""; VariantName = "[No Variations]"
Add component (AddParameter): Name = "Package"; Value = "0805"; VariantName = "[No Variations]"
Add component (AddParameter): Name = "Power"; Value = ""; VariantName = "[No Variations]"
Add component (AddParameter): Name = "Precision"; Value = "10%"; VariantName = "[No Variations]"
Add component (AddParameter): Name = "Temperature"; Value = ""; VariantName = "[No Variations]"
Add component (AddParameter): Name = "Value"; Value = "4.7u"; VariantName = "[No Variations]"
Add component (AddParameter): Name = "VerifiedBy"; Value = ""; VariantName = "[No Variations]"
Add component (AddParameter): Name = "Voltage"; Value = "6.3V"; VariantName = "[No Variations]"
Added Component: Designator=C51(CAP_0402)
Add component (AddParameter): Name = "CreatedBy"; Value = "Jonathan Bouchard"; VariantName = "[No Variations]"
Add component (AddParameter): Name = "Current"; Value = ""; VariantName = "[No Variations]"
Add component (AddParameter): Name = "FootprintNameOK"; Value = ""; VariantName = "[No Variations]"
Add component (AddParameter): Name = "HelpURL"; Value = ""; VariantName = "[No Variations]"
Add component (AddParameter): Name = "Mfg"; Value = ""; VariantName = "[No Variations]"
Add component (AddParameter): Name = "Mfg Part Number"; Value = ""; VariantName = "[No Variations]"
Add component (AddParameter): Name = "NI"; Value = ""; VariantName = "[No Variations]"
Add component (AddParameter): Name = "Package"; Value = "0402"; VariantName = "[No Variations]"
Add component (AddParameter): Name = "Power"; Value = ""; VariantName = "[No Variations]"
Add component (AddParameter): Name = "Precision"; Value = "10%"; VariantName = "[No Variations]"
Add component (AddParameter): Name = "Temperature"; Value = ""; VariantName = "[No Variations]"
Add component (AddParameter): Name = "Value"; Value = "0.47u"; VariantName = "[No Variations]"
Add component (AddParameter): Name = "VerifiedBy"; Value = ""; VariantName = "[No Variations]"
Add component (AddParameter): Name = "Voltage"; Value = "6.3V"; VariantName = "[No Variations]"
Added Component: Designator=C52(CAP_0402)
Add component (AddParameter): Name = "CreatedBy"; Value = "Jonathan Bouchard"; VariantName = "[No Variations]"
Add component (AddParameter): Name = "Current"; Value = ""; VariantName = "[No Variations]"
Add component (AddParameter): Name = "FootprintNameOK"; Value = ""; VariantName = "[No Variations]"
Add component (AddParameter): Name = "HelpURL"; Value = ""; VariantName = "[No Variations]"
Add component (AddParameter): Name = "Mfg"; Value = ""; VariantName = "[No Variations]"
Add component (AddParameter): Name = "Mfg Part Number"; Value = ""; VariantName = "[No Variations]"
Add component (AddParameter): Name = "NI"; Value = ""; VariantName = "[No Variations]"
Add component (AddParameter): Name = "Package"; Value = "0402"; VariantName = "[No Variations]"
Add component (AddParameter): Name = "Power"; Value = ""; VariantName = "[No Variations]"
Add component (AddParameter): Name = "Precision"; Value = "10%"; VariantName = "[No Variations]"
Add component (AddParameter): Name = "Temperature"; Value = ""; VariantName = "[No Variations]"
Add component (AddParameter): Name = "Value"; Value = "0.47u"; VariantName = "[No Variations]"
Add component (AddParameter): Name = "VerifiedBy"; Value = ""; VariantName = "[No Variations]"
Add component (AddParameter): Name = "Voltage"; Value = "6.3V"; VariantName = "[No Variations]"
Added Component: Designator=C53(CAP_0402)
Add component (AddParameter): Name = "CreatedBy"; Value = "Jonathan Bouchard"; VariantName = "[No Variations]"
Add component (AddParameter): Name = "Current"; Value = ""; VariantName = "[No Variations]"
Add component (AddParameter): Name = "FootprintNameOK"; Value = ""; VariantName = "[No Variations]"
Add component (AddParameter): Name = "HelpURL"; Value = ""; VariantName = "[No Variations]"
Add component (AddParameter): Name = "Mfg"; Value = ""; VariantName = "[No Variations]"
Add component (AddParameter): Name = "Mfg Part Number"; Value = ""; VariantName = "[No Variations]"
Add component (AddParameter): Name = "NI"; Value = ""; VariantName = "[No Variations]"
Add component (AddParameter): Name = "Package"; Value = "0402"; VariantName = "[No Variations]"
Add component (AddParameter): Name = "Power"; Value = ""; VariantName = "[No Variations]"
Add component (AddParameter): Name = "Precision"; Value = "10%"; VariantName = "[No Variations]"
Add component (AddParameter): Name = "Temperature"; Value = ""; VariantName = "[No Variations]"
Add component (AddParameter): Name = "Value"; Value = "0.47u"; VariantName = "[No Variations]"
Add component (AddParameter): Name = "VerifiedBy"; Value = ""; VariantName = "[No Variations]"
Add component (AddParameter): Name = "Voltage"; Value = "6.3V"; VariantName = "[No Variations]"
Added Component: Designator=C54(CAP_1210)
Add component (AddParameter): Name = "CreatedBy"; Value = "Jonathan Bouchard"; VariantName = "[No Variations]"
Add component (AddParameter): Name = "Current"; Value = ""; VariantName = "[No Variations]"
Add component (AddParameter): Name = "FootprintNameOK"; Value = ""; VariantName = "[No Variations]"
Add component (AddParameter): Name = "HelpURL"; Value = ""; VariantName = "[No Variations]"
Add component (AddParameter): Name = "Mfg"; Value = ""; VariantName = "[No Variations]"
Add component (AddParameter): Name = "Mfg Part Number"; Value = ""; VariantName = "[No Variations]"
Add component (AddParameter): Name = "NI"; Value = ""; VariantName = "[No Variations]"
Add component (AddParameter): Name = "Package"; Value = "1210"; VariantName = "[No Variations]"
Add component (AddParameter): Name = "Power"; Value = ""; VariantName = "[No Variations]"
Add component (AddParameter): Name = "Precision"; Value = "10%"; VariantName = "[No Variations]"
Add component (AddParameter): Name = "Temperature"; Value = ""; VariantName = "[No Variations]"
Add component (AddParameter): Name = "Value"; Value = "100u"; VariantName = "[No Variations]"
Add component (AddParameter): Name = "VerifiedBy"; Value = ""; VariantName = "[No Variations]"
Add component (AddParameter): Name = "Voltage"; Value = "6.3V"; VariantName = "[No Variations]"
Added Component: Designator=C55(CAP_0805)
Add component (AddParameter): Name = "CreatedBy"; Value = "Jonathan Bouchard"; VariantName = "[No Variations]"
Add component (AddParameter): Name = "Current"; Value = ""; VariantName = "[No Variations]"
Add component (AddParameter): Name = "FootprintNameOK"; Value = ""; VariantName = "[No Variations]"
Add component (AddParameter): Name = "HelpURL"; Value = ""; VariantName = "[No Variations]"
Add component (AddParameter): Name = "Mfg"; Value = ""; VariantName = "[No Variations]"
Add component (AddParameter): Name = "Mfg Part Number"; Value = ""; VariantName = "[No Variations]"
Add component (AddParameter): Name = "NI"; Value = ""; VariantName = "[No Variations]"
Add component (AddParameter): Name = "Package"; Value = "0805"; VariantName = "[No Variations]"
Add component (AddParameter): Name = "Power"; Value = ""; VariantName = "[No Variations]"
Add component (AddParameter): Name = "Precision"; Value = "10%"; VariantName = "[No Variations]"
Add component (AddParameter): Name = "Temperature"; Value = ""; VariantName = "[No Variations]"
Add component (AddParameter): Name = "Value"; Value = "4.7u"; VariantName = "[No Variations]"
Add component (AddParameter): Name = "VerifiedBy"; Value = ""; VariantName = "[No Variations]"
Add component (AddParameter): Name = "Voltage"; Value = "6.3V"; VariantName = "[No Variations]"
Added Component: Designator=C56(CAP_0402)
Add component (AddParameter): Name = "CreatedBy"; Value = "Jonathan Bouchard"; VariantName = "[No Variations]"
Add component (AddParameter): Name = "Current"; Value = ""; VariantName = "[No Variations]"
Add component (AddParameter): Name = "FootprintNameOK"; Value = ""; VariantName = "[No Variations]"
Add component (AddParameter): Name = "HelpURL"; Value = ""; VariantName = "[No Variations]"
Add component (AddParameter): Name = "Mfg"; Value = ""; VariantName = "[No Variations]"
Add component (AddParameter): Name = "Mfg Part Number"; Value = ""; VariantName = "[No Variations]"
Add component (AddParameter): Name = "NI"; Value = ""; VariantName = "[No Variations]"
Add component (AddParameter): Name = "Package"; Value = "0402"; VariantName = "[No Variations]"
Add component (AddParameter): Name = "Power"; Value = ""; VariantName = "[No Variations]"
Add component (AddParameter): Name = "Precision"; Value = "10%"; VariantName = "[No Variations]"
Add component (AddParameter): Name = "Temperature"; Value = ""; VariantName = "[No Variations]"
Add component (AddParameter): Name = "Value"; Value = "0.47u"; VariantName = "[No Variations]"
Add component (AddParameter): Name = "VerifiedBy"; Value = ""; VariantName = "[No Variations]"
Add component (AddParameter): Name = "Voltage"; Value = "6.3V"; VariantName = "[No Variations]"
Added Component: Designator=C57(CAP_0402)
Add component (AddParameter): Name = "CreatedBy"; Value = "Jonathan Bouchard"; VariantName = "[No Variations]"
Add component (AddParameter): Name = "Current"; Value = ""; VariantName = "[No Variations]"
Add component (AddParameter): Name = "FootprintNameOK"; Value = ""; VariantName = "[No Variations]"
Add component (AddParameter): Name = "HelpURL"; Value = ""; VariantName = "[No Variations]"
Add component (AddParameter): Name = "Mfg"; Value = ""; VariantName = "[No Variations]"
Add component (AddParameter): Name = "Mfg Part Number"; Value = ""; VariantName = "[No Variations]"
Add component (AddParameter): Name = "NI"; Value = ""; VariantName = "[No Variations]"
Add component (AddParameter): Name = "Package"; Value = "0402"; VariantName = "[No Variations]"
Add component (AddParameter): Name = "Power"; Value = ""; VariantName = "[No Variations]"
Add component (AddParameter): Name = "Precision"; Value = "10%"; VariantName = "[No Variations]"
Add component (AddParameter): Name = "Temperature"; Value = ""; VariantName = "[No Variations]"
Add component (AddParameter): Name = "Value"; Value = "0.47u"; VariantName = "[No Variations]"
Add component (AddParameter): Name = "VerifiedBy"; Value = ""; VariantName = "[No Variations]"
Add component (AddParameter): Name = "Voltage"; Value = "6.3V"; VariantName = "[No Variations]"
Added Component: Designator=C58(CAP_0402)
Add component (AddParameter): Name = "CreatedBy"; Value = "Jonathan Bouchard"; VariantName = "[No Variations]"
Add component (AddParameter): Name = "Current"; Value = ""; VariantName = "[No Variations]"
Add component (AddParameter): Name = "FootprintNameOK"; Value = ""; VariantName = "[No Variations]"
Add component (AddParameter): Name = "HelpURL"; Value = ""; VariantName = "[No Variations]"
Add component (AddParameter): Name = "Mfg"; Value = ""; VariantName = "[No Variations]"
Add component (AddParameter): Name = "Mfg Part Number"; Value = ""; VariantName = "[No Variations]"
Add component (AddParameter): Name = "NI"; Value = ""; VariantName = "[No Variations]"
Add component (AddParameter): Name = "Package"; Value = "0402"; VariantName = "[No Variations]"
Add component (AddParameter): Name = "Power"; Value = ""; VariantName = "[No Variations]"
Add component (AddParameter): Name = "Precision"; Value = "10%"; VariantName = "[No Variations]"
Add component (AddParameter): Name = "Temperature"; Value = ""; VariantName = "[No Variations]"
Add component (AddParameter): Name = "Value"; Value = "0.47u"; VariantName = "[No Variations]"
Add component (AddParameter): Name = "VerifiedBy"; Value = ""; VariantName = "[No Variations]"
Add component (AddParameter): Name = "Voltage"; Value = "6.3V"; VariantName = "[No Variations]"
Added Component: Designator=C59(CAP_1210)
Add component (AddParameter): Name = "CreatedBy"; Value = "Jonathan Bouchard"; VariantName = "[No Variations]"
Add component (AddParameter): Name = "Current"; Value = ""; VariantName = "[No Variations]"
Add component (AddParameter): Name = "FootprintNameOK"; Value = ""; VariantName = "[No Variations]"
Add component (AddParameter): Name = "HelpURL"; Value = ""; VariantName = "[No Variations]"
Add component (AddParameter): Name = "Mfg"; Value = ""; VariantName = "[No Variations]"
Add component (AddParameter): Name = "Mfg Part Number"; Value = ""; VariantName = "[No Variations]"
Add component (AddParameter): Name = "NI"; Value = ""; VariantName = "[No Variations]"
Add component (AddParameter): Name = "Package"; Value = "1210"; VariantName = "[No Variations]"
Add component (AddParameter): Name = "Power"; Value = ""; VariantName = "[No Variations]"
Add component (AddParameter): Name = "Precision"; Value = "10%"; VariantName = "[No Variations]"
Add component (AddParameter): Name = "Temperature"; Value = ""; VariantName = "[No Variations]"
Add component (AddParameter): Name = "Value"; Value = "100u"; VariantName = "[No Variations]"
Add component (AddParameter): Name = "VerifiedBy"; Value = ""; VariantName = "[No Variations]"
Add component (AddParameter): Name = "Voltage"; Value = "6.3V"; VariantName = "[No Variations]"
Added Component: Designator=C60(CAP_0805)
Add component (AddParameter): Name = "CreatedBy"; Value = "Jonathan Bouchard"; VariantName = "[No Variations]"
Add component (AddParameter): Name = "Current"; Value = ""; VariantName = "[No Variations]"
Add component (AddParameter): Name = "FootprintNameOK"; Value = ""; VariantName = "[No Variations]"
Add component (AddParameter): Name = "HelpURL"; Value = ""; VariantName = "[No Variations]"
Add component (AddParameter): Name = "Mfg"; Value = ""; VariantName = "[No Variations]"
Add component (AddParameter): Name = "Mfg Part Number"; Value = ""; VariantName = "[No Variations]"
Add component (AddParameter): Name = "NI"; Value = ""; VariantName = "[No Variations]"
Add component (AddParameter): Name = "Package"; Value = "0805"; VariantName = "[No Variations]"
Add component (AddParameter): Name = "Power"; Value = ""; VariantName = "[No Variations]"
Add component (AddParameter): Name = "Precision"; Value = "10%"; VariantName = "[No Variations]"
Add component (AddParameter): Name = "Temperature"; Value = ""; VariantName = "[No Variations]"
Add component (AddParameter): Name = "Value"; Value = "4.7u"; VariantName = "[No Variations]"
Add component (AddParameter): Name = "VerifiedBy"; Value = ""; VariantName = "[No Variations]"
Add component (AddParameter): Name = "Voltage"; Value = "6.3V"; VariantName = "[No Variations]"
Added Component: Designator=C61(CAP_0402)
Add component (AddParameter): Name = "CreatedBy"; Value = "Jonathan Bouchard"; VariantName = "[No Variations]"
Add component (AddParameter): Name = "Current"; Value = ""; VariantName = "[No Variations]"
Add component (AddParameter): Name = "FootprintNameOK"; Value = ""; VariantName = "[No Variations]"
Add component (AddParameter): Name = "HelpURL"; Value = ""; VariantName = "[No Variations]"
Add component (AddParameter): Name = "Mfg"; Value = ""; VariantName = "[No Variations]"
Add component (AddParameter): Name = "Mfg Part Number"; Value = ""; VariantName = "[No Variations]"
Add component (AddParameter): Name = "NI"; Value = ""; VariantName = "[No Variations]"
Add component (AddParameter): Name = "Package"; Value = "0402"; VariantName = "[No Variations]"
Add component (AddParameter): Name = "Power"; Value = ""; VariantName = "[No Variations]"
Add component (AddParameter): Name = "Precision"; Value = "10%"; VariantName = "[No Variations]"
Add component (AddParameter): Name = "Temperature"; Value = ""; VariantName = "[No Variations]"
Add component (AddParameter): Name = "Value"; Value = "0.47u"; VariantName = "[No Variations]"
Add component (AddParameter): Name = "VerifiedBy"; Value = ""; VariantName = "[No Variations]"
Add component (AddParameter): Name = "Voltage"; Value = "6.3V"; VariantName = "[No Variations]"
Added Component: Designator=C62(CAP_0402)
Add component (AddParameter): Name = "CreatedBy"; Value = "Jonathan Bouchard"; VariantName = "[No Variations]"
Add component (AddParameter): Name = "Current"; Value = ""; VariantName = "[No Variations]"
Add component (AddParameter): Name = "FootprintNameOK"; Value = ""; VariantName = "[No Variations]"
Add component (AddParameter): Name = "HelpURL"; Value = ""; VariantName = "[No Variations]"
Add component (AddParameter): Name = "Mfg"; Value = ""; VariantName = "[No Variations]"
Add component (AddParameter): Name = "Mfg Part Number"; Value = ""; VariantName = "[No Variations]"
Add component (AddParameter): Name = "NI"; Value = ""; VariantName = "[No Variations]"
Add component (AddParameter): Name = "Package"; Value = "0402"; VariantName = "[No Variations]"
Add component (AddParameter): Name = "Power"; Value = ""; VariantName = "[No Variations]"
Add component (AddParameter): Name = "Precision"; Value = "10%"; VariantName = "[No Variations]"
Add component (AddParameter): Name = "Temperature"; Value = ""; VariantName = "[No Variations]"
Add component (AddParameter): Name = "Value"; Value = "0.47u"; VariantName = "[No Variations]"
Add component (AddParameter): Name = "VerifiedBy"; Value = ""; VariantName = "[No Variations]"
Add component (AddParameter): Name = "Voltage"; Value = "6.3V"; VariantName = "[No Variations]"
Added Component: Designator=C63(CAP_0402)
Add component (AddParameter): Name = "CreatedBy"; Value = "Jonathan Bouchard"; VariantName = "[No Variations]"
Add component (AddParameter): Name = "Current"; Value = ""; VariantName = "[No Variations]"
Add component (AddParameter): Name = "FootprintNameOK"; Value = ""; VariantName = "[No Variations]"
Add component (AddParameter): Name = "HelpURL"; Value = ""; VariantName = "[No Variations]"
Add component (AddParameter): Name = "Mfg"; Value = ""; VariantName = "[No Variations]"
Add component (AddParameter): Name = "Mfg Part Number"; Value = ""; VariantName = "[No Variations]"
Add component (AddParameter): Name = "NI"; Value = ""; VariantName = "[No Variations]"
Add component (AddParameter): Name = "Package"; Value = "0402"; VariantName = "[No Variations]"
Add component (AddParameter): Name = "Power"; Value = ""; VariantName = "[No Variations]"
Add component (AddParameter): Name = "Precision"; Value = "10%"; VariantName = "[No Variations]"
Add component (AddParameter): Name = "Temperature"; Value = ""; VariantName = "[No Variations]"
Add component (AddParameter): Name = "Value"; Value = "0.47u"; VariantName = "[No Variations]"
Add component (AddParameter): Name = "VerifiedBy"; Value = ""; VariantName = "[No Variations]"
Add component (AddParameter): Name = "Voltage"; Value = "6.3V"; VariantName = "[No Variations]"
Added Component: Designator=C64(CAP_1210)
Add component (AddParameter): Name = "CreatedBy"; Value = "Jonathan Bouchard"; VariantName = "[No Variations]"
Add component (AddParameter): Name = "Current"; Value = ""; VariantName = "[No Variations]"
Add component (AddParameter): Name = "FootprintNameOK"; Value = ""; VariantName = "[No Variations]"
Add component (AddParameter): Name = "HelpURL"; Value = ""; VariantName = "[No Variations]"
Add component (AddParameter): Name = "Mfg"; Value = ""; VariantName = "[No Variations]"
Add component (AddParameter): Name = "Mfg Part Number"; Value = ""; VariantName = "[No Variations]"
Add component (AddParameter): Name = "NI"; Value = ""; VariantName = "[No Variations]"
Add component (AddParameter): Name = "Package"; Value = "1210"; VariantName = "[No Variations]"
Add component (AddParameter): Name = "Power"; Value = ""; VariantName = "[No Variations]"
Add component (AddParameter): Name = "Precision"; Value = "10%"; VariantName = "[No Variations]"
Add component (AddParameter): Name = "Temperature"; Value = ""; VariantName = "[No Variations]"
Add component (AddParameter): Name = "Value"; Value = "100u"; VariantName = "[No Variations]"
Add component (AddParameter): Name = "VerifiedBy"; Value = ""; VariantName = "[No Variations]"
Add component (AddParameter): Name = "Voltage"; Value = "6.3V"; VariantName = "[No Variations]"
Added Component: Designator=C65(CAP_0805)
Add component (AddParameter): Name = "CreatedBy"; Value = "Jonathan Bouchard"; VariantName = "[No Variations]"
Add component (AddParameter): Name = "Current"; Value = ""; VariantName = "[No Variations]"
Add component (AddParameter): Name = "FootprintNameOK"; Value = ""; VariantName = "[No Variations]"
Add component (AddParameter): Name = "HelpURL"; Value = ""; VariantName = "[No Variations]"
Add component (AddParameter): Name = "Mfg"; Value = ""; VariantName = "[No Variations]"
Add component (AddParameter): Name = "Mfg Part Number"; Value = ""; VariantName = "[No Variations]"
Add component (AddParameter): Name = "NI"; Value = ""; VariantName = "[No Variations]"
Add component (AddParameter): Name = "Package"; Value = "0805"; VariantName = "[No Variations]"
Add component (AddParameter): Name = "Power"; Value = ""; VariantName = "[No Variations]"
Add component (AddParameter): Name = "Precision"; Value = "10%"; VariantName = "[No Variations]"
Add component (AddParameter): Name = "Temperature"; Value = ""; VariantName = "[No Variations]"
Add component (AddParameter): Name = "Value"; Value = "4.7u"; VariantName = "[No Variations]"
Add component (AddParameter): Name = "VerifiedBy"; Value = ""; VariantName = "[No Variations]"
Add component (AddParameter): Name = "Voltage"; Value = "6.3V"; VariantName = "[No Variations]"
Added Component: Designator=C66(CAP_0402)
Add component (AddParameter): Name = "CreatedBy"; Value = "Jonathan Bouchard"; VariantName = "[No Variations]"
Add component (AddParameter): Name = "Current"; Value = ""; VariantName = "[No Variations]"
Add component (AddParameter): Name = "FootprintNameOK"; Value = ""; VariantName = "[No Variations]"
Add component (AddParameter): Name = "HelpURL"; Value = ""; VariantName = "[No Variations]"
Add component (AddParameter): Name = "Mfg"; Value = ""; VariantName = "[No Variations]"
Add component (AddParameter): Name = "Mfg Part Number"; Value = ""; VariantName = "[No Variations]"
Add component (AddParameter): Name = "NI"; Value = ""; VariantName = "[No Variations]"
Add component (AddParameter): Name = "Package"; Value = "0402"; VariantName = "[No Variations]"
Add component (AddParameter): Name = "Power"; Value = ""; VariantName = "[No Variations]"
Add component (AddParameter): Name = "Precision"; Value = "10%"; VariantName = "[No Variations]"
Add component (AddParameter): Name = "Temperature"; Value = ""; VariantName = "[No Variations]"
Add component (AddParameter): Name = "Value"; Value = "0.47u"; VariantName = "[No Variations]"
Add component (AddParameter): Name = "VerifiedBy"; Value = ""; VariantName = "[No Variations]"
Add component (AddParameter): Name = "Voltage"; Value = "6.3V"; VariantName = "[No Variations]"
Added Component: Designator=C67(CAP_0402)
Add component (AddParameter): Name = "CreatedBy"; Value = "Jonathan Bouchard"; VariantName = "[No Variations]"
Add component (AddParameter): Name = "Current"; Value = ""; VariantName = "[No Variations]"
Add component (AddParameter): Name = "FootprintNameOK"; Value = ""; VariantName = "[No Variations]"
Add component (AddParameter): Name = "HelpURL"; Value = ""; VariantName = "[No Variations]"
Add component (AddParameter): Name = "Mfg"; Value = ""; VariantName = "[No Variations]"
Add component (AddParameter): Name = "Mfg Part Number"; Value = ""; VariantName = "[No Variations]"
Add component (AddParameter): Name = "NI"; Value = ""; VariantName = "[No Variations]"
Add component (AddParameter): Name = "Package"; Value = "0402"; VariantName = "[No Variations]"
Add component (AddParameter): Name = "Power"; Value = ""; VariantName = "[No Variations]"
Add component (AddParameter): Name = "Precision"; Value = "10%"; VariantName = "[No Variations]"
Add component (AddParameter): Name = "Temperature"; Value = ""; VariantName = "[No Variations]"
Add component (AddParameter): Name = "Value"; Value = "0.47u"; VariantName = "[No Variations]"
Add component (AddParameter): Name = "VerifiedBy"; Value = ""; VariantName = "[No Variations]"
Add component (AddParameter): Name = "Voltage"; Value = "6.3V"; VariantName = "[No Variations]"
Added Component: Designator=C68(CAP_1210)
Add component (AddParameter): Name = "CreatedBy"; Value = "Jonathan Bouchard"; VariantName = "[No Variations]"
Add component (AddParameter): Name = "Current"; Value = ""; VariantName = "[No Variations]"
Add component (AddParameter): Name = "FootprintNameOK"; Value = ""; VariantName = "[No Variations]"
Add component (AddParameter): Name = "HelpURL"; Value = ""; VariantName = "[No Variations]"
Add component (AddParameter): Name = "Mfg"; Value = ""; VariantName = "[No Variations]"
Add component (AddParameter): Name = "Mfg Part Number"; Value = ""; VariantName = "[No Variations]"
Add component (AddParameter): Name = "NI"; Value = ""; VariantName = "[No Variations]"
Add component (AddParameter): Name = "Package"; Value = "1210"; VariantName = "[No Variations]"
Add component (AddParameter): Name = "Power"; Value = ""; VariantName = "[No Variations]"
Add component (AddParameter): Name = "Precision"; Value = "10%"; VariantName = "[No Variations]"
Add component (AddParameter): Name = "Temperature"; Value = ""; VariantName = "[No Variations]"
Add component (AddParameter): Name = "Value"; Value = "100u"; VariantName = "[No Variations]"
Add component (AddParameter): Name = "VerifiedBy"; Value = ""; VariantName = "[No Variations]"
Add component (AddParameter): Name = "Voltage"; Value = "6.3V"; VariantName = "[No Variations]"
Added Component: Designator=C69(CAP_0805)
Add component (AddParameter): Name = "CreatedBy"; Value = "Jonathan Bouchard"; VariantName = "[No Variations]"
Add component (AddParameter): Name = "Current"; Value = ""; VariantName = "[No Variations]"
Add component (AddParameter): Name = "FootprintNameOK"; Value = ""; VariantName = "[No Variations]"
Add component (AddParameter): Name = "HelpURL"; Value = ""; VariantName = "[No Variations]"
Add component (AddParameter): Name = "Mfg"; Value = ""; VariantName = "[No Variations]"
Add component (AddParameter): Name = "Mfg Part Number"; Value = ""; VariantName = "[No Variations]"
Add component (AddParameter): Name = "NI"; Value = ""; VariantName = "[No Variations]"
Add component (AddParameter): Name = "Package"; Value = "0805"; VariantName = "[No Variations]"
Add component (AddParameter): Name = "Power"; Value = ""; VariantName = "[No Variations]"
Add component (AddParameter): Name = "Precision"; Value = "10%"; VariantName = "[No Variations]"
Add component (AddParameter): Name = "Temperature"; Value = ""; VariantName = "[No Variations]"
Add component (AddParameter): Name = "Value"; Value = "4.7u"; VariantName = "[No Variations]"
Add component (AddParameter): Name = "VerifiedBy"; Value = ""; VariantName = "[No Variations]"
Add component (AddParameter): Name = "Voltage"; Value = "6.3V"; VariantName = "[No Variations]"
Added Component: Designator=C70(CAP_0402)
Add component (AddParameter): Name = "CreatedBy"; Value = "Jonathan Bouchard"; VariantName = "[No Variations]"
Add component (AddParameter): Name = "Current"; Value = ""; VariantName = "[No Variations]"
Add component (AddParameter): Name = "FootprintNameOK"; Value = ""; VariantName = "[No Variations]"
Add component (AddParameter): Name = "HelpURL"; Value = ""; VariantName = "[No Variations]"
Add component (AddParameter): Name = "Mfg"; Value = ""; VariantName = "[No Variations]"
Add component (AddParameter): Name = "Mfg Part Number"; Value = ""; VariantName = "[No Variations]"
Add component (AddParameter): Name = "NI"; Value = ""; VariantName = "[No Variations]"
Add component (AddParameter): Name = "Package"; Value = "0402"; VariantName = "[No Variations]"
Add component (AddParameter): Name = "Power"; Value = ""; VariantName = "[No Variations]"
Add component (AddParameter): Name = "Precision"; Value = "10%"; VariantName = "[No Variations]"
Add component (AddParameter): Name = "Temperature"; Value = ""; VariantName = "[No Variations]"
Add component (AddParameter): Name = "Value"; Value = "0.47u"; VariantName = "[No Variations]"
Add component (AddParameter): Name = "VerifiedBy"; Value = ""; VariantName = "[No Variations]"
Add component (AddParameter): Name = "Voltage"; Value = "6.3V"; VariantName = "[No Variations]"
Added Component: Designator=C71(CAP_0402)
Add component (AddParameter): Name = "CreatedBy"; Value = "Jonathan Bouchard"; VariantName = "[No Variations]"
Add component (AddParameter): Name = "Current"; Value = ""; VariantName = "[No Variations]"
Add component (AddParameter): Name = "FootprintNameOK"; Value = ""; VariantName = "[No Variations]"
Add component (AddParameter): Name = "HelpURL"; Value = ""; VariantName = "[No Variations]"
Add component (AddParameter): Name = "Mfg"; Value = ""; VariantName = "[No Variations]"
Add component (AddParameter): Name = "Mfg Part Number"; Value = ""; VariantName = "[No Variations]"
Add component (AddParameter): Name = "NI"; Value = ""; VariantName = "[No Variations]"
Add component (AddParameter): Name = "Package"; Value = "0402"; VariantName = "[No Variations]"
Add component (AddParameter): Name = "Power"; Value = ""; VariantName = "[No Variations]"
Add component (AddParameter): Name = "Precision"; Value = "10%"; VariantName = "[No Variations]"
Add component (AddParameter): Name = "Temperature"; Value = ""; VariantName = "[No Variations]"
Add component (AddParameter): Name = "Value"; Value = "0.47u"; VariantName = "[No Variations]"
Add component (AddParameter): Name = "VerifiedBy"; Value = ""; VariantName = "[No Variations]"
Add component (AddParameter): Name = "Voltage"; Value = "6.3V"; VariantName = "[No Variations]"
Added Component: Designator=C72(CAP_1210)
Add component (AddParameter): Name = "CreatedBy"; Value = "Jonathan Bouchard"; VariantName = "[No Variations]"
Add component (AddParameter): Name = "Current"; Value = ""; VariantName = "[No Variations]"
Add component (AddParameter): Name = "FootprintNameOK"; Value = ""; VariantName = "[No Variations]"
Add component (AddParameter): Name = "HelpURL"; Value = ""; VariantName = "[No Variations]"
Add component (AddParameter): Name = "Mfg"; Value = ""; VariantName = "[No Variations]"
Add component (AddParameter): Name = "Mfg Part Number"; Value = ""; VariantName = "[No Variations]"
Add component (AddParameter): Name = "NI"; Value = ""; VariantName = "[No Variations]"
Add component (AddParameter): Name = "Package"; Value = "1210"; VariantName = "[No Variations]"
Add component (AddParameter): Name = "Power"; Value = ""; VariantName = "[No Variations]"
Add component (AddParameter): Name = "Precision"; Value = "10%"; VariantName = "[No Variations]"
Add component (AddParameter): Name = "Temperature"; Value = ""; VariantName = "[No Variations]"
Add component (AddParameter): Name = "Value"; Value = "100u"; VariantName = "[No Variations]"
Add component (AddParameter): Name = "VerifiedBy"; Value = ""; VariantName = "[No Variations]"
Add component (AddParameter): Name = "Voltage"; Value = "6.3V"; VariantName = "[No Variations]"
Added Component: Designator=C73(CAP_0805)
Add component (AddParameter): Name = "CreatedBy"; Value = "Jonathan Bouchard"; VariantName = "[No Variations]"
Add component (AddParameter): Name = "Current"; Value = ""; VariantName = "[No Variations]"
Add component (AddParameter): Name = "FootprintNameOK"; Value = ""; VariantName = "[No Variations]"
Add component (AddParameter): Name = "HelpURL"; Value = ""; VariantName = "[No Variations]"
Add component (AddParameter): Name = "Mfg"; Value = ""; VariantName = "[No Variations]"
Add component (AddParameter): Name = "Mfg Part Number"; Value = ""; VariantName = "[No Variations]"
Add component (AddParameter): Name = "NI"; Value = ""; VariantName = "[No Variations]"
Add component (AddParameter): Name = "Package"; Value = "0805"; VariantName = "[No Variations]"
Add component (AddParameter): Name = "Power"; Value = ""; VariantName = "[No Variations]"
Add component (AddParameter): Name = "Precision"; Value = "10%"; VariantName = "[No Variations]"
Add component (AddParameter): Name = "Temperature"; Value = ""; VariantName = "[No Variations]"
Add component (AddParameter): Name = "Value"; Value = "4.7u"; VariantName = "[No Variations]"
Add component (AddParameter): Name = "VerifiedBy"; Value = ""; VariantName = "[No Variations]"
Add component (AddParameter): Name = "Voltage"; Value = "6.3V"; VariantName = "[No Variations]"
Added Component: Designator=C74(CAP_0805)
Add component (AddParameter): Name = "CreatedBy"; Value = "Jonathan Bouchard"; VariantName = "[No Variations]"
Add component (AddParameter): Name = "Current"; Value = ""; VariantName = "[No Variations]"
Add component (AddParameter): Name = "FootprintNameOK"; Value = ""; VariantName = "[No Variations]"
Add component (AddParameter): Name = "HelpURL"; Value = ""; VariantName = "[No Variations]"
Add component (AddParameter): Name = "Mfg"; Value = ""; VariantName = "[No Variations]"
Add component (AddParameter): Name = "Mfg Part Number"; Value = ""; VariantName = "[No Variations]"
Add component (AddParameter): Name = "NI"; Value = ""; VariantName = "[No Variations]"
Add component (AddParameter): Name = "Package"; Value = "0805"; VariantName = "[No Variations]"
Add component (AddParameter): Name = "Power"; Value = ""; VariantName = "[No Variations]"
Add component (AddParameter): Name = "Precision"; Value = "10%"; VariantName = "[No Variations]"
Add component (AddParameter): Name = "Temperature"; Value = ""; VariantName = "[No Variations]"
Add component (AddParameter): Name = "Value"; Value = "4.7u"; VariantName = "[No Variations]"
Add component (AddParameter): Name = "VerifiedBy"; Value = ""; VariantName = "[No Variations]"
Add component (AddParameter): Name = "Voltage"; Value = "6.3V"; VariantName = "[No Variations]"
Added Component: Designator=C75(CAP_0402)
Add component (AddParameter): Name = "CreatedBy"; Value = "Jonathan Bouchard"; VariantName = "[No Variations]"
Add component (AddParameter): Name = "Current"; Value = ""; VariantName = "[No Variations]"
Add component (AddParameter): Name = "FootprintNameOK"; Value = ""; VariantName = "[No Variations]"
Add component (AddParameter): Name = "HelpURL"; Value = ""; VariantName = "[No Variations]"
Add component (AddParameter): Name = "Mfg"; Value = ""; VariantName = "[No Variations]"
Add component (AddParameter): Name = "Mfg Part Number"; Value = ""; VariantName = "[No Variations]"
Add component (AddParameter): Name = "NI"; Value = ""; VariantName = "[No Variations]"
Add component (AddParameter): Name = "Package"; Value = "0402"; VariantName = "[No Variations]"
Add component (AddParameter): Name = "Power"; Value = ""; VariantName = "[No Variations]"
Add component (AddParameter): Name = "Precision"; Value = "10%"; VariantName = "[No Variations]"
Add component (AddParameter): Name = "Temperature"; Value = ""; VariantName = "[No Variations]"
Add component (AddParameter): Name = "Value"; Value = "0.47u"; VariantName = "[No Variations]"
Add component (AddParameter): Name = "VerifiedBy"; Value = ""; VariantName = "[No Variations]"
Add component (AddParameter): Name = "Voltage"; Value = "6.3V"; VariantName = "[No Variations]"
Added Component: Designator=C76(CAP_0402)
Add component (AddParameter): Name = "CreatedBy"; Value = "Jonathan Bouchard"; VariantName = "[No Variations]"
Add component (AddParameter): Name = "Current"; Value = ""; VariantName = "[No Variations]"
Add component (AddParameter): Name = "FootprintNameOK"; Value = ""; VariantName = "[No Variations]"
Add component (AddParameter): Name = "HelpURL"; Value = ""; VariantName = "[No Variations]"
Add component (AddParameter): Name = "Mfg"; Value = ""; VariantName = "[No Variations]"
Add component (AddParameter): Name = "Mfg Part Number"; Value = ""; VariantName = "[No Variations]"
Add component (AddParameter): Name = "NI"; Value = ""; VariantName = "[No Variations]"
Add component (AddParameter): Name = "Package"; Value = "0402"; VariantName = "[No Variations]"
Add component (AddParameter): Name = "Power"; Value = ""; VariantName = "[No Variations]"
Add component (AddParameter): Name = "Precision"; Value = "10%"; VariantName = "[No Variations]"
Add component (AddParameter): Name = "Temperature"; Value = ""; VariantName = "[No Variations]"
Add component (AddParameter): Name = "Value"; Value = "0.47u"; VariantName = "[No Variations]"
Add component (AddParameter): Name = "VerifiedBy"; Value = ""; VariantName = "[No Variations]"
Add component (AddParameter): Name = "Voltage"; Value = "6.3V"; VariantName = "[No Variations]"
Added Component: Designator=C77(CAP_0402)
Add component (AddParameter): Name = "CreatedBy"; Value = "Jonathan Bouchard"; VariantName = "[No Variations]"
Add component (AddParameter): Name = "Current"; Value = ""; VariantName = "[No Variations]"
Add component (AddParameter): Name = "FootprintNameOK"; Value = ""; VariantName = "[No Variations]"
Add component (AddParameter): Name = "HelpURL"; Value = ""; VariantName = "[No Variations]"
Add component (AddParameter): Name = "Mfg"; Value = ""; VariantName = "[No Variations]"
Add component (AddParameter): Name = "Mfg Part Number"; Value = ""; VariantName = "[No Variations]"
Add component (AddParameter): Name = "NI"; Value = ""; VariantName = "[No Variations]"
Add component (AddParameter): Name = "Package"; Value = "0402"; VariantName = "[No Variations]"
Add component (AddParameter): Name = "Power"; Value = ""; VariantName = "[No Variations]"
Add component (AddParameter): Name = "Precision"; Value = "10%"; VariantName = "[No Variations]"
Add component (AddParameter): Name = "Temperature"; Value = ""; VariantName = "[No Variations]"
Add component (AddParameter): Name = "Value"; Value = "0.47u"; VariantName = "[No Variations]"
Add component (AddParameter): Name = "VerifiedBy"; Value = ""; VariantName = "[No Variations]"
Add component (AddParameter): Name = "Voltage"; Value = "6.3V"; VariantName = "[No Variations]"
Added Component: Designator=C78(CAP_0402)
Add component (AddParameter): Name = "CreatedBy"; Value = "Jonathan Bouchard"; VariantName = "[No Variations]"
Add component (AddParameter): Name = "Current"; Value = ""; VariantName = "[No Variations]"
Add component (AddParameter): Name = "FootprintNameOK"; Value = ""; VariantName = "[No Variations]"
Add component (AddParameter): Name = "HelpURL"; Value = ""; VariantName = "[No Variations]"
Add component (AddParameter): Name = "Mfg"; Value = ""; VariantName = "[No Variations]"
Add component (AddParameter): Name = "Mfg Part Number"; Value = ""; VariantName = "[No Variations]"
Add component (AddParameter): Name = "NI"; Value = ""; VariantName = "[No Variations]"
Add component (AddParameter): Name = "Package"; Value = "0402"; VariantName = "[No Variations]"
Add component (AddParameter): Name = "Power"; Value = ""; VariantName = "[No Variations]"
Add component (AddParameter): Name = "Precision"; Value = "10%"; VariantName = "[No Variations]"
Add component (AddParameter): Name = "Temperature"; Value = ""; VariantName = "[No Variations]"
Add component (AddParameter): Name = "Value"; Value = "0.47u"; VariantName = "[No Variations]"
Add component (AddParameter): Name = "VerifiedBy"; Value = ""; VariantName = "[No Variations]"
Add component (AddParameter): Name = "Voltage"; Value = "6.3V"; VariantName = "[No Variations]"
Added Component: Designator=C79(CAP_1210)
Add component (AddParameter): Name = "CreatedBy"; Value = "Jonathan Bouchard"; VariantName = "[No Variations]"
Add component (AddParameter): Name = "Current"; Value = ""; VariantName = "[No Variations]"
Add component (AddParameter): Name = "FootprintNameOK"; Value = ""; VariantName = "[No Variations]"
Add component (AddParameter): Name = "HelpURL"; Value = ""; VariantName = "[No Variations]"
Add component (AddParameter): Name = "Mfg"; Value = ""; VariantName = "[No Variations]"
Add component (AddParameter): Name = "Mfg Part Number"; Value = ""; VariantName = "[No Variations]"
Add component (AddParameter): Name = "NI"; Value = ""; VariantName = "[No Variations]"
Add component (AddParameter): Name = "Package"; Value = "1210"; VariantName = "[No Variations]"
Add component (AddParameter): Name = "Power"; Value = ""; VariantName = "[No Variations]"
Add component (AddParameter): Name = "Precision"; Value = "10%"; VariantName = "[No Variations]"
Add component (AddParameter): Name = "Temperature"; Value = ""; VariantName = "[No Variations]"
Add component (AddParameter): Name = "Value"; Value = "100u"; VariantName = "[No Variations]"
Add component (AddParameter): Name = "VerifiedBy"; Value = ""; VariantName = "[No Variations]"
Add component (AddParameter): Name = "Voltage"; Value = "6.3V"; VariantName = "[No Variations]"
Added Component: Designator=C80(CAP_1210)
Add component (AddParameter): Name = "CreatedBy"; Value = "Jonathan Bouchard"; VariantName = "[No Variations]"
Add component (AddParameter): Name = "Current"; Value = ""; VariantName = "[No Variations]"
Add component (AddParameter): Name = "FootprintNameOK"; Value = ""; VariantName = "[No Variations]"
Add component (AddParameter): Name = "HelpURL"; Value = ""; VariantName = "[No Variations]"
Add component (AddParameter): Name = "Mfg"; Value = ""; VariantName = "[No Variations]"
Add component (AddParameter): Name = "Mfg Part Number"; Value = ""; VariantName = "[No Variations]"
Add component (AddParameter): Name = "NI"; Value = ""; VariantName = "[No Variations]"
Add component (AddParameter): Name = "Package"; Value = "1210"; VariantName = "[No Variations]"
Add component (AddParameter): Name = "Power"; Value = ""; VariantName = "[No Variations]"
Add component (AddParameter): Name = "Precision"; Value = "10%"; VariantName = "[No Variations]"
Add component (AddParameter): Name = "Temperature"; Value = ""; VariantName = "[No Variations]"
Add component (AddParameter): Name = "Value"; Value = "100u"; VariantName = "[No Variations]"
Add component (AddParameter): Name = "VerifiedBy"; Value = ""; VariantName = "[No Variations]"
Add component (AddParameter): Name = "Voltage"; Value = "6.3V"; VariantName = "[No Variations]"
Added Component: Designator=C81(CAP_0805)
Add component (AddParameter): Name = "CreatedBy"; Value = "Jonathan Bouchard"; VariantName = "[No Variations]"
Add component (AddParameter): Name = "Current"; Value = ""; VariantName = "[No Variations]"
Add component (AddParameter): Name = "FootprintNameOK"; Value = ""; VariantName = "[No Variations]"
Add component (AddParameter): Name = "HelpURL"; Value = ""; VariantName = "[No Variations]"
Add component (AddParameter): Name = "Mfg"; Value = ""; VariantName = "[No Variations]"
Add component (AddParameter): Name = "Mfg Part Number"; Value = ""; VariantName = "[No Variations]"
Add component (AddParameter): Name = "NI"; Value = ""; VariantName = "[No Variations]"
Add component (AddParameter): Name = "Package"; Value = "0805"; VariantName = "[No Variations]"
Add component (AddParameter): Name = "Power"; Value = ""; VariantName = "[No Variations]"
Add component (AddParameter): Name = "Precision"; Value = "10%"; VariantName = "[No Variations]"
Add component (AddParameter): Name = "Temperature"; Value = ""; VariantName = "[No Variations]"
Add component (AddParameter): Name = "Value"; Value = "4.7u"; VariantName = "[No Variations]"
Add component (AddParameter): Name = "VerifiedBy"; Value = ""; VariantName = "[No Variations]"
Add component (AddParameter): Name = "Voltage"; Value = "6.3V"; VariantName = "[No Variations]"
Added Component: Designator=C82(CAP_0805)
Add component (AddParameter): Name = "CreatedBy"; Value = "Jonathan Bouchard"; VariantName = "[No Variations]"
Add component (AddParameter): Name = "Current"; Value = ""; VariantName = "[No Variations]"
Add component (AddParameter): Name = "FootprintNameOK"; Value = ""; VariantName = "[No Variations]"
Add component (AddParameter): Name = "HelpURL"; Value = ""; VariantName = "[No Variations]"
Add component (AddParameter): Name = "Mfg"; Value = ""; VariantName = "[No Variations]"
Add component (AddParameter): Name = "Mfg Part Number"; Value = ""; VariantName = "[No Variations]"
Add component (AddParameter): Name = "NI"; Value = ""; VariantName = "[No Variations]"
Add component (AddParameter): Name = "Package"; Value = "0805"; VariantName = "[No Variations]"
Add component (AddParameter): Name = "Power"; Value = ""; VariantName = "[No Variations]"
Add component (AddParameter): Name = "Precision"; Value = "10%"; VariantName = "[No Variations]"
Add component (AddParameter): Name = "Temperature"; Value = ""; VariantName = "[No Variations]"
Add component (AddParameter): Name = "Value"; Value = "4.7u"; VariantName = "[No Variations]"
Add component (AddParameter): Name = "VerifiedBy"; Value = ""; VariantName = "[No Variations]"
Add component (AddParameter): Name = "Voltage"; Value = "6.3V"; VariantName = "[No Variations]"
Added Component: Designator=C83(CAP_0805)
Add component (AddParameter): Name = "CreatedBy"; Value = "Jonathan Bouchard"; VariantName = "[No Variations]"
Add component (AddParameter): Name = "Current"; Value = ""; VariantName = "[No Variations]"
Add component (AddParameter): Name = "FootprintNameOK"; Value = ""; VariantName = "[No Variations]"
Add component (AddParameter): Name = "HelpURL"; Value = ""; VariantName = "[No Variations]"
Add component (AddParameter): Name = "Mfg"; Value = ""; VariantName = "[No Variations]"
Add component (AddParameter): Name = "Mfg Part Number"; Value = ""; VariantName = "[No Variations]"
Add component (AddParameter): Name = "NI"; Value = ""; VariantName = "[No Variations]"
Add component (AddParameter): Name = "Package"; Value = "0805"; VariantName = "[No Variations]"
Add component (AddParameter): Name = "Power"; Value = ""; VariantName = "[No Variations]"
Add component (AddParameter): Name = "Precision"; Value = "10%"; VariantName = "[No Variations]"
Add component (AddParameter): Name = "Temperature"; Value = ""; VariantName = "[No Variations]"
Add component (AddParameter): Name = "Value"; Value = "4.7u"; VariantName = "[No Variations]"
Add component (AddParameter): Name = "VerifiedBy"; Value = ""; VariantName = "[No Variations]"
Add component (AddParameter): Name = "Voltage"; Value = "6.3V"; VariantName = "[No Variations]"
Added Component: Designator=C84(CAP_0402)
Add component (AddParameter): Name = "CreatedBy"; Value = "Jonathan Bouchard"; VariantName = "[No Variations]"
Add component (AddParameter): Name = "Current"; Value = ""; VariantName = "[No Variations]"
Add component (AddParameter): Name = "FootprintNameOK"; Value = ""; VariantName = "[No Variations]"
Add component (AddParameter): Name = "HelpURL"; Value = ""; VariantName = "[No Variations]"
Add component (AddParameter): Name = "Mfg"; Value = ""; VariantName = "[No Variations]"
Add component (AddParameter): Name = "Mfg Part Number"; Value = ""; VariantName = "[No Variations]"
Add component (AddParameter): Name = "NI"; Value = ""; VariantName = "[No Variations]"
Add component (AddParameter): Name = "Package"; Value = "0402"; VariantName = "[No Variations]"
Add component (AddParameter): Name = "Power"; Value = ""; VariantName = "[No Variations]"
Add component (AddParameter): Name = "Precision"; Value = "10%"; VariantName = "[No Variations]"
Add component (AddParameter): Name = "Temperature"; Value = ""; VariantName = "[No Variations]"
Add component (AddParameter): Name = "Value"; Value = "0.47u"; VariantName = "[No Variations]"
Add component (AddParameter): Name = "VerifiedBy"; Value = ""; VariantName = "[No Variations]"
Add component (AddParameter): Name = "Voltage"; Value = "6.3V"; VariantName = "[No Variations]"
Added Component: Designator=C85(CAP_0402)
Add component (AddParameter): Name = "CreatedBy"; Value = "Jonathan Bouchard"; VariantName = "[No Variations]"
Add component (AddParameter): Name = "Current"; Value = ""; VariantName = "[No Variations]"
Add component (AddParameter): Name = "FootprintNameOK"; Value = ""; VariantName = "[No Variations]"
Add component (AddParameter): Name = "HelpURL"; Value = ""; VariantName = "[No Variations]"
Add component (AddParameter): Name = "Mfg"; Value = ""; VariantName = "[No Variations]"
Add component (AddParameter): Name = "Mfg Part Number"; Value = ""; VariantName = "[No Variations]"
Add component (AddParameter): Name = "NI"; Value = ""; VariantName = "[No Variations]"
Add component (AddParameter): Name = "Package"; Value = "0402"; VariantName = "[No Variations]"
Add component (AddParameter): Name = "Power"; Value = ""; VariantName = "[No Variations]"
Add component (AddParameter): Name = "Precision"; Value = "10%"; VariantName = "[No Variations]"
Add component (AddParameter): Name = "Temperature"; Value = ""; VariantName = "[No Variations]"
Add component (AddParameter): Name = "Value"; Value = "0.47u"; VariantName = "[No Variations]"
Add component (AddParameter): Name = "VerifiedBy"; Value = ""; VariantName = "[No Variations]"
Add component (AddParameter): Name = "Voltage"; Value = "6.3V"; VariantName = "[No Variations]"
Added Component: Designator=C86(CAP_0402)
Add component (AddParameter): Name = "CreatedBy"; Value = "Jonathan Bouchard"; VariantName = "[No Variations]"
Add component (AddParameter): Name = "Current"; Value = ""; VariantName = "[No Variations]"
Add component (AddParameter): Name = "FootprintNameOK"; Value = ""; VariantName = "[No Variations]"
Add component (AddParameter): Name = "HelpURL"; Value = ""; VariantName = "[No Variations]"
Add component (AddParameter): Name = "Mfg"; Value = ""; VariantName = "[No Variations]"
Add component (AddParameter): Name = "Mfg Part Number"; Value = ""; VariantName = "[No Variations]"
Add component (AddParameter): Name = "NI"; Value = ""; VariantName = "[No Variations]"
Add component (AddParameter): Name = "Package"; Value = "0402"; VariantName = "[No Variations]"
Add component (AddParameter): Name = "Power"; Value = ""; VariantName = "[No Variations]"
Add component (AddParameter): Name = "Precision"; Value = "10%"; VariantName = "[No Variations]"
Add component (AddParameter): Name = "Temperature"; Value = ""; VariantName = "[No Variations]"
Add component (AddParameter): Name = "Value"; Value = "0.47u"; VariantName = "[No Variations]"
Add component (AddParameter): Name = "VerifiedBy"; Value = ""; VariantName = "[No Variations]"
Add component (AddParameter): Name = "Voltage"; Value = "6.3V"; VariantName = "[No Variations]"
Added Component: Designator=C87(CAP_0402)
Add component (AddParameter): Name = "CreatedBy"; Value = "Jonathan Bouchard"; VariantName = "[No Variations]"
Add component (AddParameter): Name = "Current"; Value = ""; VariantName = "[No Variations]"
Add component (AddParameter): Name = "FootprintNameOK"; Value = ""; VariantName = "[No Variations]"
Add component (AddParameter): Name = "HelpURL"; Value = ""; VariantName = "[No Variations]"
Add component (AddParameter): Name = "Mfg"; Value = ""; VariantName = "[No Variations]"
Add component (AddParameter): Name = "Mfg Part Number"; Value = ""; VariantName = "[No Variations]"
Add component (AddParameter): Name = "NI"; Value = ""; VariantName = "[No Variations]"
Add component (AddParameter): Name = "Package"; Value = "0402"; VariantName = "[No Variations]"
Add component (AddParameter): Name = "Power"; Value = ""; VariantName = "[No Variations]"
Add component (AddParameter): Name = "Precision"; Value = "10%"; VariantName = "[No Variations]"
Add component (AddParameter): Name = "Temperature"; Value = ""; VariantName = "[No Variations]"
Add component (AddParameter): Name = "Value"; Value = "0.47u"; VariantName = "[No Variations]"
Add component (AddParameter): Name = "VerifiedBy"; Value = ""; VariantName = "[No Variations]"
Add component (AddParameter): Name = "Voltage"; Value = "6.3V"; VariantName = "[No Variations]"
Added Component: Designator=C88(CAP_0402)
Add component (AddParameter): Name = "CreatedBy"; Value = "Jonathan Bouchard"; VariantName = "[No Variations]"
Add component (AddParameter): Name = "Current"; Value = ""; VariantName = "[No Variations]"
Add component (AddParameter): Name = "FootprintNameOK"; Value = ""; VariantName = "[No Variations]"
Add component (AddParameter): Name = "HelpURL"; Value = ""; VariantName = "[No Variations]"
Add component (AddParameter): Name = "Mfg"; Value = ""; VariantName = "[No Variations]"
Add component (AddParameter): Name = "Mfg Part Number"; Value = ""; VariantName = "[No Variations]"
Add component (AddParameter): Name = "NI"; Value = ""; VariantName = "[No Variations]"
Add component (AddParameter): Name = "Package"; Value = "0402"; VariantName = "[No Variations]"
Add component (AddParameter): Name = "Power"; Value = ""; VariantName = "[No Variations]"
Add component (AddParameter): Name = "Precision"; Value = "10%"; VariantName = "[No Variations]"
Add component (AddParameter): Name = "Temperature"; Value = ""; VariantName = "[No Variations]"
Add component (AddParameter): Name = "Value"; Value = "0.47u"; VariantName = "[No Variations]"
Add component (AddParameter): Name = "VerifiedBy"; Value = ""; VariantName = "[No Variations]"
Add component (AddParameter): Name = "Voltage"; Value = "6.3V"; VariantName = "[No Variations]"
Added Component: Designator=C89(CAP_0402)
Add component (AddParameter): Name = "CreatedBy"; Value = "Jonathan Bouchard"; VariantName = "[No Variations]"
Add component (AddParameter): Name = "Current"; Value = ""; VariantName = "[No Variations]"
Add component (AddParameter): Name = "FootprintNameOK"; Value = ""; VariantName = "[No Variations]"
Add component (AddParameter): Name = "HelpURL"; Value = ""; VariantName = "[No Variations]"
Add component (AddParameter): Name = "Mfg"; Value = ""; VariantName = "[No Variations]"
Add component (AddParameter): Name = "Mfg Part Number"; Value = ""; VariantName = "[No Variations]"
Add component (AddParameter): Name = "NI"; Value = ""; VariantName = "[No Variations]"
Add component (AddParameter): Name = "Package"; Value = "0402"; VariantName = "[No Variations]"
Add component (AddParameter): Name = "Power"; Value = ""; VariantName = "[No Variations]"
Add component (AddParameter): Name = "Precision"; Value = "10%"; VariantName = "[No Variations]"
Add component (AddParameter): Name = "Temperature"; Value = ""; VariantName = "[No Variations]"
Add component (AddParameter): Name = "Value"; Value = "0.47u"; VariantName = "[No Variations]"
Add component (AddParameter): Name = "VerifiedBy"; Value = ""; VariantName = "[No Variations]"
Add component (AddParameter): Name = "Voltage"; Value = "6.3V"; VariantName = "[No Variations]"
Added Component: Designator=C90(CAP_0805)
Add component (AddParameter): Name = "CreatedBy"; Value = "Jonathan Bouchard"; VariantName = "[No Variations]"
Add component (AddParameter): Name = "Current"; Value = ""; VariantName = "[No Variations]"
Add component (AddParameter): Name = "FootprintNameOK"; Value = ""; VariantName = "[No Variations]"
Add component (AddParameter): Name = "HelpURL"; Value = ""; VariantName = "[No Variations]"
Add component (AddParameter): Name = "Mfg"; Value = ""; VariantName = "[No Variations]"
Add component (AddParameter): Name = "Mfg Part Number"; Value = ""; VariantName = "[No Variations]"
Add component (AddParameter): Name = "NI"; Value = ""; VariantName = "[No Variations]"
Add component (AddParameter): Name = "Package"; Value = "0805"; VariantName = "[No Variations]"
Add component (AddParameter): Name = "Power"; Value = ""; VariantName = "[No Variations]"
Add component (AddParameter): Name = "Precision"; Value = "10%"; VariantName = "[No Variations]"
Add component (AddParameter): Name = "Temperature"; Value = ""; VariantName = "[No Variations]"
Add component (AddParameter): Name = "Value"; Value = "22uF"; VariantName = "[No Variations]"
Add component (AddParameter): Name = "VerifiedBy"; Value = ""; VariantName = "[No Variations]"
Add component (AddParameter): Name = "Voltage"; Value = "50V"; VariantName = "[No Variations]"
Added Component: Designator=C91(CAP_0402)
Add component (AddParameter): Name = "CreatedBy"; Value = "Jonathan Bouchard"; VariantName = "[No Variations]"
Add component (AddParameter): Name = "Current"; Value = ""; VariantName = "[No Variations]"
Add component (AddParameter): Name = "FootprintNameOK"; Value = ""; VariantName = "[No Variations]"
Add component (AddParameter): Name = "HelpURL"; Value = ""; VariantName = "[No Variations]"
Add component (AddParameter): Name = "Mfg"; Value = ""; VariantName = "[No Variations]"
Add component (AddParameter): Name = "Mfg Part Number"; Value = ""; VariantName = "[No Variations]"
Add component (AddParameter): Name = "NI"; Value = ""; VariantName = "[No Variations]"
Add component (AddParameter): Name = "Package"; Value = "0402"; VariantName = "[No Variations]"
Add component (AddParameter): Name = "Power"; Value = ""; VariantName = "[No Variations]"
Add component (AddParameter): Name = "Precision"; Value = "10%"; VariantName = "[No Variations]"
Add component (AddParameter): Name = "Temperature"; Value = ""; VariantName = "[No Variations]"
Add component (AddParameter): Name = "Value"; Value = "0.1uF"; VariantName = "[No Variations]"
Add component (AddParameter): Name = "VerifiedBy"; Value = ""; VariantName = "[No Variations]"
Add component (AddParameter): Name = "Voltage"; Value = "50V"; VariantName = "[No Variations]"
Added Component: Designator=C92(CAP_0402)
Add component (AddParameter): Name = "CreatedBy"; Value = "Jonathan Bouchard"; VariantName = "[No Variations]"
Add component (AddParameter): Name = "Current"; Value = ""; VariantName = "[No Variations]"
Add component (AddParameter): Name = "FootprintNameOK"; Value = ""; VariantName = "[No Variations]"
Add component (AddParameter): Name = "HelpURL"; Value = ""; VariantName = "[No Variations]"
Add component (AddParameter): Name = "Mfg"; Value = ""; VariantName = "[No Variations]"
Add component (AddParameter): Name = "Mfg Part Number"; Value = ""; VariantName = "[No Variations]"
Add component (AddParameter): Name = "NI"; Value = ""; VariantName = "[No Variations]"
Add component (AddParameter): Name = "Package"; Value = "0402"; VariantName = "[No Variations]"
Add component (AddParameter): Name = "Power"; Value = ""; VariantName = "[No Variations]"
Add component (AddParameter): Name = "Precision"; Value = "10%"; VariantName = "[No Variations]"
Add component (AddParameter): Name = "Temperature"; Value = ""; VariantName = "[No Variations]"
Add component (AddParameter): Name = "Value"; Value = "10nF"; VariantName = "[No Variations]"
Add component (AddParameter): Name = "VerifiedBy"; Value = ""; VariantName = "[No Variations]"
Add component (AddParameter): Name = "Voltage"; Value = "10V"; VariantName = "[No Variations]"
Added Component: Designator=C93(CAP_0402)
Add component (AddParameter): Name = "CreatedBy"; Value = "Jonathan Bouchard"; VariantName = "[No Variations]"
Add component (AddParameter): Name = "Current"; Value = ""; VariantName = "[No Variations]"
Add component (AddParameter): Name = "FootprintNameOK"; Value = ""; VariantName = "[No Variations]"
Add component (AddParameter): Name = "HelpURL"; Value = ""; VariantName = "[No Variations]"
Add component (AddParameter): Name = "Mfg"; Value = ""; VariantName = "[No Variations]"
Add component (AddParameter): Name = "Mfg Part Number"; Value = ""; VariantName = "[No Variations]"
Add component (AddParameter): Name = "NI"; Value = ""; VariantName = "[No Variations]"
Add component (AddParameter): Name = "Package"; Value = "0402"; VariantName = "[No Variations]"
Add component (AddParameter): Name = "Power"; Value = ""; VariantName = "[No Variations]"
Add component (AddParameter): Name = "Precision"; Value = "10%"; VariantName = "[No Variations]"
Add component (AddParameter): Name = "Temperature"; Value = ""; VariantName = "[No Variations]"
Add component (AddParameter): Name = "Value"; Value = "10u"; VariantName = "[No Variations]"
Add component (AddParameter): Name = "VerifiedBy"; Value = ""; VariantName = "[No Variations]"
Add component (AddParameter): Name = "Voltage"; Value = "50V"; VariantName = "[No Variations]"
Added Component: Designator=C94(CAP_0402)
Add component (AddParameter): Name = "CreatedBy"; Value = "Jonathan Bouchard"; VariantName = "[No Variations]"
Add component (AddParameter): Name = "Current"; Value = ""; VariantName = "[No Variations]"
Add component (AddParameter): Name = "FootprintNameOK"; Value = ""; VariantName = "[No Variations]"
Add component (AddParameter): Name = "HelpURL"; Value = ""; VariantName = "[No Variations]"
Add component (AddParameter): Name = "Mfg"; Value = ""; VariantName = "[No Variations]"
Add component (AddParameter): Name = "Mfg Part Number"; Value = ""; VariantName = "[No Variations]"
Add component (AddParameter): Name = "NI"; Value = ""; VariantName = "[No Variations]"
Add component (AddParameter): Name = "Package"; Value = "0402"; VariantName = "[No Variations]"
Add component (AddParameter): Name = "Power"; Value = ""; VariantName = "[No Variations]"
Add component (AddParameter): Name = "Precision"; Value = "10%"; VariantName = "[No Variations]"
Add component (AddParameter): Name = "Temperature"; Value = ""; VariantName = "[No Variations]"
Add component (AddParameter): Name = "Value"; Value = "10u"; VariantName = "[No Variations]"
Add component (AddParameter): Name = "VerifiedBy"; Value = ""; VariantName = "[No Variations]"
Add component (AddParameter): Name = "Voltage"; Value = "50V"; VariantName = "[No Variations]"
Added Component: Designator=C95(CAP_0402)
Add component (AddParameter): Name = "CreatedBy"; Value = "Jonathan Bouchard"; VariantName = "[No Variations]"
Add component (AddParameter): Name = "Current"; Value = ""; VariantName = "[No Variations]"
Add component (AddParameter): Name = "FootprintNameOK"; Value = ""; VariantName = "[No Variations]"
Add component (AddParameter): Name = "HelpURL"; Value = ""; VariantName = "[No Variations]"
Add component (AddParameter): Name = "Mfg"; Value = ""; VariantName = "[No Variations]"
Add component (AddParameter): Name = "Mfg Part Number"; Value = ""; VariantName = "[No Variations]"
Add component (AddParameter): Name = "NI"; Value = ""; VariantName = "[No Variations]"
Add component (AddParameter): Name = "Package"; Value = "0402"; VariantName = "[No Variations]"
Add component (AddParameter): Name = "Power"; Value = ""; VariantName = "[No Variations]"
Add component (AddParameter): Name = "Precision"; Value = "10%"; VariantName = "[No Variations]"
Add component (AddParameter): Name = "Temperature"; Value = ""; VariantName = "[No Variations]"
Add component (AddParameter): Name = "Value"; Value = "1u"; VariantName = "[No Variations]"
Add component (AddParameter): Name = "VerifiedBy"; Value = ""; VariantName = "[No Variations]"
Add component (AddParameter): Name = "Voltage"; Value = "50V"; VariantName = "[No Variations]"
Added Component: Designator=C96(CAP_0402)
Add component (AddParameter): Name = "CreatedBy"; Value = "Jonathan Bouchard"; VariantName = "[No Variations]"
Add component (AddParameter): Name = "Current"; Value = ""; VariantName = "[No Variations]"
Add component (AddParameter): Name = "FootprintNameOK"; Value = ""; VariantName = "[No Variations]"
Add component (AddParameter): Name = "HelpURL"; Value = ""; VariantName = "[No Variations]"
Add component (AddParameter): Name = "Mfg"; Value = ""; VariantName = "[No Variations]"
Add component (AddParameter): Name = "Mfg Part Number"; Value = ""; VariantName = "[No Variations]"
Add component (AddParameter): Name = "NI"; Value = ""; VariantName = "[No Variations]"
Add component (AddParameter): Name = "Package"; Value = "0402"; VariantName = "[No Variations]"
Add component (AddParameter): Name = "Power"; Value = ""; VariantName = "[No Variations]"
Add component (AddParameter): Name = "Precision"; Value = "10%"; VariantName = "[No Variations]"
Add component (AddParameter): Name = "Temperature"; Value = ""; VariantName = "[No Variations]"
Add component (AddParameter): Name = "Value"; Value = "1nF"; VariantName = "[No Variations]"
Add component (AddParameter): Name = "VerifiedBy"; Value = ""; VariantName = "[No Variations]"
Add component (AddParameter): Name = "Voltage"; Value = "50V"; VariantName = "[No Variations]"
Added Component: Designator=C97(CAP_0805)
Add component (AddParameter): Name = "CreatedBy"; Value = "Jonathan Bouchard"; VariantName = "[No Variations]"
Add component (AddParameter): Name = "Current"; Value = ""; VariantName = "[No Variations]"
Add component (AddParameter): Name = "FootprintNameOK"; Value = ""; VariantName = "[No Variations]"
Add component (AddParameter): Name = "HelpURL"; Value = ""; VariantName = "[No Variations]"
Add component (AddParameter): Name = "Mfg"; Value = ""; VariantName = "[No Variations]"
Add component (AddParameter): Name = "Mfg Part Number"; Value = ""; VariantName = "[No Variations]"
Add component (AddParameter): Name = "NI"; Value = ""; VariantName = "[No Variations]"
Add component (AddParameter): Name = "Package"; Value = "0805"; VariantName = "[No Variations]"
Add component (AddParameter): Name = "Power"; Value = ""; VariantName = "[No Variations]"
Add component (AddParameter): Name = "Precision"; Value = "10%"; VariantName = "[No Variations]"
Add component (AddParameter): Name = "Temperature"; Value = ""; VariantName = "[No Variations]"
Add component (AddParameter): Name = "Value"; Value = "22uF"; VariantName = "[No Variations]"
Add component (AddParameter): Name = "VerifiedBy"; Value = ""; VariantName = "[No Variations]"
Add component (AddParameter): Name = "Voltage"; Value = "50V"; VariantName = "[No Variations]"
Added Component: Designator=C98(CAP_0805)
Add component (AddParameter): Name = "CreatedBy"; Value = "Jonathan Bouchard"; VariantName = "[No Variations]"
Add component (AddParameter): Name = "Current"; Value = ""; VariantName = "[No Variations]"
Add component (AddParameter): Name = "FootprintNameOK"; Value = ""; VariantName = "[No Variations]"
Add component (AddParameter): Name = "HelpURL"; Value = ""; VariantName = "[No Variations]"
Add component (AddParameter): Name = "Mfg"; Value = ""; VariantName = "[No Variations]"
Add component (AddParameter): Name = "Mfg Part Number"; Value = ""; VariantName = "[No Variations]"
Add component (AddParameter): Name = "NI"; Value = ""; VariantName = "[No Variations]"
Add component (AddParameter): Name = "Package"; Value = "0805"; VariantName = "[No Variations]"
Add component (AddParameter): Name = "Power"; Value = ""; VariantName = "[No Variations]"
Add component (AddParameter): Name = "Precision"; Value = "10%"; VariantName = "[No Variations]"
Add component (AddParameter): Name = "Temperature"; Value = ""; VariantName = "[No Variations]"
Add component (AddParameter): Name = "Value"; Value = "10uF"; VariantName = "[No Variations]"
Add component (AddParameter): Name = "VerifiedBy"; Value = ""; VariantName = "[No Variations]"
Add component (AddParameter): Name = "Voltage"; Value = "10V"; VariantName = "[No Variations]"
Added Component: Designator=C99(CAP_0402)
Add component (AddParameter): Name = "CreatedBy"; Value = "Jonathan Bouchard"; VariantName = "[No Variations]"
Add component (AddParameter): Name = "Current"; Value = ""; VariantName = "[No Variations]"
Add component (AddParameter): Name = "FootprintNameOK"; Value = ""; VariantName = "[No Variations]"
Add component (AddParameter): Name = "HelpURL"; Value = ""; VariantName = "[No Variations]"
Add component (AddParameter): Name = "Mfg"; Value = ""; VariantName = "[No Variations]"
Add component (AddParameter): Name = "Mfg Part Number"; Value = ""; VariantName = "[No Variations]"
Add component (AddParameter): Name = "NI"; Value = ""; VariantName = "[No Variations]"
Add component (AddParameter): Name = "Package"; Value = "0402"; VariantName = "[No Variations]"
Add component (AddParameter): Name = "Power"; Value = ""; VariantName = "[No Variations]"
Add component (AddParameter): Name = "Precision"; Value = "10%"; VariantName = "[No Variations]"
Add component (AddParameter): Name = "Temperature"; Value = ""; VariantName = "[No Variations]"
Add component (AddParameter): Name = "Value"; Value = "1nF"; VariantName = "[No Variations]"
Add component (AddParameter): Name = "VerifiedBy"; Value = ""; VariantName = "[No Variations]"
Add component (AddParameter): Name = "Voltage"; Value = "10V"; VariantName = "[No Variations]"
Added Component: Designator=C100(CAP_0402)
Add component (AddParameter): Name = "CreatedBy"; Value = "Jonathan Bouchard"; VariantName = "[No Variations]"
Add component (AddParameter): Name = "Current"; Value = ""; VariantName = "[No Variations]"
Add component (AddParameter): Name = "FootprintNameOK"; Value = ""; VariantName = "[No Variations]"
Add component (AddParameter): Name = "HelpURL"; Value = ""; VariantName = "[No Variations]"
Add component (AddParameter): Name = "Mfg"; Value = ""; VariantName = "[No Variations]"
Add component (AddParameter): Name = "Mfg Part Number"; Value = ""; VariantName = "[No Variations]"
Add component (AddParameter): Name = "NI"; Value = ""; VariantName = "[No Variations]"
Add component (AddParameter): Name = "Package"; Value = "0402"; VariantName = "[No Variations]"
Add component (AddParameter): Name = "Power"; Value = ""; VariantName = "[No Variations]"
Add component (AddParameter): Name = "Precision"; Value = "10%"; VariantName = "[No Variations]"
Add component (AddParameter): Name = "Temperature"; Value = ""; VariantName = "[No Variations]"
Add component (AddParameter): Name = "Value"; Value = "4.7nF"; VariantName = "[No Variations]"
Add component (AddParameter): Name = "VerifiedBy"; Value = ""; VariantName = "[No Variations]"
Add component (AddParameter): Name = "Voltage"; Value = "10V"; VariantName = "[No Variations]"
Added Component: Designator=C101(CAP_0402)
Add component (AddParameter): Name = "CreatedBy"; Value = "Jonathan Bouchard"; VariantName = "[No Variations]"
Add component (AddParameter): Name = "Current"; Value = ""; VariantName = "[No Variations]"
Add component (AddParameter): Name = "FootprintNameOK"; Value = ""; VariantName = "[No Variations]"
Add component (AddParameter): Name = "HelpURL"; Value = ""; VariantName = "[No Variations]"
Add component (AddParameter): Name = "Mfg"; Value = ""; VariantName = "[No Variations]"
Add component (AddParameter): Name = "Mfg Part Number"; Value = ""; VariantName = "[No Variations]"
Add component (AddParameter): Name = "NI"; Value = ""; VariantName = "[No Variations]"
Add component (AddParameter): Name = "Package"; Value = "0402"; VariantName = "[No Variations]"
Add component (AddParameter): Name = "Power"; Value = ""; VariantName = "[No Variations]"
Add component (AddParameter): Name = "Precision"; Value = "10%"; VariantName = "[No Variations]"
Add component (AddParameter): Name = "Temperature"; Value = ""; VariantName = "[No Variations]"
Add component (AddParameter): Name = "Value"; Value = "560 pF"; VariantName = "[No Variations]"
Add component (AddParameter): Name = "VerifiedBy"; Value = ""; VariantName = "[No Variations]"
Add component (AddParameter): Name = "Voltage"; Value = "10V"; VariantName = "[No Variations]"
Added Component: Designator=C102(CAP_0603)
Add component (AddParameter): Name = "CreatedBy"; Value = "Jonathan Bouchard"; VariantName = "[No Variations]"
Add component (AddParameter): Name = "Current"; Value = ""; VariantName = "[No Variations]"
Add component (AddParameter): Name = "FootprintNameOK"; Value = ""; VariantName = "[No Variations]"
Add component (AddParameter): Name = "HelpURL"; Value = ""; VariantName = "[No Variations]"
Add component (AddParameter): Name = "Mfg"; Value = ""; VariantName = "[No Variations]"
Add component (AddParameter): Name = "Mfg Part Number"; Value = ""; VariantName = "[No Variations]"
Add component (AddParameter): Name = "NI"; Value = ""; VariantName = "[No Variations]"
Add component (AddParameter): Name = "Package"; Value = "0603"; VariantName = "[No Variations]"
Add component (AddParameter): Name = "Power"; Value = ""; VariantName = "[No Variations]"
Add component (AddParameter): Name = "Precision"; Value = "10%"; VariantName = "[No Variations]"
Add component (AddParameter): Name = "Temperature"; Value = ""; VariantName = "[No Variations]"
Add component (AddParameter): Name = "Value"; Value = "0.1uF"; VariantName = "[No Variations]"
Add component (AddParameter): Name = "VerifiedBy"; Value = ""; VariantName = "[No Variations]"
Add component (AddParameter): Name = "Voltage"; Value = "50V"; VariantName = "[No Variations]"
Added Component: Designator=C103(CAP_0805)
Add component (AddParameter): Name = "CreatedBy"; Value = "Jonathan Bouchard"; VariantName = "[No Variations]"
Add component (AddParameter): Name = "Current"; Value = ""; VariantName = "[No Variations]"
Add component (AddParameter): Name = "FootprintNameOK"; Value = ""; VariantName = "[No Variations]"
Add component (AddParameter): Name = "HelpURL"; Value = ""; VariantName = "[No Variations]"
Add component (AddParameter): Name = "Mfg"; Value = ""; VariantName = "[No Variations]"
Add component (AddParameter): Name = "Mfg Part Number"; Value = ""; VariantName = "[No Variations]"
Add component (AddParameter): Name = "NI"; Value = ""; VariantName = "[No Variations]"
Add component (AddParameter): Name = "Package"; Value = "0805"; VariantName = "[No Variations]"
Add component (AddParameter): Name = "Power"; Value = ""; VariantName = "[No Variations]"
Add component (AddParameter): Name = "Precision"; Value = "10%"; VariantName = "[No Variations]"
Add component (AddParameter): Name = "Temperature"; Value = ""; VariantName = "[No Variations]"
Add component (AddParameter): Name = "Value"; Value = "10uF"; VariantName = "[No Variations]"
Add component (AddParameter): Name = "VerifiedBy"; Value = ""; VariantName = "[No Variations]"
Add component (AddParameter): Name = "Voltage"; Value = "10V"; VariantName = "[No Variations]"
Added Component: Designator=C104(CAP_0402)
Add component (AddParameter): Name = "CreatedBy"; Value = "Jonathan Bouchard"; VariantName = "[No Variations]"
Add component (AddParameter): Name = "Current"; Value = ""; VariantName = "[No Variations]"
Add component (AddParameter): Name = "FootprintNameOK"; Value = ""; VariantName = "[No Variations]"
Add component (AddParameter): Name = "HelpURL"; Value = ""; VariantName = "[No Variations]"
Add component (AddParameter): Name = "Mfg"; Value = ""; VariantName = "[No Variations]"
Add component (AddParameter): Name = "Mfg Part Number"; Value = ""; VariantName = "[No Variations]"
Add component (AddParameter): Name = "NI"; Value = ""; VariantName = "[No Variations]"
Add component (AddParameter): Name = "Package"; Value = "0402"; VariantName = "[No Variations]"
Add component (AddParameter): Name = "Power"; Value = ""; VariantName = "[No Variations]"
Add component (AddParameter): Name = "Precision"; Value = "10%"; VariantName = "[No Variations]"
Add component (AddParameter): Name = "Temperature"; Value = ""; VariantName = "[No Variations]"
Add component (AddParameter): Name = "Value"; Value = "1nF"; VariantName = "[No Variations]"
Add component (AddParameter): Name = "VerifiedBy"; Value = ""; VariantName = "[No Variations]"
Add component (AddParameter): Name = "Voltage"; Value = "10V"; VariantName = "[No Variations]"
Added Component: Designator=C105(CAP_0402)
Add component (AddParameter): Name = "CreatedBy"; Value = "Jonathan Bouchard"; VariantName = "[No Variations]"
Add component (AddParameter): Name = "Current"; Value = ""; VariantName = "[No Variations]"
Add component (AddParameter): Name = "FootprintNameOK"; Value = ""; VariantName = "[No Variations]"
Add component (AddParameter): Name = "HelpURL"; Value = ""; VariantName = "[No Variations]"
Add component (AddParameter): Name = "Mfg"; Value = ""; VariantName = "[No Variations]"
Add component (AddParameter): Name = "Mfg Part Number"; Value = ""; VariantName = "[No Variations]"
Add component (AddParameter): Name = "NI"; Value = ""; VariantName = "[No Variations]"
Add component (AddParameter): Name = "Package"; Value = "0402"; VariantName = "[No Variations]"
Add component (AddParameter): Name = "Power"; Value = ""; VariantName = "[No Variations]"
Add component (AddParameter): Name = "Precision"; Value = "10%"; VariantName = "[No Variations]"
Add component (AddParameter): Name = "Temperature"; Value = ""; VariantName = "[No Variations]"
Add component (AddParameter): Name = "Value"; Value = "4.7nF"; VariantName = "[No Variations]"
Add component (AddParameter): Name = "VerifiedBy"; Value = ""; VariantName = "[No Variations]"
Add component (AddParameter): Name = "Voltage"; Value = "10V"; VariantName = "[No Variations]"
Added Component: Designator=C106(CAP_0402)
Add component (AddParameter): Name = "CreatedBy"; Value = "Jonathan Bouchard"; VariantName = "[No Variations]"
Add component (AddParameter): Name = "Current"; Value = ""; VariantName = "[No Variations]"
Add component (AddParameter): Name = "FootprintNameOK"; Value = ""; VariantName = "[No Variations]"
Add component (AddParameter): Name = "HelpURL"; Value = ""; VariantName = "[No Variations]"
Add component (AddParameter): Name = "Mfg"; Value = ""; VariantName = "[No Variations]"
Add component (AddParameter): Name = "Mfg Part Number"; Value = ""; VariantName = "[No Variations]"
Add component (AddParameter): Name = "NI"; Value = ""; VariantName = "[No Variations]"
Add component (AddParameter): Name = "Package"; Value = "0402"; VariantName = "[No Variations]"
Add component (AddParameter): Name = "Power"; Value = ""; VariantName = "[No Variations]"
Add component (AddParameter): Name = "Precision"; Value = "10%"; VariantName = "[No Variations]"
Add component (AddParameter): Name = "Temperature"; Value = ""; VariantName = "[No Variations]"
Add component (AddParameter): Name = "Value"; Value = "560 pF"; VariantName = "[No Variations]"
Add component (AddParameter): Name = "VerifiedBy"; Value = ""; VariantName = "[No Variations]"
Add component (AddParameter): Name = "Voltage"; Value = "10V"; VariantName = "[No Variations]"
Added Component: Designator=C108(CAP_0805)
Add component (AddParameter): Name = "CreatedBy"; Value = "Jonathan Bouchard"; VariantName = "[No Variations]"
Add component (AddParameter): Name = "Current"; Value = ""; VariantName = "[No Variations]"
Add component (AddParameter): Name = "FootprintNameOK"; Value = ""; VariantName = "[No Variations]"
Add component (AddParameter): Name = "HelpURL"; Value = ""; VariantName = "[No Variations]"
Add component (AddParameter): Name = "Mfg"; Value = ""; VariantName = "[No Variations]"
Add component (AddParameter): Name = "Mfg Part Number"; Value = ""; VariantName = "[No Variations]"
Add component (AddParameter): Name = "NI"; Value = ""; VariantName = "[No Variations]"
Add component (AddParameter): Name = "Package"; Value = "0805"; VariantName = "[No Variations]"
Add component (AddParameter): Name = "Power"; Value = ""; VariantName = "[No Variations]"
Add component (AddParameter): Name = "Precision"; Value = "10%"; VariantName = "[No Variations]"
Add component (AddParameter): Name = "Temperature"; Value = ""; VariantName = "[No Variations]"
Add component (AddParameter): Name = "Value"; Value = "10uF"; VariantName = "[No Variations]"
Add component (AddParameter): Name = "VerifiedBy"; Value = ""; VariantName = "[No Variations]"
Add component (AddParameter): Name = "Voltage"; Value = "10V"; VariantName = "[No Variations]"
Added Component: Designator=C109(CAP_0402)
Add component (AddParameter): Name = "CreatedBy"; Value = "Jonathan Bouchard"; VariantName = "[No Variations]"
Add component (AddParameter): Name = "Current"; Value = ""; VariantName = "[No Variations]"
Add component (AddParameter): Name = "FootprintNameOK"; Value = ""; VariantName = "[No Variations]"
Add component (AddParameter): Name = "HelpURL"; Value = ""; VariantName = "[No Variations]"
Add component (AddParameter): Name = "Mfg"; Value = ""; VariantName = "[No Variations]"
Add component (AddParameter): Name = "Mfg Part Number"; Value = ""; VariantName = "[No Variations]"
Add component (AddParameter): Name = "NI"; Value = ""; VariantName = "[No Variations]"
Add component (AddParameter): Name = "Package"; Value = "0402"; VariantName = "[No Variations]"
Add component (AddParameter): Name = "Power"; Value = ""; VariantName = "[No Variations]"
Add component (AddParameter): Name = "Precision"; Value = "10%"; VariantName = "[No Variations]"
Add component (AddParameter): Name = "Temperature"; Value = ""; VariantName = "[No Variations]"
Add component (AddParameter): Name = "Value"; Value = "1nF"; VariantName = "[No Variations]"
Add component (AddParameter): Name = "VerifiedBy"; Value = ""; VariantName = "[No Variations]"
Add component (AddParameter): Name = "Voltage"; Value = "10V"; VariantName = "[No Variations]"
Added Component: Designator=C110(CAP_0402)
Add component (AddParameter): Name = "CreatedBy"; Value = "Jonathan Bouchard"; VariantName = "[No Variations]"
Add component (AddParameter): Name = "Current"; Value = ""; VariantName = "[No Variations]"
Add component (AddParameter): Name = "FootprintNameOK"; Value = ""; VariantName = "[No Variations]"
Add component (AddParameter): Name = "HelpURL"; Value = ""; VariantName = "[No Variations]"
Add component (AddParameter): Name = "Mfg"; Value = ""; VariantName = "[No Variations]"
Add component (AddParameter): Name = "Mfg Part Number"; Value = ""; VariantName = "[No Variations]"
Add component (AddParameter): Name = "NI"; Value = ""; VariantName = "[No Variations]"
Add component (AddParameter): Name = "Package"; Value = "0402"; VariantName = "[No Variations]"
Add component (AddParameter): Name = "Power"; Value = ""; VariantName = "[No Variations]"
Add component (AddParameter): Name = "Precision"; Value = "10%"; VariantName = "[No Variations]"
Add component (AddParameter): Name = "Temperature"; Value = ""; VariantName = "[No Variations]"
Add component (AddParameter): Name = "Value"; Value = "4.7nF"; VariantName = "[No Variations]"
Add component (AddParameter): Name = "VerifiedBy"; Value = ""; VariantName = "[No Variations]"
Add component (AddParameter): Name = "Voltage"; Value = "10V"; VariantName = "[No Variations]"
Added Component: Designator=C111(CAP_0402)
Add component (AddParameter): Name = "CreatedBy"; Value = "Jonathan Bouchard"; VariantName = "[No Variations]"
Add component (AddParameter): Name = "Current"; Value = ""; VariantName = "[No Variations]"
Add component (AddParameter): Name = "FootprintNameOK"; Value = ""; VariantName = "[No Variations]"
Add component (AddParameter): Name = "HelpURL"; Value = ""; VariantName = "[No Variations]"
Add component (AddParameter): Name = "Mfg"; Value = ""; VariantName = "[No Variations]"
Add component (AddParameter): Name = "Mfg Part Number"; Value = ""; VariantName = "[No Variations]"
Add component (AddParameter): Name = "NI"; Value = ""; VariantName = "[No Variations]"
Add component (AddParameter): Name = "Package"; Value = "0402"; VariantName = "[No Variations]"
Add component (AddParameter): Name = "Power"; Value = ""; VariantName = "[No Variations]"
Add component (AddParameter): Name = "Precision"; Value = "10%"; VariantName = "[No Variations]"
Add component (AddParameter): Name = "Temperature"; Value = ""; VariantName = "[No Variations]"
Add component (AddParameter): Name = "Value"; Value = "560 pF"; VariantName = "[No Variations]"
Add component (AddParameter): Name = "VerifiedBy"; Value = ""; VariantName = "[No Variations]"
Add component (AddParameter): Name = "Voltage"; Value = "10V"; VariantName = "[No Variations]"
Added Component: Designator=C113(CAP_0805)
Add component (AddParameter): Name = "CreatedBy"; Value = "Jonathan Bouchard"; VariantName = "[No Variations]"
Add component (AddParameter): Name = "Current"; Value = ""; VariantName = "[No Variations]"
Add component (AddParameter): Name = "FootprintNameOK"; Value = ""; VariantName = "[No Variations]"
Add component (AddParameter): Name = "HelpURL"; Value = ""; VariantName = "[No Variations]"
Add component (AddParameter): Name = "Mfg"; Value = ""; VariantName = "[No Variations]"
Add component (AddParameter): Name = "Mfg Part Number"; Value = ""; VariantName = "[No Variations]"
Add component (AddParameter): Name = "NI"; Value = ""; VariantName = "[No Variations]"
Add component (AddParameter): Name = "Package"; Value = "0805"; VariantName = "[No Variations]"
Add component (AddParameter): Name = "Power"; Value = ""; VariantName = "[No Variations]"
Add component (AddParameter): Name = "Precision"; Value = "10%"; VariantName = "[No Variations]"
Add component (AddParameter): Name = "Temperature"; Value = ""; VariantName = "[No Variations]"
Add component (AddParameter): Name = "Value"; Value = "10uF"; VariantName = "[No Variations]"
Add component (AddParameter): Name = "VerifiedBy"; Value = ""; VariantName = "[No Variations]"
Add component (AddParameter): Name = "Voltage"; Value = "10V"; VariantName = "[No Variations]"
Added Component: Designator=C114(CAP_0402)
Add component (AddParameter): Name = "CreatedBy"; Value = "Jonathan Bouchard"; VariantName = "[No Variations]"
Add component (AddParameter): Name = "Current"; Value = ""; VariantName = "[No Variations]"
Add component (AddParameter): Name = "FootprintNameOK"; Value = ""; VariantName = "[No Variations]"
Add component (AddParameter): Name = "HelpURL"; Value = ""; VariantName = "[No Variations]"
Add component (AddParameter): Name = "Mfg"; Value = ""; VariantName = "[No Variations]"
Add component (AddParameter): Name = "Mfg Part Number"; Value = ""; VariantName = "[No Variations]"
Add component (AddParameter): Name = "NI"; Value = ""; VariantName = "[No Variations]"
Add component (AddParameter): Name = "Package"; Value = "0402"; VariantName = "[No Variations]"
Add component (AddParameter): Name = "Power"; Value = ""; VariantName = "[No Variations]"
Add component (AddParameter): Name = "Precision"; Value = "10%"; VariantName = "[No Variations]"
Add component (AddParameter): Name = "Temperature"; Value = ""; VariantName = "[No Variations]"
Add component (AddParameter): Name = "Value"; Value = "1nF"; VariantName = "[No Variations]"
Add component (AddParameter): Name = "VerifiedBy"; Value = ""; VariantName = "[No Variations]"
Add component (AddParameter): Name = "Voltage"; Value = "10V"; VariantName = "[No Variations]"
Added Component: Designator=C115(CAP_0402)
Add component (AddParameter): Name = "CreatedBy"; Value = "Jonathan Bouchard"; VariantName = "[No Variations]"
Add component (AddParameter): Name = "Current"; Value = ""; VariantName = "[No Variations]"
Add component (AddParameter): Name = "FootprintNameOK"; Value = ""; VariantName = "[No Variations]"
Add component (AddParameter): Name = "HelpURL"; Value = ""; VariantName = "[No Variations]"
Add component (AddParameter): Name = "Mfg"; Value = ""; VariantName = "[No Variations]"
Add component (AddParameter): Name = "Mfg Part Number"; Value = ""; VariantName = "[No Variations]"
Add component (AddParameter): Name = "NI"; Value = ""; VariantName = "[No Variations]"
Add component (AddParameter): Name = "Package"; Value = "0402"; VariantName = "[No Variations]"
Add component (AddParameter): Name = "Power"; Value = ""; VariantName = "[No Variations]"
Add component (AddParameter): Name = "Precision"; Value = "10%"; VariantName = "[No Variations]"
Add component (AddParameter): Name = "Temperature"; Value = ""; VariantName = "[No Variations]"
Add component (AddParameter): Name = "Value"; Value = "4.7nF"; VariantName = "[No Variations]"
Add component (AddParameter): Name = "VerifiedBy"; Value = ""; VariantName = "[No Variations]"
Add component (AddParameter): Name = "Voltage"; Value = "10V"; VariantName = "[No Variations]"
Added Component: Designator=C116(CAP_0402)
Add component (AddParameter): Name = "CreatedBy"; Value = "Jonathan Bouchard"; VariantName = "[No Variations]"
Add component (AddParameter): Name = "Current"; Value = ""; VariantName = "[No Variations]"
Add component (AddParameter): Name = "FootprintNameOK"; Value = ""; VariantName = "[No Variations]"
Add component (AddParameter): Name = "HelpURL"; Value = ""; VariantName = "[No Variations]"
Add component (AddParameter): Name = "Mfg"; Value = ""; VariantName = "[No Variations]"
Add component (AddParameter): Name = "Mfg Part Number"; Value = ""; VariantName = "[No Variations]"
Add component (AddParameter): Name = "NI"; Value = ""; VariantName = "[No Variations]"
Add component (AddParameter): Name = "Package"; Value = "0402"; VariantName = "[No Variations]"
Add component (AddParameter): Name = "Power"; Value = ""; VariantName = "[No Variations]"
Add component (AddParameter): Name = "Precision"; Value = "10%"; VariantName = "[No Variations]"
Add component (AddParameter): Name = "Temperature"; Value = ""; VariantName = "[No Variations]"
Add component (AddParameter): Name = "Value"; Value = "560 pF"; VariantName = "[No Variations]"
Add component (AddParameter): Name = "VerifiedBy"; Value = ""; VariantName = "[No Variations]"
Add component (AddParameter): Name = "Voltage"; Value = "10V"; VariantName = "[No Variations]"
Added Component: Designator=C118(CAP_0805)
Add component (AddParameter): Name = "CreatedBy"; Value = "Jonathan Bouchard"; VariantName = "[No Variations]"
Add component (AddParameter): Name = "Current"; Value = ""; VariantName = "[No Variations]"
Add component (AddParameter): Name = "FootprintNameOK"; Value = ""; VariantName = "[No Variations]"
Add component (AddParameter): Name = "HelpURL"; Value = ""; VariantName = "[No Variations]"
Add component (AddParameter): Name = "Mfg"; Value = ""; VariantName = "[No Variations]"
Add component (AddParameter): Name = "Mfg Part Number"; Value = ""; VariantName = "[No Variations]"
Add component (AddParameter): Name = "NI"; Value = ""; VariantName = "[No Variations]"
Add component (AddParameter): Name = "Package"; Value = "0805"; VariantName = "[No Variations]"
Add component (AddParameter): Name = "Power"; Value = ""; VariantName = "[No Variations]"
Add component (AddParameter): Name = "Precision"; Value = "10%"; VariantName = "[No Variations]"
Add component (AddParameter): Name = "Temperature"; Value = ""; VariantName = "[No Variations]"
Add component (AddParameter): Name = "Value"; Value = "10uF"; VariantName = "[No Variations]"
Add component (AddParameter): Name = "VerifiedBy"; Value = ""; VariantName = "[No Variations]"
Add component (AddParameter): Name = "Voltage"; Value = "10V"; VariantName = "[No Variations]"
Added Component: Designator=C119(CAP_0402)
Add component (AddParameter): Name = "CreatedBy"; Value = "Jonathan Bouchard"; VariantName = "[No Variations]"
Add component (AddParameter): Name = "Current"; Value = ""; VariantName = "[No Variations]"
Add component (AddParameter): Name = "FootprintNameOK"; Value = ""; VariantName = "[No Variations]"
Add component (AddParameter): Name = "HelpURL"; Value = ""; VariantName = "[No Variations]"
Add component (AddParameter): Name = "Mfg"; Value = ""; VariantName = "[No Variations]"
Add component (AddParameter): Name = "Mfg Part Number"; Value = ""; VariantName = "[No Variations]"
Add component (AddParameter): Name = "NI"; Value = ""; VariantName = "[No Variations]"
Add component (AddParameter): Name = "Package"; Value = "0402"; VariantName = "[No Variations]"
Add component (AddParameter): Name = "Power"; Value = ""; VariantName = "[No Variations]"
Add component (AddParameter): Name = "Precision"; Value = "10%"; VariantName = "[No Variations]"
Add component (AddParameter): Name = "Temperature"; Value = ""; VariantName = "[No Variations]"
Add component (AddParameter): Name = "Value"; Value = "1nF"; VariantName = "[No Variations]"
Add component (AddParameter): Name = "VerifiedBy"; Value = ""; VariantName = "[No Variations]"
Add component (AddParameter): Name = "Voltage"; Value = "10V"; VariantName = "[No Variations]"
Added Component: Designator=C120(CAP_0402)
Add component (AddParameter): Name = "CreatedBy"; Value = "Jonathan Bouchard"; VariantName = "[No Variations]"
Add component (AddParameter): Name = "Current"; Value = ""; VariantName = "[No Variations]"
Add component (AddParameter): Name = "FootprintNameOK"; Value = ""; VariantName = "[No Variations]"
Add component (AddParameter): Name = "HelpURL"; Value = ""; VariantName = "[No Variations]"
Add component (AddParameter): Name = "Mfg"; Value = ""; VariantName = "[No Variations]"
Add component (AddParameter): Name = "Mfg Part Number"; Value = ""; VariantName = "[No Variations]"
Add component (AddParameter): Name = "NI"; Value = ""; VariantName = "[No Variations]"
Add component (AddParameter): Name = "Package"; Value = "0402"; VariantName = "[No Variations]"
Add component (AddParameter): Name = "Power"; Value = ""; VariantName = "[No Variations]"
Add component (AddParameter): Name = "Precision"; Value = "10%"; VariantName = "[No Variations]"
Add component (AddParameter): Name = "Temperature"; Value = ""; VariantName = "[No Variations]"
Add component (AddParameter): Name = "Value"; Value = "4.7nF"; VariantName = "[No Variations]"
Add component (AddParameter): Name = "VerifiedBy"; Value = ""; VariantName = "[No Variations]"
Add component (AddParameter): Name = "Voltage"; Value = "10V"; VariantName = "[No Variations]"
Added Component: Designator=C121(CAP_0402)
Add component (AddParameter): Name = "CreatedBy"; Value = "Jonathan Bouchard"; VariantName = "[No Variations]"
Add component (AddParameter): Name = "Current"; Value = ""; VariantName = "[No Variations]"
Add component (AddParameter): Name = "FootprintNameOK"; Value = ""; VariantName = "[No Variations]"
Add component (AddParameter): Name = "HelpURL"; Value = ""; VariantName = "[No Variations]"
Add component (AddParameter): Name = "Mfg"; Value = ""; VariantName = "[No Variations]"
Add component (AddParameter): Name = "Mfg Part Number"; Value = ""; VariantName = "[No Variations]"
Add component (AddParameter): Name = "NI"; Value = ""; VariantName = "[No Variations]"
Add component (AddParameter): Name = "Package"; Value = "0402"; VariantName = "[No Variations]"
Add component (AddParameter): Name = "Power"; Value = ""; VariantName = "[No Variations]"
Add component (AddParameter): Name = "Precision"; Value = "10%"; VariantName = "[No Variations]"
Add component (AddParameter): Name = "Temperature"; Value = ""; VariantName = "[No Variations]"
Add component (AddParameter): Name = "Value"; Value = "560 pF"; VariantName = "[No Variations]"
Add component (AddParameter): Name = "VerifiedBy"; Value = ""; VariantName = "[No Variations]"
Add component (AddParameter): Name = "Voltage"; Value = "10V"; VariantName = "[No Variations]"
Added Component: Designator=C122(CAP_0402)
Add component (AddParameter): Name = "CreatedBy"; Value = "Jonathan Bouchard"; VariantName = "[No Variations]"
Add component (AddParameter): Name = "Current"; Value = ""; VariantName = "[No Variations]"
Add component (AddParameter): Name = "FootprintNameOK"; Value = ""; VariantName = "[No Variations]"
Add component (AddParameter): Name = "HelpURL"; Value = ""; VariantName = "[No Variations]"
Add component (AddParameter): Name = "Mfg"; Value = ""; VariantName = "[No Variations]"
Add component (AddParameter): Name = "Mfg Part Number"; Value = ""; VariantName = "[No Variations]"
Add component (AddParameter): Name = "NI"; Value = ""; VariantName = "[No Variations]"
Add component (AddParameter): Name = "Package"; Value = "0402"; VariantName = "[No Variations]"
Add component (AddParameter): Name = "Power"; Value = ""; VariantName = "[No Variations]"
Add component (AddParameter): Name = "Precision"; Value = "10%"; VariantName = "[No Variations]"
Add component (AddParameter): Name = "Temperature"; Value = ""; VariantName = "[No Variations]"
Add component (AddParameter): Name = "Value"; Value = "0.1u"; VariantName = "[No Variations]"
Add component (AddParameter): Name = "VerifiedBy"; Value = ""; VariantName = "[No Variations]"
Add component (AddParameter): Name = "Voltage"; Value = "50V"; VariantName = "[No Variations]"
Added Component: Designator=C123(CAP_0402)
Add component (AddParameter): Name = "CreatedBy"; Value = "Jonathan Bouchard"; VariantName = "[No Variations]"
Add component (AddParameter): Name = "Current"; Value = ""; VariantName = "[No Variations]"
Add component (AddParameter): Name = "FootprintNameOK"; Value = ""; VariantName = "[No Variations]"
Add component (AddParameter): Name = "HelpURL"; Value = ""; VariantName = "[No Variations]"
Add component (AddParameter): Name = "Mfg"; Value = ""; VariantName = "[No Variations]"
Add component (AddParameter): Name = "Mfg Part Number"; Value = ""; VariantName = "[No Variations]"
Add component (AddParameter): Name = "NI"; Value = ""; VariantName = "[No Variations]"
Add component (AddParameter): Name = "Package"; Value = "0402"; VariantName = "[No Variations]"
Add component (AddParameter): Name = "Power"; Value = ""; VariantName = "[No Variations]"
Add component (AddParameter): Name = "Precision"; Value = "10%"; VariantName = "[No Variations]"
Add component (AddParameter): Name = "Temperature"; Value = ""; VariantName = "[No Variations]"
Add component (AddParameter): Name = "Value"; Value = "0.1u"; VariantName = "[No Variations]"
Add component (AddParameter): Name = "VerifiedBy"; Value = ""; VariantName = "[No Variations]"
Add component (AddParameter): Name = "Voltage"; Value = "50V"; VariantName = "[No Variations]"
Added Component: Designator=C124(CAP_0402)
Add component (AddParameter): Name = "CreatedBy"; Value = "Jonathan Bouchard"; VariantName = "[No Variations]"
Add component (AddParameter): Name = "Current"; Value = ""; VariantName = "[No Variations]"
Add component (AddParameter): Name = "FootprintNameOK"; Value = ""; VariantName = "[No Variations]"
Add component (AddParameter): Name = "HelpURL"; Value = ""; VariantName = "[No Variations]"
Add component (AddParameter): Name = "Mfg"; Value = ""; VariantName = "[No Variations]"
Add component (AddParameter): Name = "Mfg Part Number"; Value = ""; VariantName = "[No Variations]"
Add component (AddParameter): Name = "NI"; Value = ""; VariantName = "[No Variations]"
Add component (AddParameter): Name = "Package"; Value = "1206"; VariantName = "[No Variations]"
Add component (AddParameter): Name = "Power"; Value = ""; VariantName = "[No Variations]"
Add component (AddParameter): Name = "Precision"; Value = "10%"; VariantName = "[No Variations]"
Add component (AddParameter): Name = "Temperature"; Value = ""; VariantName = "[No Variations]"
Add component (AddParameter): Name = "Value"; Value = "1n"; VariantName = "[No Variations]"
Add component (AddParameter): Name = "VerifiedBy"; Value = ""; VariantName = "[No Variations]"
Add component (AddParameter): Name = "Voltage"; Value = "2.5kV"; VariantName = "[No Variations]"
Added Component: Designator=C125(CAP_0603)
Add component (AddParameter): Name = "CreatedBy"; Value = "Jonathan Bouchard"; VariantName = "[No Variations]"
Add component (AddParameter): Name = "Current"; Value = ""; VariantName = "[No Variations]"
Add component (AddParameter): Name = "FootprintNameOK"; Value = ""; VariantName = "[No Variations]"
Add component (AddParameter): Name = "HelpURL"; Value = ""; VariantName = "[No Variations]"
Add component (AddParameter): Name = "Mfg"; Value = ""; VariantName = "[No Variations]"
Add component (AddParameter): Name = "Mfg Part Number"; Value = ""; VariantName = "[No Variations]"
Add component (AddParameter): Name = "NI"; Value = ""; VariantName = "[No Variations]"
Add component (AddParameter): Name = "Package"; Value = "0603"; VariantName = "[No Variations]"
Add component (AddParameter): Name = "Power"; Value = ""; VariantName = "[No Variations]"
Add component (AddParameter): Name = "Precision"; Value = "10%"; VariantName = "[No Variations]"
Add component (AddParameter): Name = "Temperature"; Value = ""; VariantName = "[No Variations]"
Add component (AddParameter): Name = "Value"; Value = "2.2uF"; VariantName = "[No Variations]"
Add component (AddParameter): Name = "VerifiedBy"; Value = ""; VariantName = "[No Variations]"
Add component (AddParameter): Name = "Voltage"; Value = "50V"; VariantName = "[No Variations]"
Added Component: Designator=C126(CAP_0402)
Add component (AddParameter): Name = "CreatedBy"; Value = "Jonathan Bouchard"; VariantName = "[No Variations]"
Add component (AddParameter): Name = "Current"; Value = ""; VariantName = "[No Variations]"
Add component (AddParameter): Name = "FootprintNameOK"; Value = ""; VariantName = "[No Variations]"
Add component (AddParameter): Name = "HelpURL"; Value = ""; VariantName = "[No Variations]"
Add component (AddParameter): Name = "Mfg"; Value = ""; VariantName = "[No Variations]"
Add component (AddParameter): Name = "Mfg Part Number"; Value = ""; VariantName = "[No Variations]"
Add component (AddParameter): Name = "NI"; Value = ""; VariantName = "[No Variations]"
Add component (AddParameter): Name = "Package"; Value = "0402"; VariantName = "[No Variations]"
Add component (AddParameter): Name = "Power"; Value = ""; VariantName = "[No Variations]"
Add component (AddParameter): Name = "Precision"; Value = "10%"; VariantName = "[No Variations]"
Add component (AddParameter): Name = "Temperature"; Value = ""; VariantName = "[No Variations]"
Add component (AddParameter): Name = "Value"; Value = "0.1uF"; VariantName = "[No Variations]"
Add component (AddParameter): Name = "VerifiedBy"; Value = ""; VariantName = "[No Variations]"
Add component (AddParameter): Name = "Voltage"; Value = "50V"; VariantName = "[No Variations]"
Added Component: Designator=C127(CAP_0805)
Add component (AddParameter): Name = "CreatedBy"; Value = "Jonathan Bouchard"; VariantName = "[No Variations]"
Add component (AddParameter): Name = "Current"; Value = ""; VariantName = "[No Variations]"
Add component (AddParameter): Name = "FootprintNameOK"; Value = ""; VariantName = "[No Variations]"
Add component (AddParameter): Name = "HelpURL"; Value = ""; VariantName = "[No Variations]"
Add component (AddParameter): Name = "Mfg"; Value = ""; VariantName = "[No Variations]"
Add component (AddParameter): Name = "Mfg Part Number"; Value = ""; VariantName = "[No Variations]"
Add component (AddParameter): Name = "NI"; Value = ""; VariantName = "[No Variations]"
Add component (AddParameter): Name = "Package"; Value = "0805"; VariantName = "[No Variations]"
Add component (AddParameter): Name = "Power"; Value = ""; VariantName = "[No Variations]"
Add component (AddParameter): Name = "Precision"; Value = "10%"; VariantName = "[No Variations]"
Add component (AddParameter): Name = "Temperature"; Value = ""; VariantName = "[No Variations]"
Add component (AddParameter): Name = "Value"; Value = "22uF"; VariantName = "[No Variations]"
Add component (AddParameter): Name = "VerifiedBy"; Value = ""; VariantName = "[No Variations]"
Add component (AddParameter): Name = "Voltage"; Value = "50V"; VariantName = "[No Variations]"
Added Component: Designator=C128(CAP_0402)
Add component (AddParameter): Name = "CreatedBy"; Value = "Jonathan Bouchard"; VariantName = "[No Variations]"
Add component (AddParameter): Name = "Current"; Value = ""; VariantName = "[No Variations]"
Add component (AddParameter): Name = "FootprintNameOK"; Value = ""; VariantName = "[No Variations]"
Add component (AddParameter): Name = "HelpURL"; Value = ""; VariantName = "[No Variations]"
Add component (AddParameter): Name = "Mfg"; Value = ""; VariantName = "[No Variations]"
Add component (AddParameter): Name = "Mfg Part Number"; Value = ""; VariantName = "[No Variations]"
Add component (AddParameter): Name = "NI"; Value = ""; VariantName = "[No Variations]"
Add component (AddParameter): Name = "Package"; Value = "0402"; VariantName = "[No Variations]"
Add component (AddParameter): Name = "Power"; Value = ""; VariantName = "[No Variations]"
Add component (AddParameter): Name = "Precision"; Value = "10%"; VariantName = "[No Variations]"
Add component (AddParameter): Name = "Temperature"; Value = ""; VariantName = "[No Variations]"
Add component (AddParameter): Name = "Value"; Value = "0.1uF"; VariantName = "[No Variations]"
Add component (AddParameter): Name = "VerifiedBy"; Value = ""; VariantName = "[No Variations]"
Add component (AddParameter): Name = "Voltage"; Value = "50V"; VariantName = "[No Variations]"
Added Component: Designator=C129(CAP_0805)
Add component (AddParameter): Name = "CreatedBy"; Value = "Jonathan Bouchard"; VariantName = "[No Variations]"
Add component (AddParameter): Name = "Current"; Value = ""; VariantName = "[No Variations]"
Add component (AddParameter): Name = "FootprintNameOK"; Value = ""; VariantName = "[No Variations]"
Add component (AddParameter): Name = "HelpURL"; Value = ""; VariantName = "[No Variations]"
Add component (AddParameter): Name = "Mfg"; Value = ""; VariantName = "[No Variations]"
Add component (AddParameter): Name = "Mfg Part Number"; Value = ""; VariantName = "[No Variations]"
Add component (AddParameter): Name = "NI"; Value = ""; VariantName = "[No Variations]"
Add component (AddParameter): Name = "Package"; Value = "0805"; VariantName = "[No Variations]"
Add component (AddParameter): Name = "Power"; Value = ""; VariantName = "[No Variations]"
Add component (AddParameter): Name = "Precision"; Value = "10%"; VariantName = "[No Variations]"
Add component (AddParameter): Name = "Temperature"; Value = ""; VariantName = "[No Variations]"
Add component (AddParameter): Name = "Value"; Value = "22uF"; VariantName = "[No Variations]"
Add component (AddParameter): Name = "VerifiedBy"; Value = ""; VariantName = "[No Variations]"
Add component (AddParameter): Name = "Voltage"; Value = "50V"; VariantName = "[No Variations]"
Added Component: Designator=C130(CAP_0402)
Add component (AddParameter): Name = "CreatedBy"; Value = "Jonathan Bouchard"; VariantName = "[No Variations]"
Add component (AddParameter): Name = "Current"; Value = ""; VariantName = "[No Variations]"
Add component (AddParameter): Name = "FootprintNameOK"; Value = ""; VariantName = "[No Variations]"
Add component (AddParameter): Name = "HelpURL"; Value = ""; VariantName = "[No Variations]"
Add component (AddParameter): Name = "Mfg"; Value = ""; VariantName = "[No Variations]"
Add component (AddParameter): Name = "Mfg Part Number"; Value = ""; VariantName = "[No Variations]"
Add component (AddParameter): Name = "NI"; Value = ""; VariantName = "[No Variations]"
Add component (AddParameter): Name = "Package"; Value = "0402"; VariantName = "[No Variations]"
Add component (AddParameter): Name = "Power"; Value = ""; VariantName = "[No Variations]"
Add component (AddParameter): Name = "Precision"; Value = "10%"; VariantName = "[No Variations]"
Add component (AddParameter): Name = "Temperature"; Value = ""; VariantName = "[No Variations]"
Add component (AddParameter): Name = "Value"; Value = "0.1uF"; VariantName = "[No Variations]"
Add component (AddParameter): Name = "VerifiedBy"; Value = ""; VariantName = "[No Variations]"
Add component (AddParameter): Name = "Voltage"; Value = "50V"; VariantName = "[No Variations]"
Added Component: Designator=C131(CAP_0402)
Add component (AddParameter): Name = "CreatedBy"; Value = "Jonathan Bouchard"; VariantName = "[No Variations]"
Add component (AddParameter): Name = "Current"; Value = ""; VariantName = "[No Variations]"
Add component (AddParameter): Name = "FootprintNameOK"; Value = ""; VariantName = "[No Variations]"
Add component (AddParameter): Name = "HelpURL"; Value = ""; VariantName = "[No Variations]"
Add component (AddParameter): Name = "Mfg"; Value = ""; VariantName = "[No Variations]"
Add component (AddParameter): Name = "Mfg Part Number"; Value = ""; VariantName = "[No Variations]"
Add component (AddParameter): Name = "NI"; Value = ""; VariantName = "[No Variations]"
Add component (AddParameter): Name = "Package"; Value = "0402"; VariantName = "[No Variations]"
Add component (AddParameter): Name = "Power"; Value = ""; VariantName = "[No Variations]"
Add component (AddParameter): Name = "Precision"; Value = "10%"; VariantName = "[No Variations]"
Add component (AddParameter): Name = "Temperature"; Value = ""; VariantName = "[No Variations]"
Add component (AddParameter): Name = "Value"; Value = "100n"; VariantName = "[No Variations]"
Add component (AddParameter): Name = "VerifiedBy"; Value = ""; VariantName = "[No Variations]"
Add component (AddParameter): Name = "Voltage"; Value = "50V"; VariantName = "[No Variations]"
Added Component: Designator=C132(CAP_0402)
Add component (AddParameter): Name = "CreatedBy"; Value = "Jonathan Bouchard"; VariantName = "[No Variations]"
Add component (AddParameter): Name = "Current"; Value = ""; VariantName = "[No Variations]"
Add component (AddParameter): Name = "FootprintNameOK"; Value = ""; VariantName = "[No Variations]"
Add component (AddParameter): Name = "HelpURL"; Value = ""; VariantName = "[No Variations]"
Add component (AddParameter): Name = "Mfg"; Value = ""; VariantName = "[No Variations]"
Add component (AddParameter): Name = "Mfg Part Number"; Value = ""; VariantName = "[No Variations]"
Add component (AddParameter): Name = "NI"; Value = ""; VariantName = "[No Variations]"
Add component (AddParameter): Name = "Package"; Value = "0402"; VariantName = "[No Variations]"
Add component (AddParameter): Name = "Power"; Value = ""; VariantName = "[No Variations]"
Add component (AddParameter): Name = "Precision"; Value = "10%"; VariantName = "[No Variations]"
Add component (AddParameter): Name = "Temperature"; Value = ""; VariantName = "[No Variations]"
Add component (AddParameter): Name = "Value"; Value = "22u"; VariantName = "[No Variations]"
Add component (AddParameter): Name = "VerifiedBy"; Value = ""; VariantName = "[No Variations]"
Add component (AddParameter): Name = "Voltage"; Value = "50V"; VariantName = "[No Variations]"
Added Component: Designator=C133(CAP_0402)
Add component (AddParameter): Name = "CreatedBy"; Value = "Jonathan Bouchard"; VariantName = "[No Variations]"
Add component (AddParameter): Name = "Current"; Value = ""; VariantName = "[No Variations]"
Add component (AddParameter): Name = "FootprintNameOK"; Value = ""; VariantName = "[No Variations]"
Add component (AddParameter): Name = "HelpURL"; Value = ""; VariantName = "[No Variations]"
Add component (AddParameter): Name = "Mfg"; Value = ""; VariantName = "[No Variations]"
Add component (AddParameter): Name = "Mfg Part Number"; Value = ""; VariantName = "[No Variations]"
Add component (AddParameter): Name = "NI"; Value = ""; VariantName = "[No Variations]"
Add component (AddParameter): Name = "Package"; Value = "0402"; VariantName = "[No Variations]"
Add component (AddParameter): Name = "Power"; Value = ""; VariantName = "[No Variations]"
Add component (AddParameter): Name = "Precision"; Value = "10%"; VariantName = "[No Variations]"
Add component (AddParameter): Name = "Temperature"; Value = ""; VariantName = "[No Variations]"
Add component (AddParameter): Name = "Value"; Value = "100n"; VariantName = "[No Variations]"
Add component (AddParameter): Name = "VerifiedBy"; Value = ""; VariantName = "[No Variations]"
Add component (AddParameter): Name = "Voltage"; Value = "50V"; VariantName = "[No Variations]"
Added Component: Designator=C134(CAP_0402)
Add component (AddParameter): Name = "CreatedBy"; Value = "Jonathan Bouchard"; VariantName = "[No Variations]"
Add component (AddParameter): Name = "Current"; Value = ""; VariantName = "[No Variations]"
Add component (AddParameter): Name = "FootprintNameOK"; Value = ""; VariantName = "[No Variations]"
Add component (AddParameter): Name = "HelpURL"; Value = ""; VariantName = "[No Variations]"
Add component (AddParameter): Name = "Mfg"; Value = ""; VariantName = "[No Variations]"
Add component (AddParameter): Name = "Mfg Part Number"; Value = ""; VariantName = "[No Variations]"
Add component (AddParameter): Name = "NI"; Value = ""; VariantName = "[No Variations]"
Add component (AddParameter): Name = "Package"; Value = "0402"; VariantName = "[No Variations]"
Add component (AddParameter): Name = "Power"; Value = ""; VariantName = "[No Variations]"
Add component (AddParameter): Name = "Precision"; Value = "10%"; VariantName = "[No Variations]"
Add component (AddParameter): Name = "Temperature"; Value = ""; VariantName = "[No Variations]"
Add component (AddParameter): Name = "Value"; Value = "100n"; VariantName = "[No Variations]"
Add component (AddParameter): Name = "VerifiedBy"; Value = ""; VariantName = "[No Variations]"
Add component (AddParameter): Name = "Voltage"; Value = "50V"; VariantName = "[No Variations]"
Added Component: Designator=C135(CAP_0402)
Add component (AddParameter): Name = "CreatedBy"; Value = "Jonathan Bouchard"; VariantName = "[No Variations]"
Add component (AddParameter): Name = "Current"; Value = ""; VariantName = "[No Variations]"
Add component (AddParameter): Name = "FootprintNameOK"; Value = ""; VariantName = "[No Variations]"
Add component (AddParameter): Name = "HelpURL"; Value = ""; VariantName = "[No Variations]"
Add component (AddParameter): Name = "Mfg"; Value = ""; VariantName = "[No Variations]"
Add component (AddParameter): Name = "Mfg Part Number"; Value = ""; VariantName = "[No Variations]"
Add component (AddParameter): Name = "NI"; Value = ""; VariantName = "[No Variations]"
Add component (AddParameter): Name = "Package"; Value = "0402"; VariantName = "[No Variations]"
Add component (AddParameter): Name = "Power"; Value = ""; VariantName = "[No Variations]"
Add component (AddParameter): Name = "Precision"; Value = "10%"; VariantName = "[No Variations]"
Add component (AddParameter): Name = "Temperature"; Value = ""; VariantName = "[No Variations]"
Add component (AddParameter): Name = "Value"; Value = "10n"; VariantName = "[No Variations]"
Add component (AddParameter): Name = "VerifiedBy"; Value = ""; VariantName = "[No Variations]"
Add component (AddParameter): Name = "Voltage"; Value = "50V"; VariantName = "[No Variations]"
Added Component: Designator=C136(CAP_0402)
Add component (AddParameter): Name = "CreatedBy"; Value = "Jonathan Bouchard"; VariantName = "[No Variations]"
Add component (AddParameter): Name = "Current"; Value = ""; VariantName = "[No Variations]"
Add component (AddParameter): Name = "FootprintNameOK"; Value = ""; VariantName = "[No Variations]"
Add component (AddParameter): Name = "HelpURL"; Value = ""; VariantName = "[No Variations]"
Add component (AddParameter): Name = "Mfg"; Value = ""; VariantName = "[No Variations]"
Add component (AddParameter): Name = "Mfg Part Number"; Value = ""; VariantName = "[No Variations]"
Add component (AddParameter): Name = "NI"; Value = ""; VariantName = "[No Variations]"
Add component (AddParameter): Name = "Package"; Value = "0402"; VariantName = "[No Variations]"
Add component (AddParameter): Name = "Power"; Value = ""; VariantName = "[No Variations]"
Add component (AddParameter): Name = "Precision"; Value = "10%"; VariantName = "[No Variations]"
Add component (AddParameter): Name = "Temperature"; Value = ""; VariantName = "[No Variations]"
Add component (AddParameter): Name = "Value"; Value = "22u"; VariantName = "[No Variations]"
Add component (AddParameter): Name = "VerifiedBy"; Value = ""; VariantName = "[No Variations]"
Add component (AddParameter): Name = "Voltage"; Value = "50V"; VariantName = "[No Variations]"
Added Component: Designator=C137(CAP_0402)
Add component (AddParameter): Name = "CreatedBy"; Value = "Jonathan Bouchard"; VariantName = "[No Variations]"
Add component (AddParameter): Name = "Current"; Value = ""; VariantName = "[No Variations]"
Add component (AddParameter): Name = "FootprintNameOK"; Value = ""; VariantName = "[No Variations]"
Add component (AddParameter): Name = "HelpURL"; Value = ""; VariantName = "[No Variations]"
Add component (AddParameter): Name = "Mfg"; Value = ""; VariantName = "[No Variations]"
Add component (AddParameter): Name = "Mfg Part Number"; Value = ""; VariantName = "[No Variations]"
Add component (AddParameter): Name = "NI"; Value = ""; VariantName = "[No Variations]"
Add component (AddParameter): Name = "Package"; Value = "0402"; VariantName = "[No Variations]"
Add component (AddParameter): Name = "Power"; Value = ""; VariantName = "[No Variations]"
Add component (AddParameter): Name = "Precision"; Value = "10%"; VariantName = "[No Variations]"
Add component (AddParameter): Name = "Temperature"; Value = ""; VariantName = "[No Variations]"
Add component (AddParameter): Name = "Value"; Value = "100n"; VariantName = "[No Variations]"
Add component (AddParameter): Name = "VerifiedBy"; Value = ""; VariantName = "[No Variations]"
Add component (AddParameter): Name = "Voltage"; Value = "50V"; VariantName = "[No Variations]"
Added Component: Designator=C138(CAP_0402)
Add component (AddParameter): Name = "CreatedBy"; Value = "Jonathan Bouchard"; VariantName = "[No Variations]"
Add component (AddParameter): Name = "Current"; Value = ""; VariantName = "[No Variations]"
Add component (AddParameter): Name = "FootprintNameOK"; Value = ""; VariantName = "[No Variations]"
Add component (AddParameter): Name = "HelpURL"; Value = ""; VariantName = "[No Variations]"
Add component (AddParameter): Name = "Mfg"; Value = ""; VariantName = "[No Variations]"
Add component (AddParameter): Name = "Mfg Part Number"; Value = ""; VariantName = "[No Variations]"
Add component (AddParameter): Name = "NI"; Value = ""; VariantName = "[No Variations]"
Add component (AddParameter): Name = "Package"; Value = "0402"; VariantName = "[No Variations]"
Add component (AddParameter): Name = "Power"; Value = ""; VariantName = "[No Variations]"
Add component (AddParameter): Name = "Precision"; Value = "10%"; VariantName = "[No Variations]"
Add component (AddParameter): Name = "Temperature"; Value = ""; VariantName = "[No Variations]"
Add component (AddParameter): Name = "Value"; Value = "100n"; VariantName = "[No Variations]"
Add component (AddParameter): Name = "VerifiedBy"; Value = ""; VariantName = "[No Variations]"
Add component (AddParameter): Name = "Voltage"; Value = "50V"; VariantName = "[No Variations]"
Added Component: Designator=C139(CAP_0402)
Add component (AddParameter): Name = "CreatedBy"; Value = "Jonathan Bouchard"; VariantName = "[No Variations]"
Add component (AddParameter): Name = "Current"; Value = ""; VariantName = "[No Variations]"
Add component (AddParameter): Name = "FootprintNameOK"; Value = ""; VariantName = "[No Variations]"
Add component (AddParameter): Name = "HelpURL"; Value = ""; VariantName = "[No Variations]"
Add component (AddParameter): Name = "Mfg"; Value = ""; VariantName = "[No Variations]"
Add component (AddParameter): Name = "Mfg Part Number"; Value = ""; VariantName = "[No Variations]"
Add component (AddParameter): Name = "NI"; Value = ""; VariantName = "[No Variations]"
Add component (AddParameter): Name = "Package"; Value = "0402"; VariantName = "[No Variations]"
Add component (AddParameter): Name = "Power"; Value = ""; VariantName = "[No Variations]"
Add component (AddParameter): Name = "Precision"; Value = "10%"; VariantName = "[No Variations]"
Add component (AddParameter): Name = "Temperature"; Value = ""; VariantName = "[No Variations]"
Add component (AddParameter): Name = "Value"; Value = "10n"; VariantName = "[No Variations]"
Add component (AddParameter): Name = "VerifiedBy"; Value = ""; VariantName = "[No Variations]"
Add component (AddParameter): Name = "Voltage"; Value = "50V"; VariantName = "[No Variations]"
Added Component: Designator=C140(CAP_0402)
Add component (AddParameter): Name = "CreatedBy"; Value = "Jonathan Bouchard"; VariantName = "[No Variations]"
Add component (AddParameter): Name = "Current"; Value = ""; VariantName = "[No Variations]"
Add component (AddParameter): Name = "FootprintNameOK"; Value = ""; VariantName = "[No Variations]"
Add component (AddParameter): Name = "HelpURL"; Value = ""; VariantName = "[No Variations]"
Add component (AddParameter): Name = "Mfg"; Value = ""; VariantName = "[No Variations]"
Add component (AddParameter): Name = "Mfg Part Number"; Value = ""; VariantName = "[No Variations]"
Add component (AddParameter): Name = "NI"; Value = ""; VariantName = "[No Variations]"
Add component (AddParameter): Name = "Package"; Value = "0402"; VariantName = "[No Variations]"
Add component (AddParameter): Name = "Power"; Value = ""; VariantName = "[No Variations]"
Add component (AddParameter): Name = "Precision"; Value = "10%"; VariantName = "[No Variations]"
Add component (AddParameter): Name = "Temperature"; Value = ""; VariantName = "[No Variations]"
Add component (AddParameter): Name = "Value"; Value = "100n"; VariantName = "[No Variations]"
Add component (AddParameter): Name = "VerifiedBy"; Value = ""; VariantName = "[No Variations]"
Add component (AddParameter): Name = "Voltage"; Value = "50V"; VariantName = "[No Variations]"
Added Component: Designator=C141(CAP_0402)
Add component (AddParameter): Name = "CreatedBy"; Value = "Jonathan Bouchard"; VariantName = "[No Variations]"
Add component (AddParameter): Name = "Current"; Value = ""; VariantName = "[No Variations]"
Add component (AddParameter): Name = "FootprintNameOK"; Value = ""; VariantName = "[No Variations]"
Add component (AddParameter): Name = "HelpURL"; Value = ""; VariantName = "[No Variations]"
Add component (AddParameter): Name = "Mfg"; Value = ""; VariantName = "[No Variations]"
Add component (AddParameter): Name = "Mfg Part Number"; Value = ""; VariantName = "[No Variations]"
Add component (AddParameter): Name = "NI"; Value = ""; VariantName = "[No Variations]"
Add component (AddParameter): Name = "Package"; Value = "0402"; VariantName = "[No Variations]"
Add component (AddParameter): Name = "Power"; Value = ""; VariantName = "[No Variations]"
Add component (AddParameter): Name = "Precision"; Value = "10%"; VariantName = "[No Variations]"
Add component (AddParameter): Name = "Temperature"; Value = ""; VariantName = "[No Variations]"
Add component (AddParameter): Name = "Value"; Value = "100n"; VariantName = "[No Variations]"
Add component (AddParameter): Name = "VerifiedBy"; Value = ""; VariantName = "[No Variations]"
Add component (AddParameter): Name = "Voltage"; Value = "50V"; VariantName = "[No Variations]"
Added Component: Designator=C142(CAP_0402)
Add component (AddParameter): Name = "CreatedBy"; Value = "Jonathan Bouchard"; VariantName = "[No Variations]"
Add component (AddParameter): Name = "Current"; Value = ""; VariantName = "[No Variations]"
Add component (AddParameter): Name = "FootprintNameOK"; Value = ""; VariantName = "[No Variations]"
Add component (AddParameter): Name = "HelpURL"; Value = ""; VariantName = "[No Variations]"
Add component (AddParameter): Name = "Mfg"; Value = ""; VariantName = "[No Variations]"
Add component (AddParameter): Name = "Mfg Part Number"; Value = ""; VariantName = "[No Variations]"
Add component (AddParameter): Name = "NI"; Value = ""; VariantName = "[No Variations]"
Add component (AddParameter): Name = "Package"; Value = "0402"; VariantName = "[No Variations]"
Add component (AddParameter): Name = "Power"; Value = ""; VariantName = "[No Variations]"
Add component (AddParameter): Name = "Precision"; Value = "10%"; VariantName = "[No Variations]"
Add component (AddParameter): Name = "Temperature"; Value = ""; VariantName = "[No Variations]"
Add component (AddParameter): Name = "Value"; Value = "4.7u"; VariantName = "[No Variations]"
Add component (AddParameter): Name = "VerifiedBy"; Value = ""; VariantName = "[No Variations]"
Add component (AddParameter): Name = "Voltage"; Value = "50V"; VariantName = "[No Variations]"
Added Component: Designator=C143(CAP_0402)
Add component (AddParameter): Name = "CreatedBy"; Value = "Jonathan Bouchard"; VariantName = "[No Variations]"
Add component (AddParameter): Name = "Current"; Value = ""; VariantName = "[No Variations]"
Add component (AddParameter): Name = "FootprintNameOK"; Value = ""; VariantName = "[No Variations]"
Add component (AddParameter): Name = "HelpURL"; Value = ""; VariantName = "[No Variations]"
Add component (AddParameter): Name = "Mfg"; Value = ""; VariantName = "[No Variations]"
Add component (AddParameter): Name = "Mfg Part Number"; Value = ""; VariantName = "[No Variations]"
Add component (AddParameter): Name = "NI"; Value = ""; VariantName = "[No Variations]"
Add component (AddParameter): Name = "Package"; Value = "0402"; VariantName = "[No Variations]"
Add component (AddParameter): Name = "Power"; Value = ""; VariantName = "[No Variations]"
Add component (AddParameter): Name = "Precision"; Value = "10%"; VariantName = "[No Variations]"
Add component (AddParameter): Name = "Temperature"; Value = ""; VariantName = "[No Variations]"
Add component (AddParameter): Name = "Value"; Value = "4.7u"; VariantName = "[No Variations]"
Add component (AddParameter): Name = "VerifiedBy"; Value = ""; VariantName = "[No Variations]"
Add component (AddParameter): Name = "Voltage"; Value = "50V"; VariantName = "[No Variations]"
Added Component: Designator=C144(CAP_0402)
Add component (AddParameter): Name = "CreatedBy"; Value = "Jonathan Bouchard"; VariantName = "[No Variations]"
Add component (AddParameter): Name = "Current"; Value = ""; VariantName = "[No Variations]"
Add component (AddParameter): Name = "FootprintNameOK"; Value = ""; VariantName = "[No Variations]"
Add component (AddParameter): Name = "HelpURL"; Value = ""; VariantName = "[No Variations]"
Add component (AddParameter): Name = "Mfg"; Value = ""; VariantName = "[No Variations]"
Add component (AddParameter): Name = "Mfg Part Number"; Value = ""; VariantName = "[No Variations]"
Add component (AddParameter): Name = "NI"; Value = ""; VariantName = "[No Variations]"
Add component (AddParameter): Name = "Package"; Value = "0402"; VariantName = "[No Variations]"
Add component (AddParameter): Name = "Power"; Value = ""; VariantName = "[No Variations]"
Add component (AddParameter): Name = "Precision"; Value = "10%"; VariantName = "[No Variations]"
Add component (AddParameter): Name = "Temperature"; Value = ""; VariantName = "[No Variations]"
Add component (AddParameter): Name = "Value"; Value = "100u"; VariantName = "[No Variations]"
Add component (AddParameter): Name = "VerifiedBy"; Value = ""; VariantName = "[No Variations]"
Add component (AddParameter): Name = "Voltage"; Value = "50V"; VariantName = "[No Variations]"
Added Component: Designator=C145(CAP_0402)
Add component (AddParameter): Name = "CreatedBy"; Value = "Jonathan Bouchard"; VariantName = "[No Variations]"
Add component (AddParameter): Name = "Current"; Value = ""; VariantName = "[No Variations]"
Add component (AddParameter): Name = "FootprintNameOK"; Value = ""; VariantName = "[No Variations]"
Add component (AddParameter): Name = "HelpURL"; Value = ""; VariantName = "[No Variations]"
Add component (AddParameter): Name = "Mfg"; Value = ""; VariantName = "[No Variations]"
Add component (AddParameter): Name = "Mfg Part Number"; Value = ""; VariantName = "[No Variations]"
Add component (AddParameter): Name = "NI"; Value = ""; VariantName = "[No Variations]"
Add component (AddParameter): Name = "Package"; Value = "0402"; VariantName = "[No Variations]"
Add component (AddParameter): Name = "Power"; Value = ""; VariantName = "[No Variations]"
Add component (AddParameter): Name = "Precision"; Value = "10%"; VariantName = "[No Variations]"
Add component (AddParameter): Name = "Temperature"; Value = ""; VariantName = "[No Variations]"
Add component (AddParameter): Name = "Value"; Value = "100u"; VariantName = "[No Variations]"
Add component (AddParameter): Name = "VerifiedBy"; Value = ""; VariantName = "[No Variations]"
Add component (AddParameter): Name = "Voltage"; Value = "50V"; VariantName = "[No Variations]"
Added Component: Designator=C146(CAP_0402)
Add component (AddParameter): Name = "CreatedBy"; Value = "Jonathan Bouchard"; VariantName = "[No Variations]"
Add component (AddParameter): Name = "Current"; Value = ""; VariantName = "[No Variations]"
Add component (AddParameter): Name = "FootprintNameOK"; Value = ""; VariantName = "[No Variations]"
Add component (AddParameter): Name = "HelpURL"; Value = ""; VariantName = "[No Variations]"
Add component (AddParameter): Name = "Mfg"; Value = ""; VariantName = "[No Variations]"
Add component (AddParameter): Name = "Mfg Part Number"; Value = ""; VariantName = "[No Variations]"
Add component (AddParameter): Name = "NI"; Value = ""; VariantName = "[No Variations]"
Add component (AddParameter): Name = "Package"; Value = "0402"; VariantName = "[No Variations]"
Add component (AddParameter): Name = "Power"; Value = ""; VariantName = "[No Variations]"
Add component (AddParameter): Name = "Precision"; Value = "10%"; VariantName = "[No Variations]"
Add component (AddParameter): Name = "Temperature"; Value = ""; VariantName = "[No Variations]"
Add component (AddParameter): Name = "Value"; Value = "100n"; VariantName = "[No Variations]"
Add component (AddParameter): Name = "VerifiedBy"; Value = ""; VariantName = "[No Variations]"
Add component (AddParameter): Name = "Voltage"; Value = "50V"; VariantName = "[No Variations]"
Added Component: Designator=C147(CAP_0402)
Add component (AddParameter): Name = "CreatedBy"; Value = "Jonathan Bouchard"; VariantName = "[No Variations]"
Add component (AddParameter): Name = "Current"; Value = ""; VariantName = "[No Variations]"
Add component (AddParameter): Name = "FootprintNameOK"; Value = ""; VariantName = "[No Variations]"
Add component (AddParameter): Name = "HelpURL"; Value = ""; VariantName = "[No Variations]"
Add component (AddParameter): Name = "Mfg"; Value = ""; VariantName = "[No Variations]"
Add component (AddParameter): Name = "Mfg Part Number"; Value = ""; VariantName = "[No Variations]"
Add component (AddParameter): Name = "NI"; Value = ""; VariantName = "[No Variations]"
Add component (AddParameter): Name = "Package"; Value = "0402"; VariantName = "[No Variations]"
Add component (AddParameter): Name = "Power"; Value = ""; VariantName = "[No Variations]"
Add component (AddParameter): Name = "Precision"; Value = "10%"; VariantName = "[No Variations]"
Add component (AddParameter): Name = "Temperature"; Value = ""; VariantName = "[No Variations]"
Add component (AddParameter): Name = "Value"; Value = "1uF"; VariantName = "[No Variations]"
Add component (AddParameter): Name = "VerifiedBy"; Value = ""; VariantName = "[No Variations]"
Add component (AddParameter): Name = "Voltage"; Value = "35V"; VariantName = "[No Variations]"
Added Component: Designator=C148(CAP_0402)
Add component (AddParameter): Name = "CreatedBy"; Value = "Jonathan Bouchard"; VariantName = "[No Variations]"
Add component (AddParameter): Name = "Current"; Value = ""; VariantName = "[No Variations]"
Add component (AddParameter): Name = "FootprintNameOK"; Value = ""; VariantName = "[No Variations]"
Add component (AddParameter): Name = "HelpURL"; Value = ""; VariantName = "[No Variations]"
Add component (AddParameter): Name = "Mfg"; Value = ""; VariantName = "[No Variations]"
Add component (AddParameter): Name = "Mfg Part Number"; Value = ""; VariantName = "[No Variations]"
Add component (AddParameter): Name = "NI"; Value = ""; VariantName = "[No Variations]"
Add component (AddParameter): Name = "Package"; Value = "0402"; VariantName = "[No Variations]"
Add component (AddParameter): Name = "Power"; Value = ""; VariantName = "[No Variations]"
Add component (AddParameter): Name = "Precision"; Value = "10%"; VariantName = "[No Variations]"
Add component (AddParameter): Name = "Temperature"; Value = ""; VariantName = "[No Variations]"
Add component (AddParameter): Name = "Value"; Value = "1uF"; VariantName = "[No Variations]"
Add component (AddParameter): Name = "VerifiedBy"; Value = ""; VariantName = "[No Variations]"
Add component (AddParameter): Name = "Voltage"; Value = "35V"; VariantName = "[No Variations]"
Added Component: Designator=C149(CAP_0402)
Add component (AddParameter): Name = "CreatedBy"; Value = "Jonathan Bouchard"; VariantName = "[No Variations]"
Add component (AddParameter): Name = "Current"; Value = ""; VariantName = "[No Variations]"
Add component (AddParameter): Name = "FootprintNameOK"; Value = ""; VariantName = "[No Variations]"
Add component (AddParameter): Name = "HelpURL"; Value = ""; VariantName = "[No Variations]"
Add component (AddParameter): Name = "Mfg"; Value = ""; VariantName = "[No Variations]"
Add component (AddParameter): Name = "Mfg Part Number"; Value = ""; VariantName = "[No Variations]"
Add component (AddParameter): Name = "NI"; Value = ""; VariantName = "[No Variations]"
Add component (AddParameter): Name = "Package"; Value = "0402"; VariantName = "[No Variations]"
Add component (AddParameter): Name = "Power"; Value = ""; VariantName = "[No Variations]"
Add component (AddParameter): Name = "Precision"; Value = "10%"; VariantName = "[No Variations]"
Add component (AddParameter): Name = "Temperature"; Value = ""; VariantName = "[No Variations]"
Add component (AddParameter): Name = "Value"; Value = "100n"; VariantName = "[No Variations]"
Add component (AddParameter): Name = "VerifiedBy"; Value = ""; VariantName = "[No Variations]"
Add component (AddParameter): Name = "Voltage"; Value = "35V"; VariantName = "[No Variations]"
Added Component: Designator=C150(CAP_0402)
Add component (AddParameter): Name = "CreatedBy"; Value = "Jonathan Bouchard"; VariantName = "[No Variations]"
Add component (AddParameter): Name = "Current"; Value = ""; VariantName = "[No Variations]"
Add component (AddParameter): Name = "FootprintNameOK"; Value = ""; VariantName = "[No Variations]"
Add component (AddParameter): Name = "HelpURL"; Value = ""; VariantName = "[No Variations]"
Add component (AddParameter): Name = "Mfg"; Value = ""; VariantName = "[No Variations]"
Add component (AddParameter): Name = "Mfg Part Number"; Value = ""; VariantName = "[No Variations]"
Add component (AddParameter): Name = "NI"; Value = ""; VariantName = "[No Variations]"
Add component (AddParameter): Name = "Package"; Value = "0402"; VariantName = "[No Variations]"
Add component (AddParameter): Name = "Power"; Value = ""; VariantName = "[No Variations]"
Add component (AddParameter): Name = "Precision"; Value = "10%"; VariantName = "[No Variations]"
Add component (AddParameter): Name = "Temperature"; Value = ""; VariantName = "[No Variations]"
Add component (AddParameter): Name = "Value"; Value = "100n"; VariantName = "[No Variations]"
Add component (AddParameter): Name = "VerifiedBy"; Value = ""; VariantName = "[No Variations]"
Add component (AddParameter): Name = "Voltage"; Value = "35V"; VariantName = "[No Variations]"
Added Component: Designator=C151(CAP_0805)
Add component (AddParameter): Name = "CreatedBy"; Value = "Jonathan Bouchard"; VariantName = "[No Variations]"
Add component (AddParameter): Name = "Current"; Value = ""; VariantName = "[No Variations]"
Add component (AddParameter): Name = "FootprintNameOK"; Value = ""; VariantName = "[No Variations]"
Add component (AddParameter): Name = "HelpURL"; Value = ""; VariantName = "[No Variations]"
Add component (AddParameter): Name = "Mfg"; Value = ""; VariantName = "[No Variations]"
Add component (AddParameter): Name = "Mfg Part Number"; Value = ""; VariantName = "[No Variations]"
Add component (AddParameter): Name = "NI"; Value = ""; VariantName = "[No Variations]"
Add component (AddParameter): Name = "Package"; Value = "0805"; VariantName = "[No Variations]"
Add component (AddParameter): Name = "Power"; Value = ""; VariantName = "[No Variations]"
Add component (AddParameter): Name = "Precision"; Value = "10%"; VariantName = "[No Variations]"
Add component (AddParameter): Name = "Temperature"; Value = ""; VariantName = "[No Variations]"
Add component (AddParameter): Name = "Value"; Value = "0.1"; VariantName = "[No Variations]"
Add component (AddParameter): Name = "VerifiedBy"; Value = ""; VariantName = "[No Variations]"
Add component (AddParameter): Name = "Voltage"; Value = "50V"; VariantName = "[No Variations]"
Added Component: Designator=C152(CAP_0402)
Add component (AddParameter): Name = "CreatedBy"; Value = "Jonathan Bouchard"; VariantName = "[No Variations]"
Add component (AddParameter): Name = "Current"; Value = ""; VariantName = "[No Variations]"
Add component (AddParameter): Name = "FootprintNameOK"; Value = ""; VariantName = "[No Variations]"
Add component (AddParameter): Name = "HelpURL"; Value = ""; VariantName = "[No Variations]"
Add component (AddParameter): Name = "Mfg"; Value = ""; VariantName = "[No Variations]"
Add component (AddParameter): Name = "Mfg Part Number"; Value = ""; VariantName = "[No Variations]"
Add component (AddParameter): Name = "NI"; Value = ""; VariantName = "[No Variations]"
Add component (AddParameter): Name = "Package"; Value = "0402"; VariantName = "[No Variations]"
Add component (AddParameter): Name = "Power"; Value = ""; VariantName = "[No Variations]"
Add component (AddParameter): Name = "Precision"; Value = "10%"; VariantName = "[No Variations]"
Add component (AddParameter): Name = "Temperature"; Value = ""; VariantName = "[No Variations]"
Add component (AddParameter): Name = "Value"; Value = "22u"; VariantName = "[No Variations]"
Add component (AddParameter): Name = "VerifiedBy"; Value = ""; VariantName = "[No Variations]"
Add component (AddParameter): Name = "Voltage"; Value = "50V"; VariantName = "[No Variations]"
Added Component: Designator=C153(CAP_0402)
Add component (AddParameter): Name = "CreatedBy"; Value = "Jonathan Bouchard"; VariantName = "[No Variations]"
Add component (AddParameter): Name = "Current"; Value = ""; VariantName = "[No Variations]"
Add component (AddParameter): Name = "FootprintNameOK"; Value = ""; VariantName = "[No Variations]"
Add component (AddParameter): Name = "HelpURL"; Value = ""; VariantName = "[No Variations]"
Add component (AddParameter): Name = "Mfg"; Value = ""; VariantName = "[No Variations]"
Add component (AddParameter): Name = "Mfg Part Number"; Value = ""; VariantName = "[No Variations]"
Add component (AddParameter): Name = "NI"; Value = ""; VariantName = "[No Variations]"
Add component (AddParameter): Name = "Package"; Value = "0402"; VariantName = "[No Variations]"
Add component (AddParameter): Name = "Power"; Value = ""; VariantName = "[No Variations]"
Add component (AddParameter): Name = "Precision"; Value = "10%"; VariantName = "[No Variations]"
Add component (AddParameter): Name = "Temperature"; Value = ""; VariantName = "[No Variations]"
Add component (AddParameter): Name = "Value"; Value = "22u"; VariantName = "[No Variations]"
Add component (AddParameter): Name = "VerifiedBy"; Value = ""; VariantName = "[No Variations]"
Add component (AddParameter): Name = "Voltage"; Value = "50V"; VariantName = "[No Variations]"
Added Component: Designator=C154(CAP_0805)
Add component (AddParameter): Name = "CreatedBy"; Value = "Jonathan Bouchard"; VariantName = "[No Variations]"
Add component (AddParameter): Name = "Current"; Value = ""; VariantName = "[No Variations]"
Add component (AddParameter): Name = "FootprintNameOK"; Value = ""; VariantName = "[No Variations]"
Add component (AddParameter): Name = "HelpURL"; Value = ""; VariantName = "[No Variations]"
Add component (AddParameter): Name = "Mfg"; Value = ""; VariantName = "[No Variations]"
Add component (AddParameter): Name = "Mfg Part Number"; Value = ""; VariantName = "[No Variations]"
Add component (AddParameter): Name = "NI"; Value = ""; VariantName = "[No Variations]"
Add component (AddParameter): Name = "Package"; Value = "0805"; VariantName = "[No Variations]"
Add component (AddParameter): Name = "Power"; Value = ""; VariantName = "[No Variations]"
Add component (AddParameter): Name = "Precision"; Value = "10%"; VariantName = "[No Variations]"
Add component (AddParameter): Name = "Temperature"; Value = ""; VariantName = "[No Variations]"
Add component (AddParameter): Name = "Value"; Value = "22u"; VariantName = "[No Variations]"
Add component (AddParameter): Name = "VerifiedBy"; Value = ""; VariantName = "[No Variations]"
Add component (AddParameter): Name = "Voltage"; Value = "50V"; VariantName = "[No Variations]"
Added Component: Designator=C155(CAP_0805)
Add component (AddParameter): Name = "CreatedBy"; Value = "Jonathan Bouchard"; VariantName = "[No Variations]"
Add component (AddParameter): Name = "Current"; Value = ""; VariantName = "[No Variations]"
Add component (AddParameter): Name = "FootprintNameOK"; Value = ""; VariantName = "[No Variations]"
Add component (AddParameter): Name = "HelpURL"; Value = ""; VariantName = "[No Variations]"
Add component (AddParameter): Name = "Mfg"; Value = ""; VariantName = "[No Variations]"
Add component (AddParameter): Name = "Mfg Part Number"; Value = ""; VariantName = "[No Variations]"
Add component (AddParameter): Name = "NI"; Value = ""; VariantName = "[No Variations]"
Add component (AddParameter): Name = "Package"; Value = "0805"; VariantName = "[No Variations]"
Add component (AddParameter): Name = "Power"; Value = ""; VariantName = "[No Variations]"
Add component (AddParameter): Name = "Precision"; Value = "10%"; VariantName = "[No Variations]"
Add component (AddParameter): Name = "Temperature"; Value = ""; VariantName = "[No Variations]"
Add component (AddParameter): Name = "Value"; Value = "0.1"; VariantName = "[No Variations]"
Add component (AddParameter): Name = "VerifiedBy"; Value = ""; VariantName = "[No Variations]"
Add component (AddParameter): Name = "Voltage"; Value = "50V"; VariantName = "[No Variations]"
Added Component: Designator=C156(CAP_0402)
Add component (AddParameter): Name = "CreatedBy"; Value = "Jonathan Bouchard"; VariantName = "[No Variations]"
Add component (AddParameter): Name = "Current"; Value = ""; VariantName = "[No Variations]"
Add component (AddParameter): Name = "FootprintNameOK"; Value = ""; VariantName = "[No Variations]"
Add component (AddParameter): Name = "HelpURL"; Value = ""; VariantName = "[No Variations]"
Add component (AddParameter): Name = "Mfg"; Value = ""; VariantName = "[No Variations]"
Add component (AddParameter): Name = "Mfg Part Number"; Value = ""; VariantName = "[No Variations]"
Add component (AddParameter): Name = "NI"; Value = ""; VariantName = "[No Variations]"
Add component (AddParameter): Name = "Package"; Value = "0402"; VariantName = "[No Variations]"
Add component (AddParameter): Name = "Power"; Value = ""; VariantName = "[No Variations]"
Add component (AddParameter): Name = "Precision"; Value = "10%"; VariantName = "[No Variations]"
Add component (AddParameter): Name = "Temperature"; Value = ""; VariantName = "[No Variations]"
Add component (AddParameter): Name = "Value"; Value = "0.1u"; VariantName = "[No Variations]"
Add component (AddParameter): Name = "VerifiedBy"; Value = ""; VariantName = "[No Variations]"
Add component (AddParameter): Name = "Voltage"; Value = "50V"; VariantName = "[No Variations]"
Added Component: Designator=C157(CAP_0402)
Add component (AddParameter): Name = "CreatedBy"; Value = "Jonathan Bouchard"; VariantName = "[No Variations]"
Add component (AddParameter): Name = "Current"; Value = ""; VariantName = "[No Variations]"
Add component (AddParameter): Name = "FootprintNameOK"; Value = ""; VariantName = "[No Variations]"
Add component (AddParameter): Name = "HelpURL"; Value = ""; VariantName = "[No Variations]"
Add component (AddParameter): Name = "Mfg"; Value = ""; VariantName = "[No Variations]"
Add component (AddParameter): Name = "Mfg Part Number"; Value = ""; VariantName = "[No Variations]"
Add component (AddParameter): Name = "NI"; Value = ""; VariantName = "[No Variations]"
Add component (AddParameter): Name = "Package"; Value = "0402"; VariantName = "[No Variations]"
Add component (AddParameter): Name = "Power"; Value = ""; VariantName = "[No Variations]"
Add component (AddParameter): Name = "Precision"; Value = "10%"; VariantName = "[No Variations]"
Add component (AddParameter): Name = "Temperature"; Value = ""; VariantName = "[No Variations]"
Add component (AddParameter): Name = "Value"; Value = "1000p"; VariantName = "[No Variations]"
Add component (AddParameter): Name = "VerifiedBy"; Value = ""; VariantName = "[No Variations]"
Add component (AddParameter): Name = "Voltage"; Value = "50V"; VariantName = "[No Variations]"
Added Component: Designator=C158(CAP_0402)
Add component (AddParameter): Name = "CreatedBy"; Value = "Jonathan Bouchard"; VariantName = "[No Variations]"
Add component (AddParameter): Name = "Current"; Value = ""; VariantName = "[No Variations]"
Add component (AddParameter): Name = "FootprintNameOK"; Value = ""; VariantName = "[No Variations]"
Add component (AddParameter): Name = "HelpURL"; Value = ""; VariantName = "[No Variations]"
Add component (AddParameter): Name = "Mfg"; Value = ""; VariantName = "[No Variations]"
Add component (AddParameter): Name = "Mfg Part Number"; Value = ""; VariantName = "[No Variations]"
Add component (AddParameter): Name = "NI"; Value = ""; VariantName = "[No Variations]"
Add component (AddParameter): Name = "Package"; Value = "0402"; VariantName = "[No Variations]"
Add component (AddParameter): Name = "Power"; Value = ""; VariantName = "[No Variations]"
Add component (AddParameter): Name = "Precision"; Value = "10%"; VariantName = "[No Variations]"
Add component (AddParameter): Name = "Temperature"; Value = ""; VariantName = "[No Variations]"
Add component (AddParameter): Name = "Value"; Value = "1000p"; VariantName = "[No Variations]"
Add component (AddParameter): Name = "VerifiedBy"; Value = ""; VariantName = "[No Variations]"
Add component (AddParameter): Name = "Voltage"; Value = "50V"; VariantName = "[No Variations]"
Added Component: Designator=C159(CAP_ALU_1010_vishay)
Add component (AddParameter): Name = "CreatedBy"; Value = "Jonathan Bouchard"; VariantName = "[No Variations]"
Add component (AddParameter): Name = "Current"; Value = "490mA"; VariantName = "[No Variations]"
Add component (AddParameter): Name = "FootprintNameOK"; Value = ""; VariantName = "[No Variations]"
Add component (AddParameter): Name = "HelpURL"; Value = "http://www.vishay.com/docs/28395/150crz.pdf"; VariantName = "[No Variations]"
Add component (AddParameter): Name = "Mfg"; Value = "Vishay Dale"; VariantName = "[No Variations]"
Add component (AddParameter): Name = "Mfg Part Number"; Value = "MAL215099101E3"; VariantName = "[No Variations]"
Add component (AddParameter): Name = "NI"; Value = ""; VariantName = "[No Variations]"
Add component (AddParameter): Name = "Package"; Value = "1010"; VariantName = "[No Variations]"
Add component (AddParameter): Name = "Power"; Value = ""; VariantName = "[No Variations]"
Add component (AddParameter): Name = "Precision"; Value = "20%"; VariantName = "[No Variations]"
Add component (AddParameter): Name = "Supplier 1"; Value = "Digikey"; VariantName = "[No Variations]"
Add component (AddParameter): Name = "Supplier Part Number 1"; Value = "4399PHDKR-ND"; VariantName = "[No Variations]"
Add component (AddParameter): Name = "Temperature"; Value = "-55°C to 125°C"; VariantName = "[No Variations]"
Add component (AddParameter): Name = "Value"; Value = "100uF"; VariantName = "[No Variations]"
Add component (AddParameter): Name = "VerifiedBy"; Value = ""; VariantName = "[No Variations]"
Add component (AddParameter): Name = "Voltage"; Value = "50V"; VariantName = "[No Variations]"
Added Component: Designator=C161(CAP_0402)
Add component (AddParameter): Name = "CreatedBy"; Value = "Jonathan Bouchard"; VariantName = "[No Variations]"
Add component (AddParameter): Name = "Current"; Value = ""; VariantName = "[No Variations]"
Add component (AddParameter): Name = "FootprintNameOK"; Value = ""; VariantName = "[No Variations]"
Add component (AddParameter): Name = "HelpURL"; Value = ""; VariantName = "[No Variations]"
Add component (AddParameter): Name = "Mfg"; Value = ""; VariantName = "[No Variations]"
Add component (AddParameter): Name = "Mfg Part Number"; Value = ""; VariantName = "[No Variations]"
Add component (AddParameter): Name = "NI"; Value = ""; VariantName = "[No Variations]"
Add component (AddParameter): Name = "Package"; Value = "0402"; VariantName = "[No Variations]"
Add component (AddParameter): Name = "Power"; Value = ""; VariantName = "[No Variations]"
Add component (AddParameter): Name = "Precision"; Value = "10%"; VariantName = "[No Variations]"
Add component (AddParameter): Name = "Temperature"; Value = ""; VariantName = "[No Variations]"
Add component (AddParameter): Name = "Value"; Value = "0.1u"; VariantName = "[No Variations]"
Add component (AddParameter): Name = "VerifiedBy"; Value = ""; VariantName = "[No Variations]"
Add component (AddParameter): Name = "Voltage"; Value = "50V"; VariantName = "[No Variations]"
Added Component: Designator=C162(CAP_0402)
Add component (AddParameter): Name = "CreatedBy"; Value = "Jonathan Bouchard"; VariantName = "[No Variations]"
Add component (AddParameter): Name = "Current"; Value = ""; VariantName = "[No Variations]"
Add component (AddParameter): Name = "FootprintNameOK"; Value = ""; VariantName = "[No Variations]"
Add component (AddParameter): Name = "HelpURL"; Value = ""; VariantName = "[No Variations]"
Add component (AddParameter): Name = "Mfg"; Value = ""; VariantName = "[No Variations]"
Add component (AddParameter): Name = "Mfg Part Number"; Value = ""; VariantName = "[No Variations]"
Add component (AddParameter): Name = "NI"; Value = ""; VariantName = "[No Variations]"
Add component (AddParameter): Name = "Package"; Value = "0402"; VariantName = "[No Variations]"
Add component (AddParameter): Name = "Power"; Value = ""; VariantName = "[No Variations]"
Add component (AddParameter): Name = "Precision"; Value = "10%"; VariantName = "[No Variations]"
Add component (AddParameter): Name = "Temperature"; Value = ""; VariantName = "[No Variations]"
Add component (AddParameter): Name = "Value"; Value = "0.1u"; VariantName = "[No Variations]"
Add component (AddParameter): Name = "VerifiedBy"; Value = ""; VariantName = "[No Variations]"
Add component (AddParameter): Name = "Voltage"; Value = "50V"; VariantName = "[No Variations]"
Added Component: Designator=C163(CAP_0402)
Add component (AddParameter): Name = "CreatedBy"; Value = "Jonathan Bouchard"; VariantName = "[No Variations]"
Add component (AddParameter): Name = "Current"; Value = ""; VariantName = "[No Variations]"
Add component (AddParameter): Name = "FootprintNameOK"; Value = ""; VariantName = "[No Variations]"
Add component (AddParameter): Name = "HelpURL"; Value = ""; VariantName = "[No Variations]"
Add component (AddParameter): Name = "Mfg"; Value = ""; VariantName = "[No Variations]"
Add component (AddParameter): Name = "Mfg Part Number"; Value = ""; VariantName = "[No Variations]"
Add component (AddParameter): Name = "NI"; Value = ""; VariantName = "[No Variations]"
Add component (AddParameter): Name = "Package"; Value = "0402"; VariantName = "[No Variations]"
Add component (AddParameter): Name = "Power"; Value = ""; VariantName = "[No Variations]"
Add component (AddParameter): Name = "Precision"; Value = "10%"; VariantName = "[No Variations]"
Add component (AddParameter): Name = "Temperature"; Value = ""; VariantName = "[No Variations]"
Add component (AddParameter): Name = "Value"; Value = "0.1u"; VariantName = "[No Variations]"
Add component (AddParameter): Name = "VerifiedBy"; Value = ""; VariantName = "[No Variations]"
Add component (AddParameter): Name = "Voltage"; Value = "50V"; VariantName = "[No Variations]"
Added Component: Designator=C164(CAP_0402)
Add component (AddParameter): Name = "CreatedBy"; Value = "Jonathan Bouchard"; VariantName = "[No Variations]"
Add component (AddParameter): Name = "Current"; Value = ""; VariantName = "[No Variations]"
Add component (AddParameter): Name = "FootprintNameOK"; Value = ""; VariantName = "[No Variations]"
Add component (AddParameter): Name = "HelpURL"; Value = ""; VariantName = "[No Variations]"
Add component (AddParameter): Name = "Mfg"; Value = ""; VariantName = "[No Variations]"
Add component (AddParameter): Name = "Mfg Part Number"; Value = "GCM1555C1H102FA16D"; VariantName = "[No Variations]"
Add component (AddParameter): Name = "NI"; Value = ""; VariantName = "[No Variations]"
Add component (AddParameter): Name = "Package"; Value = "0402"; VariantName = "[No Variations]"
Add component (AddParameter): Name = "Power"; Value = ""; VariantName = "[No Variations]"
Add component (AddParameter): Name = "Precision"; Value = "1%"; VariantName = "[No Variations]"
Add component (AddParameter): Name = "Temperature"; Value = ""; VariantName = "[No Variations]"
Add component (AddParameter): Name = "Value"; Value = "1nF"; VariantName = "[No Variations]"
Add component (AddParameter): Name = "VerifiedBy"; Value = ""; VariantName = "[No Variations]"
Add component (AddParameter): Name = "Voltage"; Value = "50V"; VariantName = "[No Variations]"
Added Component: Designator=C165(CAP_0402)
Add component (AddParameter): Name = "CreatedBy"; Value = "Jonathan Bouchard"; VariantName = "[No Variations]"
Add component (AddParameter): Name = "Current"; Value = ""; VariantName = "[No Variations]"
Add component (AddParameter): Name = "FootprintNameOK"; Value = ""; VariantName = "[No Variations]"
Add component (AddParameter): Name = "HelpURL"; Value = ""; VariantName = "[No Variations]"
Add component (AddParameter): Name = "Mfg"; Value = ""; VariantName = "[No Variations]"
Add component (AddParameter): Name = "Mfg Part Number"; Value = ""; VariantName = "[No Variations]"
Add component (AddParameter): Name = "NI"; Value = ""; VariantName = "[No Variations]"
Add component (AddParameter): Name = "Package"; Value = "0402"; VariantName = "[No Variations]"
Add component (AddParameter): Name = "Power"; Value = ""; VariantName = "[No Variations]"
Add component (AddParameter): Name = "Precision"; Value = "10%"; VariantName = "[No Variations]"
Add component (AddParameter): Name = "Temperature"; Value = ""; VariantName = "[No Variations]"
Add component (AddParameter): Name = "Value"; Value = "0.1u"; VariantName = "[No Variations]"
Add component (AddParameter): Name = "VerifiedBy"; Value = ""; VariantName = "[No Variations]"
Add component (AddParameter): Name = "Voltage"; Value = "50V"; VariantName = "[No Variations]"
Added Component: Designator=C166(CAP_0402)
Add component (AddParameter): Name = "CreatedBy"; Value = "Jonathan Bouchard"; VariantName = "[No Variations]"
Add component (AddParameter): Name = "Current"; Value = ""; VariantName = "[No Variations]"
Add component (AddParameter): Name = "FootprintNameOK"; Value = ""; VariantName = "[No Variations]"
Add component (AddParameter): Name = "HelpURL"; Value = ""; VariantName = "[No Variations]"
Add component (AddParameter): Name = "Mfg"; Value = ""; VariantName = "[No Variations]"
Add component (AddParameter): Name = "Mfg Part Number"; Value = "GCM1555C1H102FA16D"; VariantName = "[No Variations]"
Add component (AddParameter): Name = "NI"; Value = ""; VariantName = "[No Variations]"
Add component (AddParameter): Name = "Package"; Value = "0402"; VariantName = "[No Variations]"
Add component (AddParameter): Name = "Power"; Value = ""; VariantName = "[No Variations]"
Add component (AddParameter): Name = "Precision"; Value = "1%"; VariantName = "[No Variations]"
Add component (AddParameter): Name = "Temperature"; Value = ""; VariantName = "[No Variations]"
Add component (AddParameter): Name = "Value"; Value = "1nF"; VariantName = "[No Variations]"
Add component (AddParameter): Name = "VerifiedBy"; Value = ""; VariantName = "[No Variations]"
Add component (AddParameter): Name = "Voltage"; Value = "50V"; VariantName = "[No Variations]"
Added Component: Designator=C167(CAP_0805)
Add component (AddParameter): Name = "CreatedBy"; Value = "Jonathan Bouchard"; VariantName = "[No Variations]"
Add component (AddParameter): Name = "Current"; Value = ""; VariantName = "[No Variations]"
Add component (AddParameter): Name = "FootprintNameOK"; Value = ""; VariantName = "[No Variations]"
Add component (AddParameter): Name = "HelpURL"; Value = ""; VariantName = "[No Variations]"
Add component (AddParameter): Name = "Mfg"; Value = ""; VariantName = "[No Variations]"
Add component (AddParameter): Name = "Mfg Part Number"; Value = ""; VariantName = "[No Variations]"
Add component (AddParameter): Name = "NI"; Value = ""; VariantName = "[No Variations]"
Add component (AddParameter): Name = "Package"; Value = "0805"; VariantName = "[No Variations]"
Add component (AddParameter): Name = "Power"; Value = ""; VariantName = "[No Variations]"
Add component (AddParameter): Name = "Precision"; Value = "10%"; VariantName = "[No Variations]"
Add component (AddParameter): Name = "Temperature"; Value = ""; VariantName = "[No Variations]"
Add component (AddParameter): Name = "Value"; Value = "10uF"; VariantName = "[No Variations]"
Add component (AddParameter): Name = "VerifiedBy"; Value = ""; VariantName = "[No Variations]"
Add component (AddParameter): Name = "Voltage"; Value = "10V"; VariantName = "[No Variations]"
Added Component: Designator=C168(CAP_0402)
Add component (AddParameter): Name = "CreatedBy"; Value = "Jonathan Bouchard"; VariantName = "[No Variations]"
Add component (AddParameter): Name = "Current"; Value = ""; VariantName = "[No Variations]"
Add component (AddParameter): Name = "FootprintNameOK"; Value = ""; VariantName = "[No Variations]"
Add component (AddParameter): Name = "HelpURL"; Value = ""; VariantName = "[No Variations]"
Add component (AddParameter): Name = "Mfg"; Value = ""; VariantName = "[No Variations]"
Add component (AddParameter): Name = "Mfg Part Number"; Value = ""; VariantName = "[No Variations]"
Add component (AddParameter): Name = "NI"; Value = ""; VariantName = "[No Variations]"
Add component (AddParameter): Name = "Package"; Value = "0402"; VariantName = "[No Variations]"
Add component (AddParameter): Name = "Power"; Value = ""; VariantName = "[No Variations]"
Add component (AddParameter): Name = "Precision"; Value = "10%"; VariantName = "[No Variations]"
Add component (AddParameter): Name = "Temperature"; Value = ""; VariantName = "[No Variations]"
Add component (AddParameter): Name = "Value"; Value = "0.1uF"; VariantName = "[No Variations]"
Add component (AddParameter): Name = "VerifiedBy"; Value = ""; VariantName = "[No Variations]"
Add component (AddParameter): Name = "Voltage"; Value = "10V"; VariantName = "[No Variations]"
Added Component: Designator=C169(CAP_0402)
Add component (AddParameter): Name = "CreatedBy"; Value = "Jonathan Bouchard"; VariantName = "[No Variations]"
Add component (AddParameter): Name = "Current"; Value = ""; VariantName = "[No Variations]"
Add component (AddParameter): Name = "FootprintNameOK"; Value = ""; VariantName = "[No Variations]"
Add component (AddParameter): Name = "HelpURL"; Value = ""; VariantName = "[No Variations]"
Add component (AddParameter): Name = "Mfg"; Value = ""; VariantName = "[No Variations]"
Add component (AddParameter): Name = "Mfg Part Number"; Value = ""; VariantName = "[No Variations]"
Add component (AddParameter): Name = "NI"; Value = ""; VariantName = "[No Variations]"
Add component (AddParameter): Name = "Package"; Value = "0402"; VariantName = "[No Variations]"
Add component (AddParameter): Name = "Power"; Value = ""; VariantName = "[No Variations]"
Add component (AddParameter): Name = "Precision"; Value = "10%"; VariantName = "[No Variations]"
Add component (AddParameter): Name = "Temperature"; Value = ""; VariantName = "[No Variations]"
Add component (AddParameter): Name = "Value"; Value = "1uF"; VariantName = "[No Variations]"
Add component (AddParameter): Name = "VerifiedBy"; Value = ""; VariantName = "[No Variations]"
Add component (AddParameter): Name = "Voltage"; Value = "10V"; VariantName = "[No Variations]"
Added Component: Designator=C170(CAP_0402)
Add component (AddParameter): Name = "CreatedBy"; Value = "Jonathan Bouchard"; VariantName = "[No Variations]"
Add component (AddParameter): Name = "Current"; Value = ""; VariantName = "[No Variations]"
Add component (AddParameter): Name = "FootprintNameOK"; Value = ""; VariantName = "[No Variations]"
Add component (AddParameter): Name = "HelpURL"; Value = ""; VariantName = "[No Variations]"
Add component (AddParameter): Name = "Mfg"; Value = ""; VariantName = "[No Variations]"
Add component (AddParameter): Name = "Mfg Part Number"; Value = ""; VariantName = "[No Variations]"
Add component (AddParameter): Name = "NI"; Value = ""; VariantName = "[No Variations]"
Add component (AddParameter): Name = "Package"; Value = "0402"; VariantName = "[No Variations]"
Add component (AddParameter): Name = "Power"; Value = ""; VariantName = "[No Variations]"
Add component (AddParameter): Name = "Precision"; Value = "10%"; VariantName = "[No Variations]"
Add component (AddParameter): Name = "Temperature"; Value = ""; VariantName = "[No Variations]"
Add component (AddParameter): Name = "Value"; Value = "0.1uF"; VariantName = "[No Variations]"
Add component (AddParameter): Name = "VerifiedBy"; Value = ""; VariantName = "[No Variations]"
Add component (AddParameter): Name = "Voltage"; Value = "10V"; VariantName = "[No Variations]"
Added Component: Designator=C171(CAP_0402)
Add component (AddParameter): Name = "CreatedBy"; Value = "Jonathan Bouchard"; VariantName = "[No Variations]"
Add component (AddParameter): Name = "Current"; Value = ""; VariantName = "[No Variations]"
Add component (AddParameter): Name = "FootprintNameOK"; Value = ""; VariantName = "[No Variations]"
Add component (AddParameter): Name = "HelpURL"; Value = ""; VariantName = "[No Variations]"
Add component (AddParameter): Name = "Mfg"; Value = ""; VariantName = "[No Variations]"
Add component (AddParameter): Name = "Mfg Part Number"; Value = ""; VariantName = "[No Variations]"
Add component (AddParameter): Name = "NI"; Value = ""; VariantName = "[No Variations]"
Add component (AddParameter): Name = "Package"; Value = "0402"; VariantName = "[No Variations]"
Add component (AddParameter): Name = "Power"; Value = ""; VariantName = "[No Variations]"
Add component (AddParameter): Name = "Precision"; Value = "10%"; VariantName = "[No Variations]"
Add component (AddParameter): Name = "Temperature"; Value = ""; VariantName = "[No Variations]"
Add component (AddParameter): Name = "Value"; Value = "1uF"; VariantName = "[No Variations]"
Add component (AddParameter): Name = "VerifiedBy"; Value = ""; VariantName = "[No Variations]"
Add component (AddParameter): Name = "Voltage"; Value = "10V"; VariantName = "[No Variations]"
Added Component: Designator=C172(CAP_0402)
Add component (AddParameter): Name = "CreatedBy"; Value = "Jonathan Bouchard"; VariantName = "[No Variations]"
Add component (AddParameter): Name = "Current"; Value = ""; VariantName = "[No Variations]"
Add component (AddParameter): Name = "FootprintNameOK"; Value = ""; VariantName = "[No Variations]"
Add component (AddParameter): Name = "HelpURL"; Value = ""; VariantName = "[No Variations]"
Add component (AddParameter): Name = "Mfg"; Value = ""; VariantName = "[No Variations]"
Add component (AddParameter): Name = "Mfg Part Number"; Value = ""; VariantName = "[No Variations]"
Add component (AddParameter): Name = "NI"; Value = ""; VariantName = "[No Variations]"
Add component (AddParameter): Name = "Package"; Value = "0402"; VariantName = "[No Variations]"
Add component (AddParameter): Name = "Power"; Value = ""; VariantName = "[No Variations]"
Add component (AddParameter): Name = "Precision"; Value = "10%"; VariantName = "[No Variations]"
Add component (AddParameter): Name = "Temperature"; Value = ""; VariantName = "[No Variations]"
Add component (AddParameter): Name = "Value"; Value = "0.1uF"; VariantName = "[No Variations]"
Add component (AddParameter): Name = "VerifiedBy"; Value = ""; VariantName = "[No Variations]"
Add component (AddParameter): Name = "Voltage"; Value = "10V"; VariantName = "[No Variations]"
Added Component: Designator=C173(CAP_0402)
Add component (AddParameter): Name = "CreatedBy"; Value = "Jonathan Bouchard"; VariantName = "[No Variations]"
Add component (AddParameter): Name = "Current"; Value = ""; VariantName = "[No Variations]"
Add component (AddParameter): Name = "FootprintNameOK"; Value = ""; VariantName = "[No Variations]"
Add component (AddParameter): Name = "HelpURL"; Value = ""; VariantName = "[No Variations]"
Add component (AddParameter): Name = "Mfg"; Value = ""; VariantName = "[No Variations]"
Add component (AddParameter): Name = "Mfg Part Number"; Value = ""; VariantName = "[No Variations]"
Add component (AddParameter): Name = "NI"; Value = ""; VariantName = "[No Variations]"
Add component (AddParameter): Name = "Package"; Value = "0402"; VariantName = "[No Variations]"
Add component (AddParameter): Name = "Power"; Value = ""; VariantName = "[No Variations]"
Add component (AddParameter): Name = "Precision"; Value = "10%"; VariantName = "[No Variations]"
Add component (AddParameter): Name = "Temperature"; Value = ""; VariantName = "[No Variations]"
Add component (AddParameter): Name = "Value"; Value = "1uF"; VariantName = "[No Variations]"
Add component (AddParameter): Name = "VerifiedBy"; Value = ""; VariantName = "[No Variations]"
Add component (AddParameter): Name = "Voltage"; Value = "10V"; VariantName = "[No Variations]"
Added Component: Designator=C174(CAP_0402)
Add component (AddParameter): Name = "CreatedBy"; Value = "Jonathan Bouchard"; VariantName = "[No Variations]"
Add component (AddParameter): Name = "Current"; Value = ""; VariantName = "[No Variations]"
Add component (AddParameter): Name = "FootprintNameOK"; Value = ""; VariantName = "[No Variations]"
Add component (AddParameter): Name = "HelpURL"; Value = ""; VariantName = "[No Variations]"
Add component (AddParameter): Name = "Mfg"; Value = ""; VariantName = "[No Variations]"
Add component (AddParameter): Name = "Mfg Part Number"; Value = ""; VariantName = "[No Variations]"
Add component (AddParameter): Name = "NI"; Value = ""; VariantName = "[No Variations]"
Add component (AddParameter): Name = "Package"; Value = "0402"; VariantName = "[No Variations]"
Add component (AddParameter): Name = "Power"; Value = ""; VariantName = "[No Variations]"
Add component (AddParameter): Name = "Precision"; Value = "10%"; VariantName = "[No Variations]"
Add component (AddParameter): Name = "Temperature"; Value = ""; VariantName = "[No Variations]"
Add component (AddParameter): Name = "Value"; Value = "0.1uF"; VariantName = "[No Variations]"
Add component (AddParameter): Name = "VerifiedBy"; Value = ""; VariantName = "[No Variations]"
Add component (AddParameter): Name = "Voltage"; Value = "10V"; VariantName = "[No Variations]"
Added Component: Designator=C175(CAP_0402)
Add component (AddParameter): Name = "CreatedBy"; Value = "Jonathan Bouchard"; VariantName = "[No Variations]"
Add component (AddParameter): Name = "Current"; Value = ""; VariantName = "[No Variations]"
Add component (AddParameter): Name = "FootprintNameOK"; Value = ""; VariantName = "[No Variations]"
Add component (AddParameter): Name = "HelpURL"; Value = ""; VariantName = "[No Variations]"
Add component (AddParameter): Name = "Mfg"; Value = ""; VariantName = "[No Variations]"
Add component (AddParameter): Name = "Mfg Part Number"; Value = ""; VariantName = "[No Variations]"
Add component (AddParameter): Name = "NI"; Value = ""; VariantName = "[No Variations]"
Add component (AddParameter): Name = "Package"; Value = "0402"; VariantName = "[No Variations]"
Add component (AddParameter): Name = "Power"; Value = ""; VariantName = "[No Variations]"
Add component (AddParameter): Name = "Precision"; Value = "10%"; VariantName = "[No Variations]"
Add component (AddParameter): Name = "Temperature"; Value = ""; VariantName = "[No Variations]"
Add component (AddParameter): Name = "Value"; Value = "1nF"; VariantName = "[No Variations]"
Add component (AddParameter): Name = "VerifiedBy"; Value = ""; VariantName = "[No Variations]"
Add component (AddParameter): Name = "Voltage"; Value = "10V"; VariantName = "[No Variations]"
Added Component: Designator=C176(CAP_0402)
Add component (AddParameter): Name = "CreatedBy"; Value = "Jonathan Bouchard"; VariantName = "[No Variations]"
Add component (AddParameter): Name = "Current"; Value = ""; VariantName = "[No Variations]"
Add component (AddParameter): Name = "FootprintNameOK"; Value = ""; VariantName = "[No Variations]"
Add component (AddParameter): Name = "HelpURL"; Value = ""; VariantName = "[No Variations]"
Add component (AddParameter): Name = "Mfg"; Value = ""; VariantName = "[No Variations]"
Add component (AddParameter): Name = "Mfg Part Number"; Value = ""; VariantName = "[No Variations]"
Add component (AddParameter): Name = "NI"; Value = ""; VariantName = "[No Variations]"
Add component (AddParameter): Name = "Package"; Value = "0402"; VariantName = "[No Variations]"
Add component (AddParameter): Name = "Power"; Value = ""; VariantName = "[No Variations]"
Add component (AddParameter): Name = "Precision"; Value = "10%"; VariantName = "[No Variations]"
Add component (AddParameter): Name = "Temperature"; Value = ""; VariantName = "[No Variations]"
Add component (AddParameter): Name = "Value"; Value = "0.1uF"; VariantName = "[No Variations]"
Add component (AddParameter): Name = "VerifiedBy"; Value = ""; VariantName = "[No Variations]"
Add component (AddParameter): Name = "Voltage"; Value = "10V"; VariantName = "[No Variations]"
Added Component: Designator=C177(CAP_0402)
Add component (AddParameter): Name = "CreatedBy"; Value = "Jonathan Bouchard"; VariantName = "[No Variations]"
Add component (AddParameter): Name = "Current"; Value = ""; VariantName = "[No Variations]"
Add component (AddParameter): Name = "FootprintNameOK"; Value = ""; VariantName = "[No Variations]"
Add component (AddParameter): Name = "HelpURL"; Value = ""; VariantName = "[No Variations]"
Add component (AddParameter): Name = "Mfg"; Value = ""; VariantName = "[No Variations]"
Add component (AddParameter): Name = "Mfg Part Number"; Value = ""; VariantName = "[No Variations]"
Add component (AddParameter): Name = "NI"; Value = ""; VariantName = "[No Variations]"
Add component (AddParameter): Name = "Package"; Value = "0402"; VariantName = "[No Variations]"
Add component (AddParameter): Name = "Power"; Value = ""; VariantName = "[No Variations]"
Add component (AddParameter): Name = "Precision"; Value = "10%"; VariantName = "[No Variations]"
Add component (AddParameter): Name = "Temperature"; Value = ""; VariantName = "[No Variations]"
Add component (AddParameter): Name = "Value"; Value = "1nF"; VariantName = "[No Variations]"
Add component (AddParameter): Name = "VerifiedBy"; Value = ""; VariantName = "[No Variations]"
Add component (AddParameter): Name = "Voltage"; Value = "10V"; VariantName = "[No Variations]"
Added Component: Designator=C178(CAP_0805)
Add component (AddParameter): Name = "CreatedBy"; Value = "Jonathan Bouchard"; VariantName = "[No Variations]"
Add component (AddParameter): Name = "Current"; Value = ""; VariantName = "[No Variations]"
Add component (AddParameter): Name = "FootprintNameOK"; Value = ""; VariantName = "[No Variations]"
Add component (AddParameter): Name = "HelpURL"; Value = ""; VariantName = "[No Variations]"
Add component (AddParameter): Name = "Mfg"; Value = ""; VariantName = "[No Variations]"
Add component (AddParameter): Name = "Mfg Part Number"; Value = ""; VariantName = "[No Variations]"
Add component (AddParameter): Name = "NI"; Value = ""; VariantName = "[No Variations]"
Add component (AddParameter): Name = "Package"; Value = "0805"; VariantName = "[No Variations]"
Add component (AddParameter): Name = "Power"; Value = ""; VariantName = "[No Variations]"
Add component (AddParameter): Name = "Precision"; Value = "10%"; VariantName = "[No Variations]"
Add component (AddParameter): Name = "Temperature"; Value = ""; VariantName = "[No Variations]"
Add component (AddParameter): Name = "Value"; Value = "10uF"; VariantName = "[No Variations]"
Add component (AddParameter): Name = "VerifiedBy"; Value = ""; VariantName = "[No Variations]"
Add component (AddParameter): Name = "Voltage"; Value = "10V"; VariantName = "[No Variations]"
Added Component: Designator=C179(CAP_0805)
Add component (AddParameter): Name = "CreatedBy"; Value = "Jonathan Bouchard"; VariantName = "[No Variations]"
Add component (AddParameter): Name = "Current"; Value = ""; VariantName = "[No Variations]"
Add component (AddParameter): Name = "FootprintNameOK"; Value = ""; VariantName = "[No Variations]"
Add component (AddParameter): Name = "HelpURL"; Value = ""; VariantName = "[No Variations]"
Add component (AddParameter): Name = "Mfg"; Value = ""; VariantName = "[No Variations]"
Add component (AddParameter): Name = "Mfg Part Number"; Value = ""; VariantName = "[No Variations]"
Add component (AddParameter): Name = "NI"; Value = ""; VariantName = "[No Variations]"
Add component (AddParameter): Name = "Package"; Value = "0805"; VariantName = "[No Variations]"
Add component (AddParameter): Name = "Power"; Value = ""; VariantName = "[No Variations]"
Add component (AddParameter): Name = "Precision"; Value = "10%"; VariantName = "[No Variations]"
Add component (AddParameter): Name = "Temperature"; Value = ""; VariantName = "[No Variations]"
Add component (AddParameter): Name = "Value"; Value = "10uF"; VariantName = "[No Variations]"
Add component (AddParameter): Name = "VerifiedBy"; Value = ""; VariantName = "[No Variations]"
Add component (AddParameter): Name = "Voltage"; Value = "10V"; VariantName = "[No Variations]"
Added Component: Designator=C180(CAP_0402)
Add component (AddParameter): Name = "CreatedBy"; Value = "Jonathan Bouchard"; VariantName = "[No Variations]"
Add component (AddParameter): Name = "Current"; Value = ""; VariantName = "[No Variations]"
Add component (AddParameter): Name = "FootprintNameOK"; Value = ""; VariantName = "[No Variations]"
Add component (AddParameter): Name = "HelpURL"; Value = ""; VariantName = "[No Variations]"
Add component (AddParameter): Name = "Mfg"; Value = ""; VariantName = "[No Variations]"
Add component (AddParameter): Name = "Mfg Part Number"; Value = ""; VariantName = "[No Variations]"
Add component (AddParameter): Name = "NI"; Value = ""; VariantName = "[No Variations]"
Add component (AddParameter): Name = "Package"; Value = "0402"; VariantName = "[No Variations]"
Add component (AddParameter): Name = "Power"; Value = ""; VariantName = "[No Variations]"
Add component (AddParameter): Name = "Precision"; Value = "10%"; VariantName = "[No Variations]"
Add component (AddParameter): Name = "Temperature"; Value = ""; VariantName = "[No Variations]"
Add component (AddParameter): Name = "Value"; Value = "0.1uF"; VariantName = "[No Variations]"
Add component (AddParameter): Name = "VerifiedBy"; Value = ""; VariantName = "[No Variations]"
Add component (AddParameter): Name = "Voltage"; Value = "10V"; VariantName = "[No Variations]"
Added Component: Designator=C181(CAP_0402)
Add component (AddParameter): Name = "CreatedBy"; Value = "Jonathan Bouchard"; VariantName = "[No Variations]"
Add component (AddParameter): Name = "Current"; Value = ""; VariantName = "[No Variations]"
Add component (AddParameter): Name = "FootprintNameOK"; Value = ""; VariantName = "[No Variations]"
Add component (AddParameter): Name = "HelpURL"; Value = ""; VariantName = "[No Variations]"
Add component (AddParameter): Name = "Mfg"; Value = ""; VariantName = "[No Variations]"
Add component (AddParameter): Name = "Mfg Part Number"; Value = ""; VariantName = "[No Variations]"
Add component (AddParameter): Name = "NI"; Value = ""; VariantName = "[No Variations]"
Add component (AddParameter): Name = "Package"; Value = "0402"; VariantName = "[No Variations]"
Add component (AddParameter): Name = "Power"; Value = ""; VariantName = "[No Variations]"
Add component (AddParameter): Name = "Precision"; Value = "10%"; VariantName = "[No Variations]"
Add component (AddParameter): Name = "Temperature"; Value = ""; VariantName = "[No Variations]"
Add component (AddParameter): Name = "Value"; Value = "0.1uF"; VariantName = "[No Variations]"
Add component (AddParameter): Name = "VerifiedBy"; Value = ""; VariantName = "[No Variations]"
Add component (AddParameter): Name = "Voltage"; Value = "10V"; VariantName = "[No Variations]"
Added Component: Designator=C182(CAP_0402)
Add component (AddParameter): Name = "CreatedBy"; Value = "Jonathan Bouchard"; VariantName = "[No Variations]"
Add component (AddParameter): Name = "Current"; Value = ""; VariantName = "[No Variations]"
Add component (AddParameter): Name = "FootprintNameOK"; Value = ""; VariantName = "[No Variations]"
Add component (AddParameter): Name = "HelpURL"; Value = ""; VariantName = "[No Variations]"
Add component (AddParameter): Name = "Mfg"; Value = ""; VariantName = "[No Variations]"
Add component (AddParameter): Name = "Mfg Part Number"; Value = ""; VariantName = "[No Variations]"
Add component (AddParameter): Name = "NI"; Value = ""; VariantName = "[No Variations]"
Add component (AddParameter): Name = "Package"; Value = "0402"; VariantName = "[No Variations]"
Add component (AddParameter): Name = "Power"; Value = ""; VariantName = "[No Variations]"
Add component (AddParameter): Name = "Precision"; Value = "10%"; VariantName = "[No Variations]"
Add component (AddParameter): Name = "Temperature"; Value = ""; VariantName = "[No Variations]"
Add component (AddParameter): Name = "Value"; Value = "1uF"; VariantName = "[No Variations]"
Add component (AddParameter): Name = "VerifiedBy"; Value = ""; VariantName = "[No Variations]"
Add component (AddParameter): Name = "Voltage"; Value = "10V"; VariantName = "[No Variations]"
Added Component: Designator=C183(CAP_0402)
Add component (AddParameter): Name = "CreatedBy"; Value = "Jonathan Bouchard"; VariantName = "[No Variations]"
Add component (AddParameter): Name = "Current"; Value = ""; VariantName = "[No Variations]"
Add component (AddParameter): Name = "FootprintNameOK"; Value = ""; VariantName = "[No Variations]"
Add component (AddParameter): Name = "HelpURL"; Value = ""; VariantName = "[No Variations]"
Add component (AddParameter): Name = "Mfg"; Value = ""; VariantName = "[No Variations]"
Add component (AddParameter): Name = "Mfg Part Number"; Value = ""; VariantName = "[No Variations]"
Add component (AddParameter): Name = "NI"; Value = ""; VariantName = "[No Variations]"
Add component (AddParameter): Name = "Package"; Value = "0402"; VariantName = "[No Variations]"
Add component (AddParameter): Name = "Power"; Value = ""; VariantName = "[No Variations]"
Add component (AddParameter): Name = "Precision"; Value = "10%"; VariantName = "[No Variations]"
Add component (AddParameter): Name = "Temperature"; Value = ""; VariantName = "[No Variations]"
Add component (AddParameter): Name = "Value"; Value = "0.1uF"; VariantName = "[No Variations]"
Add component (AddParameter): Name = "VerifiedBy"; Value = ""; VariantName = "[No Variations]"
Add component (AddParameter): Name = "Voltage"; Value = "10V"; VariantName = "[No Variations]"
Added Component: Designator=C184(CAP_0402)
Add component (AddParameter): Name = "CreatedBy"; Value = "Jonathan Bouchard"; VariantName = "[No Variations]"
Add component (AddParameter): Name = "Current"; Value = ""; VariantName = "[No Variations]"
Add component (AddParameter): Name = "FootprintNameOK"; Value = ""; VariantName = "[No Variations]"
Add component (AddParameter): Name = "HelpURL"; Value = ""; VariantName = "[No Variations]"
Add component (AddParameter): Name = "Mfg"; Value = ""; VariantName = "[No Variations]"
Add component (AddParameter): Name = "Mfg Part Number"; Value = ""; VariantName = "[No Variations]"
Add component (AddParameter): Name = "NI"; Value = ""; VariantName = "[No Variations]"
Add component (AddParameter): Name = "Package"; Value = "0402"; VariantName = "[No Variations]"
Add component (AddParameter): Name = "Power"; Value = ""; VariantName = "[No Variations]"
Add component (AddParameter): Name = "Precision"; Value = "10%"; VariantName = "[No Variations]"
Add component (AddParameter): Name = "Temperature"; Value = ""; VariantName = "[No Variations]"
Add component (AddParameter): Name = "Value"; Value = "0.1uF"; VariantName = "[No Variations]"
Add component (AddParameter): Name = "VerifiedBy"; Value = ""; VariantName = "[No Variations]"
Add component (AddParameter): Name = "Voltage"; Value = "10V"; VariantName = "[No Variations]"
Added Component: Designator=C185(CAP_0402)
Add component (AddParameter): Name = "CreatedBy"; Value = "Jonathan Bouchard"; VariantName = "[No Variations]"
Add component (AddParameter): Name = "Current"; Value = ""; VariantName = "[No Variations]"
Add component (AddParameter): Name = "FootprintNameOK"; Value = ""; VariantName = "[No Variations]"
Add component (AddParameter): Name = "HelpURL"; Value = ""; VariantName = "[No Variations]"
Add component (AddParameter): Name = "Mfg"; Value = ""; VariantName = "[No Variations]"
Add component (AddParameter): Name = "Mfg Part Number"; Value = ""; VariantName = "[No Variations]"
Add component (AddParameter): Name = "NI"; Value = ""; VariantName = "[No Variations]"
Add component (AddParameter): Name = "Package"; Value = "0402"; VariantName = "[No Variations]"
Add component (AddParameter): Name = "Power"; Value = ""; VariantName = "[No Variations]"
Add component (AddParameter): Name = "Precision"; Value = "10%"; VariantName = "[No Variations]"
Add component (AddParameter): Name = "Temperature"; Value = ""; VariantName = "[No Variations]"
Add component (AddParameter): Name = "Value"; Value = "1uF"; VariantName = "[No Variations]"
Add component (AddParameter): Name = "VerifiedBy"; Value = ""; VariantName = "[No Variations]"
Add component (AddParameter): Name = "Voltage"; Value = "10V"; VariantName = "[No Variations]"
Added Component: Designator=C186(CAP_0402)
Add component (AddParameter): Name = "CreatedBy"; Value = "Jonathan Bouchard"; VariantName = "[No Variations]"
Add component (AddParameter): Name = "Current"; Value = ""; VariantName = "[No Variations]"
Add component (AddParameter): Name = "FootprintNameOK"; Value = ""; VariantName = "[No Variations]"
Add component (AddParameter): Name = "HelpURL"; Value = ""; VariantName = "[No Variations]"
Add component (AddParameter): Name = "Mfg"; Value = ""; VariantName = "[No Variations]"
Add component (AddParameter): Name = "Mfg Part Number"; Value = ""; VariantName = "[No Variations]"
Add component (AddParameter): Name = "NI"; Value = ""; VariantName = "[No Variations]"
Add component (AddParameter): Name = "Package"; Value = "0402"; VariantName = "[No Variations]"
Add component (AddParameter): Name = "Power"; Value = ""; VariantName = "[No Variations]"
Add component (AddParameter): Name = "Precision"; Value = "10%"; VariantName = "[No Variations]"
Add component (AddParameter): Name = "Temperature"; Value = ""; VariantName = "[No Variations]"
Add component (AddParameter): Name = "Value"; Value = "0.1uF"; VariantName = "[No Variations]"
Add component (AddParameter): Name = "VerifiedBy"; Value = ""; VariantName = "[No Variations]"
Add component (AddParameter): Name = "Voltage"; Value = "10V"; VariantName = "[No Variations]"
Added Component: Designator=C187(CAP_0402)
Add component (AddParameter): Name = "CreatedBy"; Value = "Jonathan Bouchard"; VariantName = "[No Variations]"
Add component (AddParameter): Name = "Current"; Value = ""; VariantName = "[No Variations]"
Add component (AddParameter): Name = "FootprintNameOK"; Value = ""; VariantName = "[No Variations]"
Add component (AddParameter): Name = "HelpURL"; Value = ""; VariantName = "[No Variations]"
Add component (AddParameter): Name = "Mfg"; Value = ""; VariantName = "[No Variations]"
Add component (AddParameter): Name = "Mfg Part Number"; Value = ""; VariantName = "[No Variations]"
Add component (AddParameter): Name = "NI"; Value = ""; VariantName = "[No Variations]"
Add component (AddParameter): Name = "Package"; Value = "0402"; VariantName = "[No Variations]"
Add component (AddParameter): Name = "Power"; Value = ""; VariantName = "[No Variations]"
Add component (AddParameter): Name = "Precision"; Value = "10%"; VariantName = "[No Variations]"
Add component (AddParameter): Name = "Temperature"; Value = ""; VariantName = "[No Variations]"
Add component (AddParameter): Name = "Value"; Value = "0.1uF"; VariantName = "[No Variations]"
Add component (AddParameter): Name = "VerifiedBy"; Value = ""; VariantName = "[No Variations]"
Add component (AddParameter): Name = "Voltage"; Value = "10V"; VariantName = "[No Variations]"
Added Component: Designator=C188(CAP_0402)
Add component (AddParameter): Name = "CreatedBy"; Value = "Jonathan Bouchard"; VariantName = "[No Variations]"
Add component (AddParameter): Name = "Current"; Value = ""; VariantName = "[No Variations]"
Add component (AddParameter): Name = "FootprintNameOK"; Value = ""; VariantName = "[No Variations]"
Add component (AddParameter): Name = "HelpURL"; Value = ""; VariantName = "[No Variations]"
Add component (AddParameter): Name = "Mfg"; Value = ""; VariantName = "[No Variations]"
Add component (AddParameter): Name = "Mfg Part Number"; Value = ""; VariantName = "[No Variations]"
Add component (AddParameter): Name = "NI"; Value = ""; VariantName = "[No Variations]"
Add component (AddParameter): Name = "Package"; Value = "0402"; VariantName = "[No Variations]"
Add component (AddParameter): Name = "Power"; Value = ""; VariantName = "[No Variations]"
Add component (AddParameter): Name = "Precision"; Value = "10%"; VariantName = "[No Variations]"
Add component (AddParameter): Name = "Temperature"; Value = ""; VariantName = "[No Variations]"
Add component (AddParameter): Name = "Value"; Value = "1uF"; VariantName = "[No Variations]"
Add component (AddParameter): Name = "VerifiedBy"; Value = ""; VariantName = "[No Variations]"
Add component (AddParameter): Name = "Voltage"; Value = "10V"; VariantName = "[No Variations]"
Added Component: Designator=C189(CAP_0402)
Add component (AddParameter): Name = "CreatedBy"; Value = "Jonathan Bouchard"; VariantName = "[No Variations]"
Add component (AddParameter): Name = "Current"; Value = ""; VariantName = "[No Variations]"
Add component (AddParameter): Name = "FootprintNameOK"; Value = ""; VariantName = "[No Variations]"
Add component (AddParameter): Name = "HelpURL"; Value = ""; VariantName = "[No Variations]"
Add component (AddParameter): Name = "Mfg"; Value = ""; VariantName = "[No Variations]"
Add component (AddParameter): Name = "Mfg Part Number"; Value = ""; VariantName = "[No Variations]"
Add component (AddParameter): Name = "NI"; Value = ""; VariantName = "[No Variations]"
Add component (AddParameter): Name = "Package"; Value = "0402"; VariantName = "[No Variations]"
Add component (AddParameter): Name = "Power"; Value = ""; VariantName = "[No Variations]"
Add component (AddParameter): Name = "Precision"; Value = "10%"; VariantName = "[No Variations]"
Add component (AddParameter): Name = "Temperature"; Value = ""; VariantName = "[No Variations]"
Add component (AddParameter): Name = "Value"; Value = "0.1uF"; VariantName = "[No Variations]"
Add component (AddParameter): Name = "VerifiedBy"; Value = ""; VariantName = "[No Variations]"
Add component (AddParameter): Name = "Voltage"; Value = "10V"; VariantName = "[No Variations]"
Added Component: Designator=C190(CAP_0402)
Add component (AddParameter): Name = "CreatedBy"; Value = "Jonathan Bouchard"; VariantName = "[No Variations]"
Add component (AddParameter): Name = "Current"; Value = ""; VariantName = "[No Variations]"
Add component (AddParameter): Name = "FootprintNameOK"; Value = ""; VariantName = "[No Variations]"
Add component (AddParameter): Name = "HelpURL"; Value = ""; VariantName = "[No Variations]"
Add component (AddParameter): Name = "Mfg"; Value = ""; VariantName = "[No Variations]"
Add component (AddParameter): Name = "Mfg Part Number"; Value = ""; VariantName = "[No Variations]"
Add component (AddParameter): Name = "NI"; Value = ""; VariantName = "[No Variations]"
Add component (AddParameter): Name = "Package"; Value = "0402"; VariantName = "[No Variations]"
Add component (AddParameter): Name = "Power"; Value = ""; VariantName = "[No Variations]"
Add component (AddParameter): Name = "Precision"; Value = "10%"; VariantName = "[No Variations]"
Add component (AddParameter): Name = "Temperature"; Value = ""; VariantName = "[No Variations]"
Add component (AddParameter): Name = "Value"; Value = "0.1uF"; VariantName = "[No Variations]"
Add component (AddParameter): Name = "VerifiedBy"; Value = ""; VariantName = "[No Variations]"
Add component (AddParameter): Name = "Voltage"; Value = "10V"; VariantName = "[No Variations]"
Added Component: Designator=C191(CAP_0402)
Add component (AddParameter): Name = "CreatedBy"; Value = "Jonathan Bouchard"; VariantName = "[No Variations]"
Add component (AddParameter): Name = "Current"; Value = ""; VariantName = "[No Variations]"
Add component (AddParameter): Name = "FootprintNameOK"; Value = ""; VariantName = "[No Variations]"
Add component (AddParameter): Name = "HelpURL"; Value = ""; VariantName = "[No Variations]"
Add component (AddParameter): Name = "Mfg"; Value = ""; VariantName = "[No Variations]"
Add component (AddParameter): Name = "Mfg Part Number"; Value = ""; VariantName = "[No Variations]"
Add component (AddParameter): Name = "NI"; Value = ""; VariantName = "[No Variations]"
Add component (AddParameter): Name = "Package"; Value = "0402"; VariantName = "[No Variations]"
Add component (AddParameter): Name = "Power"; Value = ""; VariantName = "[No Variations]"
Add component (AddParameter): Name = "Precision"; Value = "10%"; VariantName = "[No Variations]"
Add component (AddParameter): Name = "Temperature"; Value = ""; VariantName = "[No Variations]"
Add component (AddParameter): Name = "Value"; Value = "1uF"; VariantName = "[No Variations]"
Add component (AddParameter): Name = "VerifiedBy"; Value = ""; VariantName = "[No Variations]"
Add component (AddParameter): Name = "Voltage"; Value = "10V"; VariantName = "[No Variations]"
Added Component: Designator=C192(CAP_0402)
Add component (AddParameter): Name = "CreatedBy"; Value = "Jonathan Bouchard"; VariantName = "[No Variations]"
Add component (AddParameter): Name = "Current"; Value = ""; VariantName = "[No Variations]"
Add component (AddParameter): Name = "FootprintNameOK"; Value = ""; VariantName = "[No Variations]"
Add component (AddParameter): Name = "HelpURL"; Value = ""; VariantName = "[No Variations]"
Add component (AddParameter): Name = "Mfg"; Value = ""; VariantName = "[No Variations]"
Add component (AddParameter): Name = "Mfg Part Number"; Value = ""; VariantName = "[No Variations]"
Add component (AddParameter): Name = "NI"; Value = ""; VariantName = "[No Variations]"
Add component (AddParameter): Name = "Package"; Value = "0402"; VariantName = "[No Variations]"
Add component (AddParameter): Name = "Power"; Value = ""; VariantName = "[No Variations]"
Add component (AddParameter): Name = "Precision"; Value = "10%"; VariantName = "[No Variations]"
Add component (AddParameter): Name = "Temperature"; Value = ""; VariantName = "[No Variations]"
Add component (AddParameter): Name = "Value"; Value = "0.1uF"; VariantName = "[No Variations]"
Add component (AddParameter): Name = "VerifiedBy"; Value = ""; VariantName = "[No Variations]"
Add component (AddParameter): Name = "Voltage"; Value = "10V"; VariantName = "[No Variations]"
Added Component: Designator=C193(CAP_0402)
Add component (AddParameter): Name = "CreatedBy"; Value = "Jonathan Bouchard"; VariantName = "[No Variations]"
Add component (AddParameter): Name = "Current"; Value = ""; VariantName = "[No Variations]"
Add component (AddParameter): Name = "FootprintNameOK"; Value = ""; VariantName = "[No Variations]"
Add component (AddParameter): Name = "HelpURL"; Value = ""; VariantName = "[No Variations]"
Add component (AddParameter): Name = "Mfg"; Value = ""; VariantName = "[No Variations]"
Add component (AddParameter): Name = "Mfg Part Number"; Value = ""; VariantName = "[No Variations]"
Add component (AddParameter): Name = "NI"; Value = ""; VariantName = "[No Variations]"
Add component (AddParameter): Name = "Package"; Value = "0402"; VariantName = "[No Variations]"
Add component (AddParameter): Name = "Power"; Value = ""; VariantName = "[No Variations]"
Add component (AddParameter): Name = "Precision"; Value = "10%"; VariantName = "[No Variations]"
Add component (AddParameter): Name = "Temperature"; Value = ""; VariantName = "[No Variations]"
Add component (AddParameter): Name = "Value"; Value = "1nF"; VariantName = "[No Variations]"
Add component (AddParameter): Name = "VerifiedBy"; Value = ""; VariantName = "[No Variations]"
Add component (AddParameter): Name = "Voltage"; Value = "10V"; VariantName = "[No Variations]"
Added Component: Designator=C194(CAP_0402)
Add component (AddParameter): Name = "CreatedBy"; Value = "Jonathan Bouchard"; VariantName = "[No Variations]"
Add component (AddParameter): Name = "Current"; Value = ""; VariantName = "[No Variations]"
Add component (AddParameter): Name = "FootprintNameOK"; Value = ""; VariantName = "[No Variations]"
Add component (AddParameter): Name = "HelpURL"; Value = ""; VariantName = "[No Variations]"
Add component (AddParameter): Name = "Mfg"; Value = ""; VariantName = "[No Variations]"
Add component (AddParameter): Name = "Mfg Part Number"; Value = ""; VariantName = "[No Variations]"
Add component (AddParameter): Name = "NI"; Value = ""; VariantName = "[No Variations]"
Add component (AddParameter): Name = "Package"; Value = "0402"; VariantName = "[No Variations]"
Add component (AddParameter): Name = "Power"; Value = ""; VariantName = "[No Variations]"
Add component (AddParameter): Name = "Precision"; Value = "10%"; VariantName = "[No Variations]"
Add component (AddParameter): Name = "Temperature"; Value = ""; VariantName = "[No Variations]"
Add component (AddParameter): Name = "Value"; Value = "0.1uF"; VariantName = "[No Variations]"
Add component (AddParameter): Name = "VerifiedBy"; Value = ""; VariantName = "[No Variations]"
Add component (AddParameter): Name = "Voltage"; Value = "10V"; VariantName = "[No Variations]"
Added Component: Designator=C195(CAP_0402)
Add component (AddParameter): Name = "CreatedBy"; Value = "Jonathan Bouchard"; VariantName = "[No Variations]"
Add component (AddParameter): Name = "Current"; Value = ""; VariantName = "[No Variations]"
Add component (AddParameter): Name = "FootprintNameOK"; Value = ""; VariantName = "[No Variations]"
Add component (AddParameter): Name = "HelpURL"; Value = ""; VariantName = "[No Variations]"
Add component (AddParameter): Name = "Mfg"; Value = ""; VariantName = "[No Variations]"
Add component (AddParameter): Name = "Mfg Part Number"; Value = ""; VariantName = "[No Variations]"
Add component (AddParameter): Name = "NI"; Value = ""; VariantName = "[No Variations]"
Add component (AddParameter): Name = "Package"; Value = "0402"; VariantName = "[No Variations]"
Add component (AddParameter): Name = "Power"; Value = ""; VariantName = "[No Variations]"
Add component (AddParameter): Name = "Precision"; Value = "10%"; VariantName = "[No Variations]"
Add component (AddParameter): Name = "Temperature"; Value = ""; VariantName = "[No Variations]"
Add component (AddParameter): Name = "Value"; Value = "1nF"; VariantName = "[No Variations]"
Add component (AddParameter): Name = "VerifiedBy"; Value = ""; VariantName = "[No Variations]"
Add component (AddParameter): Name = "Voltage"; Value = "10V"; VariantName = "[No Variations]"
Added Component: Designator=C196(CAP_0805)
Add component (AddParameter): Name = "CreatedBy"; Value = "Jonathan Bouchard"; VariantName = "[No Variations]"
Add component (AddParameter): Name = "Current"; Value = ""; VariantName = "[No Variations]"
Add component (AddParameter): Name = "FootprintNameOK"; Value = ""; VariantName = "[No Variations]"
Add component (AddParameter): Name = "HelpURL"; Value = ""; VariantName = "[No Variations]"
Add component (AddParameter): Name = "Mfg"; Value = ""; VariantName = "[No Variations]"
Add component (AddParameter): Name = "Mfg Part Number"; Value = ""; VariantName = "[No Variations]"
Add component (AddParameter): Name = "NI"; Value = ""; VariantName = "[No Variations]"
Add component (AddParameter): Name = "Package"; Value = "0805"; VariantName = "[No Variations]"
Add component (AddParameter): Name = "Power"; Value = ""; VariantName = "[No Variations]"
Add component (AddParameter): Name = "Precision"; Value = "10%"; VariantName = "[No Variations]"
Add component (AddParameter): Name = "Temperature"; Value = ""; VariantName = "[No Variations]"
Add component (AddParameter): Name = "Value"; Value = "10uF"; VariantName = "[No Variations]"
Add component (AddParameter): Name = "VerifiedBy"; Value = ""; VariantName = "[No Variations]"
Add component (AddParameter): Name = "Voltage"; Value = "10V"; VariantName = "[No Variations]"
Added Component: Designator=C197(CAP_0603)
Add component (AddParameter): Name = "CreatedBy"; Value = "Jonathan Bouchard"; VariantName = "[No Variations]"
Add component (AddParameter): Name = "Current"; Value = ""; VariantName = "[No Variations]"
Add component (AddParameter): Name = "FootprintNameOK"; Value = ""; VariantName = "[No Variations]"
Add component (AddParameter): Name = "HelpURL"; Value = ""; VariantName = "[No Variations]"
Add component (AddParameter): Name = "Mfg"; Value = ""; VariantName = "[No Variations]"
Add component (AddParameter): Name = "Mfg Part Number"; Value = ""; VariantName = "[No Variations]"
Add component (AddParameter): Name = "NI"; Value = ""; VariantName = "[No Variations]"
Add component (AddParameter): Name = "Package"; Value = "0603"; VariantName = "[No Variations]"
Add component (AddParameter): Name = "Power"; Value = ""; VariantName = "[No Variations]"
Add component (AddParameter): Name = "Precision"; Value = "10%"; VariantName = "[No Variations]"
Add component (AddParameter): Name = "Temperature"; Value = ""; VariantName = "[No Variations]"
Add component (AddParameter): Name = "Value"; Value = "0.1uF"; VariantName = "[No Variations]"
Add component (AddParameter): Name = "VerifiedBy"; Value = ""; VariantName = "[No Variations]"
Add component (AddParameter): Name = "Voltage"; Value = "50V"; VariantName = "[No Variations]"
Added Component: Designator=C198(CAP_0402)
Add component (AddParameter): Name = "CreatedBy"; Value = "Jonathan Bouchard"; VariantName = "[No Variations]"
Add component (AddParameter): Name = "Current"; Value = ""; VariantName = "[No Variations]"
Add component (AddParameter): Name = "FootprintNameOK"; Value = ""; VariantName = "[No Variations]"
Add component (AddParameter): Name = "HelpURL"; Value = ""; VariantName = "[No Variations]"
Add component (AddParameter): Name = "Mfg"; Value = ""; VariantName = "[No Variations]"
Add component (AddParameter): Name = "Mfg Part Number"; Value = "GCM1555C1H102FA16D"; VariantName = "[No Variations]"
Add component (AddParameter): Name = "NI"; Value = ""; VariantName = "[No Variations]"
Add component (AddParameter): Name = "Package"; Value = "0402"; VariantName = "[No Variations]"
Add component (AddParameter): Name = "Power"; Value = ""; VariantName = "[No Variations]"
Add component (AddParameter): Name = "Precision"; Value = "1%"; VariantName = "[No Variations]"
Add component (AddParameter): Name = "Temperature"; Value = ""; VariantName = "[No Variations]"
Add component (AddParameter): Name = "Value"; Value = "1nF"; VariantName = "[No Variations]"
Add component (AddParameter): Name = "VerifiedBy"; Value = ""; VariantName = "[No Variations]"
Add component (AddParameter): Name = "Voltage"; Value = "50V"; VariantName = "[No Variations]"
Added Component: Designator=C199(CAP_0603)
Add component (AddParameter): Name = "CreatedBy"; Value = "Jonathan Bouchard"; VariantName = "[No Variations]"
Add component (AddParameter): Name = "Current"; Value = ""; VariantName = "[No Variations]"
Add component (AddParameter): Name = "FootprintNameOK"; Value = ""; VariantName = "[No Variations]"
Add component (AddParameter): Name = "HelpURL"; Value = ""; VariantName = "[No Variations]"
Add component (AddParameter): Name = "Mfg"; Value = ""; VariantName = "[No Variations]"
Add component (AddParameter): Name = "Mfg Part Number"; Value = ""; VariantName = "[No Variations]"
Add component (AddParameter): Name = "NI"; Value = ""; VariantName = "[No Variations]"
Add component (AddParameter): Name = "Package"; Value = "0603"; VariantName = "[No Variations]"
Add component (AddParameter): Name = "Power"; Value = ""; VariantName = "[No Variations]"
Add component (AddParameter): Name = "Precision"; Value = "10%"; VariantName = "[No Variations]"
Add component (AddParameter): Name = "Temperature"; Value = ""; VariantName = "[No Variations]"
Add component (AddParameter): Name = "Value"; Value = "0.1uF"; VariantName = "[No Variations]"
Add component (AddParameter): Name = "VerifiedBy"; Value = ""; VariantName = "[No Variations]"
Add component (AddParameter): Name = "Voltage"; Value = "50V"; VariantName = "[No Variations]"
Added Component: Designator=C200(CAP_0603)
Add component (AddParameter): Name = "CreatedBy"; Value = "Jonathan Bouchard"; VariantName = "[No Variations]"
Add component (AddParameter): Name = "Current"; Value = ""; VariantName = "[No Variations]"
Add component (AddParameter): Name = "FootprintNameOK"; Value = ""; VariantName = "[No Variations]"
Add component (AddParameter): Name = "HelpURL"; Value = ""; VariantName = "[No Variations]"
Add component (AddParameter): Name = "Mfg"; Value = ""; VariantName = "[No Variations]"
Add component (AddParameter): Name = "Mfg Part Number"; Value = ""; VariantName = "[No Variations]"
Add component (AddParameter): Name = "NI"; Value = ""; VariantName = "[No Variations]"
Add component (AddParameter): Name = "Package"; Value = "0603"; VariantName = "[No Variations]"
Add component (AddParameter): Name = "Power"; Value = ""; VariantName = "[No Variations]"
Add component (AddParameter): Name = "Precision"; Value = "10%"; VariantName = "[No Variations]"
Add component (AddParameter): Name = "Temperature"; Value = ""; VariantName = "[No Variations]"
Add component (AddParameter): Name = "Value"; Value = "0.1uF"; VariantName = "[No Variations]"
Add component (AddParameter): Name = "VerifiedBy"; Value = ""; VariantName = "[No Variations]"
Add component (AddParameter): Name = "Voltage"; Value = "50V"; VariantName = "[No Variations]"
Added Component: Designator=C201(CAP_0402)
Add component (AddParameter): Name = "CreatedBy"; Value = "Jonathan Bouchard"; VariantName = "[No Variations]"
Add component (AddParameter): Name = "Current"; Value = ""; VariantName = "[No Variations]"
Add component (AddParameter): Name = "FootprintNameOK"; Value = ""; VariantName = "[No Variations]"
Add component (AddParameter): Name = "HelpURL"; Value = ""; VariantName = "[No Variations]"
Add component (AddParameter): Name = "Mfg"; Value = ""; VariantName = "[No Variations]"
Add component (AddParameter): Name = "Mfg Part Number"; Value = "GCM1555C1H102FA16D"; VariantName = "[No Variations]"
Add component (AddParameter): Name = "NI"; Value = ""; VariantName = "[No Variations]"
Add component (AddParameter): Name = "Package"; Value = "0402"; VariantName = "[No Variations]"
Add component (AddParameter): Name = "Power"; Value = ""; VariantName = "[No Variations]"
Add component (AddParameter): Name = "Precision"; Value = "1%"; VariantName = "[No Variations]"
Add component (AddParameter): Name = "Temperature"; Value = ""; VariantName = "[No Variations]"
Add component (AddParameter): Name = "Value"; Value = "1nF"; VariantName = "[No Variations]"
Add component (AddParameter): Name = "VerifiedBy"; Value = ""; VariantName = "[No Variations]"
Add component (AddParameter): Name = "Voltage"; Value = "50V"; VariantName = "[No Variations]"
Added Component: Designator=C202(CAP_0402)
Add component (AddParameter): Name = "CreatedBy"; Value = "Jonathan Bouchard"; VariantName = "[No Variations]"
Add component (AddParameter): Name = "Current"; Value = ""; VariantName = "[No Variations]"
Add component (AddParameter): Name = "FootprintNameOK"; Value = ""; VariantName = "[No Variations]"
Add component (AddParameter): Name = "HelpURL"; Value = ""; VariantName = "[No Variations]"
Add component (AddParameter): Name = "Mfg"; Value = ""; VariantName = "[No Variations]"
Add component (AddParameter): Name = "Mfg Part Number"; Value = ""; VariantName = "[No Variations]"
Add component (AddParameter): Name = "NI"; Value = ""; VariantName = "[No Variations]"
Add component (AddParameter): Name = "Package"; Value = "0402"; VariantName = "[No Variations]"
Add component (AddParameter): Name = "Power"; Value = ""; VariantName = "[No Variations]"
Add component (AddParameter): Name = "Precision"; Value = "10%"; VariantName = "[No Variations]"
Add component (AddParameter): Name = "Temperature"; Value = ""; VariantName = "[No Variations]"
Add component (AddParameter): Name = "Value"; Value = "0.1uF"; VariantName = "[No Variations]"
Add component (AddParameter): Name = "VerifiedBy"; Value = ""; VariantName = "[No Variations]"
Add component (AddParameter): Name = "Voltage"; Value = "10V"; VariantName = "[No Variations]"
Added Component: Designator=C203(CAP_0402)
Add component (AddParameter): Name = "CreatedBy"; Value = "Jonathan Bouchard"; VariantName = "[No Variations]"
Add component (AddParameter): Name = "Current"; Value = ""; VariantName = "[No Variations]"
Add component (AddParameter): Name = "FootprintNameOK"; Value = ""; VariantName = "[No Variations]"
Add component (AddParameter): Name = "HelpURL"; Value = ""; VariantName = "[No Variations]"
Add component (AddParameter): Name = "Mfg"; Value = ""; VariantName = "[No Variations]"
Add component (AddParameter): Name = "Mfg Part Number"; Value = ""; VariantName = "[No Variations]"
Add component (AddParameter): Name = "NI"; Value = ""; VariantName = "[No Variations]"
Add component (AddParameter): Name = "Package"; Value = "0402"; VariantName = "[No Variations]"
Add component (AddParameter): Name = "Power"; Value = ""; VariantName = "[No Variations]"
Add component (AddParameter): Name = "Precision"; Value = "10%"; VariantName = "[No Variations]"
Add component (AddParameter): Name = "Temperature"; Value = ""; VariantName = "[No Variations]"
Add component (AddParameter): Name = "Value"; Value = "1nF"; VariantName = "[No Variations]"
Add component (AddParameter): Name = "VerifiedBy"; Value = ""; VariantName = "[No Variations]"
Add component (AddParameter): Name = "Voltage"; Value = "10V"; VariantName = "[No Variations]"
Added Component: Designator=C204(CAP_0402)
Add component (AddParameter): Name = "CreatedBy"; Value = "Jonathan Bouchard"; VariantName = "[No Variations]"
Add component (AddParameter): Name = "Current"; Value = ""; VariantName = "[No Variations]"
Add component (AddParameter): Name = "FootprintNameOK"; Value = ""; VariantName = "[No Variations]"
Add component (AddParameter): Name = "HelpURL"; Value = ""; VariantName = "[No Variations]"
Add component (AddParameter): Name = "Mfg"; Value = ""; VariantName = "[No Variations]"
Add component (AddParameter): Name = "Mfg Part Number"; Value = ""; VariantName = "[No Variations]"
Add component (AddParameter): Name = "NI"; Value = ""; VariantName = "[No Variations]"
Add component (AddParameter): Name = "Package"; Value = "0402"; VariantName = "[No Variations]"
Add component (AddParameter): Name = "Power"; Value = ""; VariantName = "[No Variations]"
Add component (AddParameter): Name = "Precision"; Value = "10%"; VariantName = "[No Variations]"
Add component (AddParameter): Name = "Temperature"; Value = ""; VariantName = "[No Variations]"
Add component (AddParameter): Name = "Value"; Value = "560 pF"; VariantName = "[No Variations]"
Add component (AddParameter): Name = "VerifiedBy"; Value = ""; VariantName = "[No Variations]"
Add component (AddParameter): Name = "Voltage"; Value = "10V"; VariantName = "[No Variations]"
Added Component: Designator=C205(CAP_0402)
Add component (AddParameter): Name = "CreatedBy"; Value = "Jonathan Bouchard"; VariantName = "[No Variations]"
Add component (AddParameter): Name = "Current"; Value = ""; VariantName = "[No Variations]"
Add component (AddParameter): Name = "FootprintNameOK"; Value = ""; VariantName = "[No Variations]"
Add component (AddParameter): Name = "HelpURL"; Value = ""; VariantName = "[No Variations]"
Add component (AddParameter): Name = "Mfg"; Value = ""; VariantName = "[No Variations]"
Add component (AddParameter): Name = "Mfg Part Number"; Value = ""; VariantName = "[No Variations]"
Add component (AddParameter): Name = "NI"; Value = ""; VariantName = "[No Variations]"
Add component (AddParameter): Name = "Package"; Value = "0402"; VariantName = "[No Variations]"
Add component (AddParameter): Name = "Power"; Value = ""; VariantName = "[No Variations]"
Add component (AddParameter): Name = "Precision"; Value = "10%"; VariantName = "[No Variations]"
Add component (AddParameter): Name = "Temperature"; Value = ""; VariantName = "[No Variations]"
Add component (AddParameter): Name = "Value"; Value = "0.1uF"; VariantName = "[No Variations]"
Add component (AddParameter): Name = "VerifiedBy"; Value = ""; VariantName = "[No Variations]"
Add component (AddParameter): Name = "Voltage"; Value = "10V"; VariantName = "[No Variations]"
Added Component: Designator=C206(CAP_0402)
Add component (AddParameter): Name = "CreatedBy"; Value = "Jonathan Bouchard"; VariantName = "[No Variations]"
Add component (AddParameter): Name = "Current"; Value = ""; VariantName = "[No Variations]"
Add component (AddParameter): Name = "FootprintNameOK"; Value = ""; VariantName = "[No Variations]"
Add component (AddParameter): Name = "HelpURL"; Value = ""; VariantName = "[No Variations]"
Add component (AddParameter): Name = "Mfg"; Value = ""; VariantName = "[No Variations]"
Add component (AddParameter): Name = "Mfg Part Number"; Value = ""; VariantName = "[No Variations]"
Add component (AddParameter): Name = "NI"; Value = ""; VariantName = "[No Variations]"
Add component (AddParameter): Name = "Package"; Value = "0402"; VariantName = "[No Variations]"
Add component (AddParameter): Name = "Power"; Value = ""; VariantName = "[No Variations]"
Add component (AddParameter): Name = "Precision"; Value = "10%"; VariantName = "[No Variations]"
Add component (AddParameter): Name = "Temperature"; Value = ""; VariantName = "[No Variations]"
Add component (AddParameter): Name = "Value"; Value = "10nF"; VariantName = "[No Variations]"
Add component (AddParameter): Name = "VerifiedBy"; Value = ""; VariantName = "[No Variations]"
Add component (AddParameter): Name = "Voltage"; Value = "10V"; VariantName = "[No Variations]"
Added Component: Designator=C207(CAP_0402)
Add component (AddParameter): Name = "CreatedBy"; Value = "Jonathan Bouchard"; VariantName = "[No Variations]"
Add component (AddParameter): Name = "Current"; Value = ""; VariantName = "[No Variations]"
Add component (AddParameter): Name = "FootprintNameOK"; Value = ""; VariantName = "[No Variations]"
Add component (AddParameter): Name = "HelpURL"; Value = ""; VariantName = "[No Variations]"
Add component (AddParameter): Name = "Mfg"; Value = ""; VariantName = "[No Variations]"
Add component (AddParameter): Name = "Mfg Part Number"; Value = ""; VariantName = "[No Variations]"
Add component (AddParameter): Name = "NI"; Value = ""; VariantName = "[No Variations]"
Add component (AddParameter): Name = "Package"; Value = "0402"; VariantName = "[No Variations]"
Add component (AddParameter): Name = "Power"; Value = ""; VariantName = "[No Variations]"
Add component (AddParameter): Name = "Precision"; Value = "10%"; VariantName = "[No Variations]"
Add component (AddParameter): Name = "Temperature"; Value = ""; VariantName = "[No Variations]"
Add component (AddParameter): Name = "Value"; Value = "560 pF"; VariantName = "[No Variations]"
Add component (AddParameter): Name = "VerifiedBy"; Value = ""; VariantName = "[No Variations]"
Add component (AddParameter): Name = "Voltage"; Value = "10V"; VariantName = "[No Variations]"
Added Component: Designator=C208(CAP_0402)
Add component (AddParameter): Name = "CreatedBy"; Value = "Jonathan Bouchard"; VariantName = "[No Variations]"
Add component (AddParameter): Name = "Current"; Value = ""; VariantName = "[No Variations]"
Add component (AddParameter): Name = "FootprintNameOK"; Value = ""; VariantName = "[No Variations]"
Add component (AddParameter): Name = "HelpURL"; Value = ""; VariantName = "[No Variations]"
Add component (AddParameter): Name = "Mfg"; Value = ""; VariantName = "[No Variations]"
Add component (AddParameter): Name = "Mfg Part Number"; Value = ""; VariantName = "[No Variations]"
Add component (AddParameter): Name = "NI"; Value = ""; VariantName = "[No Variations]"
Add component (AddParameter): Name = "Package"; Value = "0402"; VariantName = "[No Variations]"
Add component (AddParameter): Name = "Power"; Value = ""; VariantName = "[No Variations]"
Add component (AddParameter): Name = "Precision"; Value = "10%"; VariantName = "[No Variations]"
Add component (AddParameter): Name = "Temperature"; Value = ""; VariantName = "[No Variations]"
Add component (AddParameter): Name = "Value"; Value = "0.1uF"; VariantName = "[No Variations]"
Add component (AddParameter): Name = "VerifiedBy"; Value = ""; VariantName = "[No Variations]"
Add component (AddParameter): Name = "Voltage"; Value = "10V"; VariantName = "[No Variations]"
Added Component: Designator=C209(CAP_0402)
Add component (AddParameter): Name = "CreatedBy"; Value = "Jonathan Bouchard"; VariantName = "[No Variations]"
Add component (AddParameter): Name = "Current"; Value = ""; VariantName = "[No Variations]"
Add component (AddParameter): Name = "FootprintNameOK"; Value = ""; VariantName = "[No Variations]"
Add component (AddParameter): Name = "HelpURL"; Value = ""; VariantName = "[No Variations]"
Add component (AddParameter): Name = "Mfg"; Value = ""; VariantName = "[No Variations]"
Add component (AddParameter): Name = "Mfg Part Number"; Value = ""; VariantName = "[No Variations]"
Add component (AddParameter): Name = "NI"; Value = ""; VariantName = "[No Variations]"
Add component (AddParameter): Name = "Package"; Value = "0402"; VariantName = "[No Variations]"
Add component (AddParameter): Name = "Power"; Value = ""; VariantName = "[No Variations]"
Add component (AddParameter): Name = "Precision"; Value = "10%"; VariantName = "[No Variations]"
Add component (AddParameter): Name = "Temperature"; Value = ""; VariantName = "[No Variations]"
Add component (AddParameter): Name = "Value"; Value = "1nF"; VariantName = "[No Variations]"
Add component (AddParameter): Name = "VerifiedBy"; Value = ""; VariantName = "[No Variations]"
Add component (AddParameter): Name = "Voltage"; Value = "10V"; VariantName = "[No Variations]"
Added Component: Designator=C210(CAP_0402)
Add component (AddParameter): Name = "CreatedBy"; Value = "Jonathan Bouchard"; VariantName = "[No Variations]"
Add component (AddParameter): Name = "Current"; Value = ""; VariantName = "[No Variations]"
Add component (AddParameter): Name = "FootprintNameOK"; Value = ""; VariantName = "[No Variations]"
Add component (AddParameter): Name = "HelpURL"; Value = ""; VariantName = "[No Variations]"
Add component (AddParameter): Name = "Mfg"; Value = ""; VariantName = "[No Variations]"
Add component (AddParameter): Name = "Mfg Part Number"; Value = ""; VariantName = "[No Variations]"
Add component (AddParameter): Name = "NI"; Value = ""; VariantName = "[No Variations]"
Add component (AddParameter): Name = "Package"; Value = "0402"; VariantName = "[No Variations]"
Add component (AddParameter): Name = "Power"; Value = ""; VariantName = "[No Variations]"
Add component (AddParameter): Name = "Precision"; Value = "10%"; VariantName = "[No Variations]"
Add component (AddParameter): Name = "Temperature"; Value = ""; VariantName = "[No Variations]"
Add component (AddParameter): Name = "Value"; Value = "560 pF"; VariantName = "[No Variations]"
Add component (AddParameter): Name = "VerifiedBy"; Value = ""; VariantName = "[No Variations]"
Add component (AddParameter): Name = "Voltage"; Value = "10V"; VariantName = "[No Variations]"
Added Component: Designator=C211(CAP_0402)
Add component (AddParameter): Name = "CreatedBy"; Value = "Jonathan Bouchard"; VariantName = "[No Variations]"
Add component (AddParameter): Name = "Current"; Value = ""; VariantName = "[No Variations]"
Add component (AddParameter): Name = "FootprintNameOK"; Value = ""; VariantName = "[No Variations]"
Add component (AddParameter): Name = "HelpURL"; Value = ""; VariantName = "[No Variations]"
Add component (AddParameter): Name = "Mfg"; Value = ""; VariantName = "[No Variations]"
Add component (AddParameter): Name = "Mfg Part Number"; Value = ""; VariantName = "[No Variations]"
Add component (AddParameter): Name = "NI"; Value = ""; VariantName = "[No Variations]"
Add component (AddParameter): Name = "Package"; Value = "0402"; VariantName = "[No Variations]"
Add component (AddParameter): Name = "Power"; Value = ""; VariantName = "[No Variations]"
Add component (AddParameter): Name = "Precision"; Value = "10%"; VariantName = "[No Variations]"
Add component (AddParameter): Name = "Temperature"; Value = ""; VariantName = "[No Variations]"
Add component (AddParameter): Name = "Value"; Value = "0.1uF"; VariantName = "[No Variations]"
Add component (AddParameter): Name = "VerifiedBy"; Value = ""; VariantName = "[No Variations]"
Add component (AddParameter): Name = "Voltage"; Value = "10V"; VariantName = "[No Variations]"
Added Component: Designator=C212(CAP_0402)
Add component (AddParameter): Name = "CreatedBy"; Value = "Jonathan Bouchard"; VariantName = "[No Variations]"
Add component (AddParameter): Name = "Current"; Value = ""; VariantName = "[No Variations]"
Add component (AddParameter): Name = "FootprintNameOK"; Value = ""; VariantName = "[No Variations]"
Add component (AddParameter): Name = "HelpURL"; Value = ""; VariantName = "[No Variations]"
Add component (AddParameter): Name = "Mfg"; Value = ""; VariantName = "[No Variations]"
Add component (AddParameter): Name = "Mfg Part Number"; Value = ""; VariantName = "[No Variations]"
Add component (AddParameter): Name = "NI"; Value = ""; VariantName = "[No Variations]"
Add component (AddParameter): Name = "Package"; Value = "0402"; VariantName = "[No Variations]"
Add component (AddParameter): Name = "Power"; Value = ""; VariantName = "[No Variations]"
Add component (AddParameter): Name = "Precision"; Value = "10%"; VariantName = "[No Variations]"
Add component (AddParameter): Name = "Temperature"; Value = ""; VariantName = "[No Variations]"
Add component (AddParameter): Name = "Value"; Value = "10nF"; VariantName = "[No Variations]"
Add component (AddParameter): Name = "VerifiedBy"; Value = ""; VariantName = "[No Variations]"
Add component (AddParameter): Name = "Voltage"; Value = "10V"; VariantName = "[No Variations]"
Added Component: Designator=C213(CAP_0402)
Add component (AddParameter): Name = "CreatedBy"; Value = "Jonathan Bouchard"; VariantName = "[No Variations]"
Add component (AddParameter): Name = "Current"; Value = ""; VariantName = "[No Variations]"
Add component (AddParameter): Name = "FootprintNameOK"; Value = ""; VariantName = "[No Variations]"
Add component (AddParameter): Name = "HelpURL"; Value = ""; VariantName = "[No Variations]"
Add component (AddParameter): Name = "Mfg"; Value = ""; VariantName = "[No Variations]"
Add component (AddParameter): Name = "Mfg Part Number"; Value = ""; VariantName = "[No Variations]"
Add component (AddParameter): Name = "NI"; Value = ""; VariantName = "[No Variations]"
Add component (AddParameter): Name = "Package"; Value = "0402"; VariantName = "[No Variations]"
Add component (AddParameter): Name = "Power"; Value = ""; VariantName = "[No Variations]"
Add component (AddParameter): Name = "Precision"; Value = "10%"; VariantName = "[No Variations]"
Add component (AddParameter): Name = "Temperature"; Value = ""; VariantName = "[No Variations]"
Add component (AddParameter): Name = "Value"; Value = "560 pF"; VariantName = "[No Variations]"
Add component (AddParameter): Name = "VerifiedBy"; Value = ""; VariantName = "[No Variations]"
Add component (AddParameter): Name = "Voltage"; Value = "10V"; VariantName = "[No Variations]"
Added Component: Designator=C214(CAP_0402)
Add component (AddParameter): Name = "CreatedBy"; Value = "Jonathan Bouchard"; VariantName = "[No Variations]"
Add component (AddParameter): Name = "Current"; Value = ""; VariantName = "[No Variations]"
Add component (AddParameter): Name = "FootprintNameOK"; Value = ""; VariantName = "[No Variations]"
Add component (AddParameter): Name = "HelpURL"; Value = ""; VariantName = "[No Variations]"
Add component (AddParameter): Name = "Mfg"; Value = ""; VariantName = "[No Variations]"
Add component (AddParameter): Name = "Mfg Part Number"; Value = ""; VariantName = "[No Variations]"
Add component (AddParameter): Name = "NI"; Value = ""; VariantName = "[No Variations]"
Add component (AddParameter): Name = "Package"; Value = "0402"; VariantName = "[No Variations]"
Add component (AddParameter): Name = "Power"; Value = ""; VariantName = "[No Variations]"
Add component (AddParameter): Name = "Precision"; Value = "10%"; VariantName = "[No Variations]"
Add component (AddParameter): Name = "Temperature"; Value = ""; VariantName = "[No Variations]"
Add component (AddParameter): Name = "Value"; Value = "0.1uF"; VariantName = "[No Variations]"
Add component (AddParameter): Name = "VerifiedBy"; Value = ""; VariantName = "[No Variations]"
Add component (AddParameter): Name = "Voltage"; Value = "10V"; VariantName = "[No Variations]"
Added Component: Designator=C215(CAP_0805)
Add component (AddParameter): Name = "CreatedBy"; Value = "Jonathan Bouchard"; VariantName = "[No Variations]"
Add component (AddParameter): Name = "Current"; Value = ""; VariantName = "[No Variations]"
Add component (AddParameter): Name = "FootprintNameOK"; Value = ""; VariantName = "[No Variations]"
Add component (AddParameter): Name = "HelpURL"; Value = ""; VariantName = "[No Variations]"
Add component (AddParameter): Name = "Mfg"; Value = ""; VariantName = "[No Variations]"
Add component (AddParameter): Name = "Mfg Part Number"; Value = ""; VariantName = "[No Variations]"
Add component (AddParameter): Name = "NI"; Value = ""; VariantName = "[No Variations]"
Add component (AddParameter): Name = "Package"; Value = "0805"; VariantName = "[No Variations]"
Add component (AddParameter): Name = "Power"; Value = ""; VariantName = "[No Variations]"
Add component (AddParameter): Name = "Precision"; Value = "10%"; VariantName = "[No Variations]"
Add component (AddParameter): Name = "Temperature"; Value = ""; VariantName = "[No Variations]"
Add component (AddParameter): Name = "Value"; Value = "10uF"; VariantName = "[No Variations]"
Add component (AddParameter): Name = "VerifiedBy"; Value = ""; VariantName = "[No Variations]"
Add component (AddParameter): Name = "Voltage"; Value = "10V"; VariantName = "[No Variations]"
Added Component: Designator=C216(CAP_0805)
Add component (AddParameter): Name = "CreatedBy"; Value = "Jonathan Bouchard"; VariantName = "[No Variations]"
Add component (AddParameter): Name = "Current"; Value = ""; VariantName = "[No Variations]"
Add component (AddParameter): Name = "FootprintNameOK"; Value = ""; VariantName = "[No Variations]"
Add component (AddParameter): Name = "HelpURL"; Value = ""; VariantName = "[No Variations]"
Add component (AddParameter): Name = "Mfg"; Value = ""; VariantName = "[No Variations]"
Add component (AddParameter): Name = "Mfg Part Number"; Value = ""; VariantName = "[No Variations]"
Add component (AddParameter): Name = "NI"; Value = ""; VariantName = "[No Variations]"
Add component (AddParameter): Name = "Package"; Value = "0805"; VariantName = "[No Variations]"
Add component (AddParameter): Name = "Power"; Value = ""; VariantName = "[No Variations]"
Add component (AddParameter): Name = "Precision"; Value = "10%"; VariantName = "[No Variations]"
Add component (AddParameter): Name = "Temperature"; Value = ""; VariantName = "[No Variations]"
Add component (AddParameter): Name = "Value"; Value = "10uF"; VariantName = "[No Variations]"
Add component (AddParameter): Name = "VerifiedBy"; Value = ""; VariantName = "[No Variations]"
Add component (AddParameter): Name = "Voltage"; Value = "10V"; VariantName = "[No Variations]"
Added Component: Designator=C217(CAP_0805)
Add component (AddParameter): Name = "CreatedBy"; Value = "Jonathan Bouchard"; VariantName = "[No Variations]"
Add component (AddParameter): Name = "Current"; Value = ""; VariantName = "[No Variations]"
Add component (AddParameter): Name = "FootprintNameOK"; Value = ""; VariantName = "[No Variations]"
Add component (AddParameter): Name = "HelpURL"; Value = ""; VariantName = "[No Variations]"
Add component (AddParameter): Name = "Mfg"; Value = ""; VariantName = "[No Variations]"
Add component (AddParameter): Name = "Mfg Part Number"; Value = ""; VariantName = "[No Variations]"
Add component (AddParameter): Name = "NI"; Value = ""; VariantName = "[No Variations]"
Add component (AddParameter): Name = "Package"; Value = "0805"; VariantName = "[No Variations]"
Add component (AddParameter): Name = "Power"; Value = ""; VariantName = "[No Variations]"
Add component (AddParameter): Name = "Precision"; Value = "10%"; VariantName = "[No Variations]"
Add component (AddParameter): Name = "Temperature"; Value = ""; VariantName = "[No Variations]"
Add component (AddParameter): Name = "Value"; Value = "10uF"; VariantName = "[No Variations]"
Add component (AddParameter): Name = "VerifiedBy"; Value = ""; VariantName = "[No Variations]"
Add component (AddParameter): Name = "Voltage"; Value = "10V"; VariantName = "[No Variations]"
Added Component: Designator=C218(CAP_0805)
Add component (AddParameter): Name = "CreatedBy"; Value = "Jonathan Bouchard"; VariantName = "[No Variations]"
Add component (AddParameter): Name = "Current"; Value = ""; VariantName = "[No Variations]"
Add component (AddParameter): Name = "FootprintNameOK"; Value = ""; VariantName = "[No Variations]"
Add component (AddParameter): Name = "HelpURL"; Value = ""; VariantName = "[No Variations]"
Add component (AddParameter): Name = "Mfg"; Value = ""; VariantName = "[No Variations]"
Add component (AddParameter): Name = "Mfg Part Number"; Value = ""; VariantName = "[No Variations]"
Add component (AddParameter): Name = "NI"; Value = ""; VariantName = "[No Variations]"
Add component (AddParameter): Name = "Package"; Value = "0805"; VariantName = "[No Variations]"
Add component (AddParameter): Name = "Power"; Value = ""; VariantName = "[No Variations]"
Add component (AddParameter): Name = "Precision"; Value = "10%"; VariantName = "[No Variations]"
Add component (AddParameter): Name = "Temperature"; Value = ""; VariantName = "[No Variations]"
Add component (AddParameter): Name = "Value"; Value = "10uF"; VariantName = "[No Variations]"
Add component (AddParameter): Name = "VerifiedBy"; Value = ""; VariantName = "[No Variations]"
Add component (AddParameter): Name = "Voltage"; Value = "10V"; VariantName = "[No Variations]"
Added Component: Designator=C219(CAP_0402)
Add component (AddParameter): Name = "CreatedBy"; Value = "Jonathan Bouchard"; VariantName = "[No Variations]"
Add component (AddParameter): Name = "Current"; Value = ""; VariantName = "[No Variations]"
Add component (AddParameter): Name = "FootprintNameOK"; Value = ""; VariantName = "[No Variations]"
Add component (AddParameter): Name = "HelpURL"; Value = ""; VariantName = "[No Variations]"
Add component (AddParameter): Name = "Mfg"; Value = ""; VariantName = "[No Variations]"
Add component (AddParameter): Name = "Mfg Part Number"; Value = ""; VariantName = "[No Variations]"
Add component (AddParameter): Name = "NI"; Value = ""; VariantName = "[No Variations]"
Add component (AddParameter): Name = "Package"; Value = "0402"; VariantName = "[No Variations]"
Add component (AddParameter): Name = "Power"; Value = ""; VariantName = "[No Variations]"
Add component (AddParameter): Name = "Precision"; Value = "10%"; VariantName = "[No Variations]"
Add component (AddParameter): Name = "Temperature"; Value = ""; VariantName = "[No Variations]"
Add component (AddParameter): Name = "Value"; Value = "0.1uF"; VariantName = "[No Variations]"
Add component (AddParameter): Name = "VerifiedBy"; Value = ""; VariantName = "[No Variations]"
Add component (AddParameter): Name = "Voltage"; Value = "10V"; VariantName = "[No Variations]"
Added Component: Designator=C220(CAP_0402)
Add component (AddParameter): Name = "CreatedBy"; Value = "Jonathan Bouchard"; VariantName = "[No Variations]"
Add component (AddParameter): Name = "Current"; Value = ""; VariantName = "[No Variations]"
Add component (AddParameter): Name = "FootprintNameOK"; Value = ""; VariantName = "[No Variations]"
Add component (AddParameter): Name = "HelpURL"; Value = ""; VariantName = "[No Variations]"
Add component (AddParameter): Name = "Mfg"; Value = ""; VariantName = "[No Variations]"
Add component (AddParameter): Name = "Mfg Part Number"; Value = ""; VariantName = "[No Variations]"
Add component (AddParameter): Name = "NI"; Value = ""; VariantName = "[No Variations]"
Add component (AddParameter): Name = "Package"; Value = "0402"; VariantName = "[No Variations]"
Add component (AddParameter): Name = "Power"; Value = ""; VariantName = "[No Variations]"
Add component (AddParameter): Name = "Precision"; Value = "10%"; VariantName = "[No Variations]"
Add component (AddParameter): Name = "Temperature"; Value = ""; VariantName = "[No Variations]"
Add component (AddParameter): Name = "Value"; Value = "1nF"; VariantName = "[No Variations]"
Add component (AddParameter): Name = "VerifiedBy"; Value = ""; VariantName = "[No Variations]"
Add component (AddParameter): Name = "Voltage"; Value = "10V"; VariantName = "[No Variations]"
Added Component: Designator=C221(CAP_0402)
Add component (AddParameter): Name = "CreatedBy"; Value = "Jonathan Bouchard"; VariantName = "[No Variations]"
Add component (AddParameter): Name = "Current"; Value = ""; VariantName = "[No Variations]"
Add component (AddParameter): Name = "FootprintNameOK"; Value = ""; VariantName = "[No Variations]"
Add component (AddParameter): Name = "HelpURL"; Value = ""; VariantName = "[No Variations]"
Add component (AddParameter): Name = "Mfg"; Value = ""; VariantName = "[No Variations]"
Add component (AddParameter): Name = "Mfg Part Number"; Value = ""; VariantName = "[No Variations]"
Add component (AddParameter): Name = "NI"; Value = ""; VariantName = "[No Variations]"
Add component (AddParameter): Name = "Package"; Value = "0402"; VariantName = "[No Variations]"
Add component (AddParameter): Name = "Power"; Value = ""; VariantName = "[No Variations]"
Add component (AddParameter): Name = "Precision"; Value = "10%"; VariantName = "[No Variations]"
Add component (AddParameter): Name = "Temperature"; Value = ""; VariantName = "[No Variations]"
Add component (AddParameter): Name = "Value"; Value = "560 pF"; VariantName = "[No Variations]"
Add component (AddParameter): Name = "VerifiedBy"; Value = ""; VariantName = "[No Variations]"
Add component (AddParameter): Name = "Voltage"; Value = "10V"; VariantName = "[No Variations]"
Added Component: Designator=C222(CAP_0402)
Add component (AddParameter): Name = "CreatedBy"; Value = "Jonathan Bouchard"; VariantName = "[No Variations]"
Add component (AddParameter): Name = "Current"; Value = ""; VariantName = "[No Variations]"
Add component (AddParameter): Name = "FootprintNameOK"; Value = ""; VariantName = "[No Variations]"
Add component (AddParameter): Name = "HelpURL"; Value = ""; VariantName = "[No Variations]"
Add component (AddParameter): Name = "Mfg"; Value = ""; VariantName = "[No Variations]"
Add component (AddParameter): Name = "Mfg Part Number"; Value = ""; VariantName = "[No Variations]"
Add component (AddParameter): Name = "NI"; Value = ""; VariantName = "[No Variations]"
Add component (AddParameter): Name = "Package"; Value = "0402"; VariantName = "[No Variations]"
Add component (AddParameter): Name = "Power"; Value = ""; VariantName = "[No Variations]"
Add component (AddParameter): Name = "Precision"; Value = "10%"; VariantName = "[No Variations]"
Add component (AddParameter): Name = "Temperature"; Value = ""; VariantName = "[No Variations]"
Add component (AddParameter): Name = "Value"; Value = "0.1uF"; VariantName = "[No Variations]"
Add component (AddParameter): Name = "VerifiedBy"; Value = ""; VariantName = "[No Variations]"
Add component (AddParameter): Name = "Voltage"; Value = "10V"; VariantName = "[No Variations]"
Added Component: Designator=C223(CAP_0402)
Add component (AddParameter): Name = "CreatedBy"; Value = "Jonathan Bouchard"; VariantName = "[No Variations]"
Add component (AddParameter): Name = "Current"; Value = ""; VariantName = "[No Variations]"
Add component (AddParameter): Name = "FootprintNameOK"; Value = ""; VariantName = "[No Variations]"
Add component (AddParameter): Name = "HelpURL"; Value = ""; VariantName = "[No Variations]"
Add component (AddParameter): Name = "Mfg"; Value = ""; VariantName = "[No Variations]"
Add component (AddParameter): Name = "Mfg Part Number"; Value = ""; VariantName = "[No Variations]"
Add component (AddParameter): Name = "NI"; Value = ""; VariantName = "[No Variations]"
Add component (AddParameter): Name = "Package"; Value = "0402"; VariantName = "[No Variations]"
Add component (AddParameter): Name = "Power"; Value = ""; VariantName = "[No Variations]"
Add component (AddParameter): Name = "Precision"; Value = "10%"; VariantName = "[No Variations]"
Add component (AddParameter): Name = "Temperature"; Value = ""; VariantName = "[No Variations]"
Add component (AddParameter): Name = "Value"; Value = "1nF"; VariantName = "[No Variations]"
Add component (AddParameter): Name = "VerifiedBy"; Value = ""; VariantName = "[No Variations]"
Add component (AddParameter): Name = "Voltage"; Value = "10V"; VariantName = "[No Variations]"
Added Component: Designator=C224(CAP_0402)
Add component (AddParameter): Name = "CreatedBy"; Value = "Jonathan Bouchard"; VariantName = "[No Variations]"
Add component (AddParameter): Name = "Current"; Value = ""; VariantName = "[No Variations]"
Add component (AddParameter): Name = "FootprintNameOK"; Value = ""; VariantName = "[No Variations]"
Add component (AddParameter): Name = "HelpURL"; Value = ""; VariantName = "[No Variations]"
Add component (AddParameter): Name = "Mfg"; Value = ""; VariantName = "[No Variations]"
Add component (AddParameter): Name = "Mfg Part Number"; Value = ""; VariantName = "[No Variations]"
Add component (AddParameter): Name = "NI"; Value = ""; VariantName = "[No Variations]"
Add component (AddParameter): Name = "Package"; Value = "0402"; VariantName = "[No Variations]"
Add component (AddParameter): Name = "Power"; Value = ""; VariantName = "[No Variations]"
Add component (AddParameter): Name = "Precision"; Value = "10%"; VariantName = "[No Variations]"
Add component (AddParameter): Name = "Temperature"; Value = ""; VariantName = "[No Variations]"
Add component (AddParameter): Name = "Value"; Value = "560 pF"; VariantName = "[No Variations]"
Add component (AddParameter): Name = "VerifiedBy"; Value = ""; VariantName = "[No Variations]"
Add component (AddParameter): Name = "Voltage"; Value = "10V"; VariantName = "[No Variations]"
Added Component: Designator=C225(CAP_0402)
Add component (AddParameter): Name = "CreatedBy"; Value = "Jonathan Bouchard"; VariantName = "[No Variations]"
Add component (AddParameter): Name = "Current"; Value = ""; VariantName = "[No Variations]"
Add component (AddParameter): Name = "FootprintNameOK"; Value = ""; VariantName = "[No Variations]"
Add component (AddParameter): Name = "HelpURL"; Value = ""; VariantName = "[No Variations]"
Add component (AddParameter): Name = "Mfg"; Value = ""; VariantName = "[No Variations]"
Add component (AddParameter): Name = "Mfg Part Number"; Value = ""; VariantName = "[No Variations]"
Add component (AddParameter): Name = "NI"; Value = ""; VariantName = "[No Variations]"
Add component (AddParameter): Name = "Package"; Value = "0402"; VariantName = "[No Variations]"
Add component (AddParameter): Name = "Power"; Value = ""; VariantName = "[No Variations]"
Add component (AddParameter): Name = "Precision"; Value = "10%"; VariantName = "[No Variations]"
Add component (AddParameter): Name = "Temperature"; Value = ""; VariantName = "[No Variations]"
Add component (AddParameter): Name = "Value"; Value = "0.1uF"; VariantName = "[No Variations]"
Add component (AddParameter): Name = "VerifiedBy"; Value = ""; VariantName = "[No Variations]"
Add component (AddParameter): Name = "Voltage"; Value = "10V"; VariantName = "[No Variations]"
Added Component: Designator=C226(CAP_0402)
Add component (AddParameter): Name = "CreatedBy"; Value = "Jonathan Bouchard"; VariantName = "[No Variations]"
Add component (AddParameter): Name = "Current"; Value = ""; VariantName = "[No Variations]"
Add component (AddParameter): Name = "FootprintNameOK"; Value = ""; VariantName = "[No Variations]"
Add component (AddParameter): Name = "HelpURL"; Value = ""; VariantName = "[No Variations]"
Add component (AddParameter): Name = "Mfg"; Value = ""; VariantName = "[No Variations]"
Add component (AddParameter): Name = "Mfg Part Number"; Value = ""; VariantName = "[No Variations]"
Add component (AddParameter): Name = "NI"; Value = ""; VariantName = "[No Variations]"
Add component (AddParameter): Name = "Package"; Value = "0402"; VariantName = "[No Variations]"
Add component (AddParameter): Name = "Power"; Value = ""; VariantName = "[No Variations]"
Add component (AddParameter): Name = "Precision"; Value = "10%"; VariantName = "[No Variations]"
Add component (AddParameter): Name = "Temperature"; Value = ""; VariantName = "[No Variations]"
Add component (AddParameter): Name = "Value"; Value = "1nF"; VariantName = "[No Variations]"
Add component (AddParameter): Name = "VerifiedBy"; Value = ""; VariantName = "[No Variations]"
Add component (AddParameter): Name = "Voltage"; Value = "10V"; VariantName = "[No Variations]"
Added Component: Designator=C227(CAP_0402)
Add component (AddParameter): Name = "CreatedBy"; Value = "Jonathan Bouchard"; VariantName = "[No Variations]"
Add component (AddParameter): Name = "Current"; Value = ""; VariantName = "[No Variations]"
Add component (AddParameter): Name = "FootprintNameOK"; Value = ""; VariantName = "[No Variations]"
Add component (AddParameter): Name = "HelpURL"; Value = ""; VariantName = "[No Variations]"
Add component (AddParameter): Name = "Mfg"; Value = ""; VariantName = "[No Variations]"
Add component (AddParameter): Name = "Mfg Part Number"; Value = ""; VariantName = "[No Variations]"
Add component (AddParameter): Name = "NI"; Value = ""; VariantName = "[No Variations]"
Add component (AddParameter): Name = "Package"; Value = "0402"; VariantName = "[No Variations]"
Add component (AddParameter): Name = "Power"; Value = ""; VariantName = "[No Variations]"
Add component (AddParameter): Name = "Precision"; Value = "10%"; VariantName = "[No Variations]"
Add component (AddParameter): Name = "Temperature"; Value = ""; VariantName = "[No Variations]"
Add component (AddParameter): Name = "Value"; Value = "560 pF"; VariantName = "[No Variations]"
Add component (AddParameter): Name = "VerifiedBy"; Value = ""; VariantName = "[No Variations]"
Add component (AddParameter): Name = "Voltage"; Value = "10V"; VariantName = "[No Variations]"
Added Component: Designator=C228(CAP_0402)
Add component (AddParameter): Name = "CreatedBy"; Value = "Jonathan Bouchard"; VariantName = "[No Variations]"
Add component (AddParameter): Name = "Current"; Value = ""; VariantName = "[No Variations]"
Add component (AddParameter): Name = "FootprintNameOK"; Value = ""; VariantName = "[No Variations]"
Add component (AddParameter): Name = "HelpURL"; Value = ""; VariantName = "[No Variations]"
Add component (AddParameter): Name = "Mfg"; Value = ""; VariantName = "[No Variations]"
Add component (AddParameter): Name = "Mfg Part Number"; Value = ""; VariantName = "[No Variations]"
Add component (AddParameter): Name = "NI"; Value = ""; VariantName = "[No Variations]"
Add component (AddParameter): Name = "Package"; Value = "0402"; VariantName = "[No Variations]"
Add component (AddParameter): Name = "Power"; Value = ""; VariantName = "[No Variations]"
Add component (AddParameter): Name = "Precision"; Value = "10%"; VariantName = "[No Variations]"
Add component (AddParameter): Name = "Temperature"; Value = ""; VariantName = "[No Variations]"
Add component (AddParameter): Name = "Value"; Value = "0.1uF"; VariantName = "[No Variations]"
Add component (AddParameter): Name = "VerifiedBy"; Value = ""; VariantName = "[No Variations]"
Add component (AddParameter): Name = "Voltage"; Value = "10V"; VariantName = "[No Variations]"
Added Component: Designator=C229(CAP_0402)
Add component (AddParameter): Name = "CreatedBy"; Value = "Jonathan Bouchard"; VariantName = "[No Variations]"
Add component (AddParameter): Name = "Current"; Value = ""; VariantName = "[No Variations]"
Add component (AddParameter): Name = "FootprintNameOK"; Value = ""; VariantName = "[No Variations]"
Add component (AddParameter): Name = "HelpURL"; Value = ""; VariantName = "[No Variations]"
Add component (AddParameter): Name = "Mfg"; Value = ""; VariantName = "[No Variations]"
Add component (AddParameter): Name = "Mfg Part Number"; Value = ""; VariantName = "[No Variations]"
Add component (AddParameter): Name = "NI"; Value = ""; VariantName = "[No Variations]"
Add component (AddParameter): Name = "Package"; Value = "0402"; VariantName = "[No Variations]"
Add component (AddParameter): Name = "Power"; Value = ""; VariantName = "[No Variations]"
Add component (AddParameter): Name = "Precision"; Value = "10%"; VariantName = "[No Variations]"
Add component (AddParameter): Name = "Temperature"; Value = ""; VariantName = "[No Variations]"
Add component (AddParameter): Name = "Value"; Value = "1nF"; VariantName = "[No Variations]"
Add component (AddParameter): Name = "VerifiedBy"; Value = ""; VariantName = "[No Variations]"
Add component (AddParameter): Name = "Voltage"; Value = "10V"; VariantName = "[No Variations]"
Added Component: Designator=C230(CAP_0402)
Add component (AddParameter): Name = "CreatedBy"; Value = "Jonathan Bouchard"; VariantName = "[No Variations]"
Add component (AddParameter): Name = "Current"; Value = ""; VariantName = "[No Variations]"
Add component (AddParameter): Name = "FootprintNameOK"; Value = ""; VariantName = "[No Variations]"
Add component (AddParameter): Name = "HelpURL"; Value = ""; VariantName = "[No Variations]"
Add component (AddParameter): Name = "Mfg"; Value = ""; VariantName = "[No Variations]"
Add component (AddParameter): Name = "Mfg Part Number"; Value = ""; VariantName = "[No Variations]"
Add component (AddParameter): Name = "NI"; Value = ""; VariantName = "[No Variations]"
Add component (AddParameter): Name = "Package"; Value = "0402"; VariantName = "[No Variations]"
Add component (AddParameter): Name = "Power"; Value = ""; VariantName = "[No Variations]"
Add component (AddParameter): Name = "Precision"; Value = "10%"; VariantName = "[No Variations]"
Add component (AddParameter): Name = "Temperature"; Value = ""; VariantName = "[No Variations]"
Add component (AddParameter): Name = "Value"; Value = "560 pF"; VariantName = "[No Variations]"
Add component (AddParameter): Name = "VerifiedBy"; Value = ""; VariantName = "[No Variations]"
Add component (AddParameter): Name = "Voltage"; Value = "10V"; VariantName = "[No Variations]"
Added Component: Designator=C231(CAP_0402)
Add component (AddParameter): Name = "CreatedBy"; Value = "Jonathan Bouchard"; VariantName = "[No Variations]"
Add component (AddParameter): Name = "Current"; Value = ""; VariantName = "[No Variations]"
Add component (AddParameter): Name = "FootprintNameOK"; Value = ""; VariantName = "[No Variations]"
Add component (AddParameter): Name = "HelpURL"; Value = ""; VariantName = "[No Variations]"
Add component (AddParameter): Name = "Mfg"; Value = ""; VariantName = "[No Variations]"
Add component (AddParameter): Name = "Mfg Part Number"; Value = ""; VariantName = "[No Variations]"
Add component (AddParameter): Name = "NI"; Value = ""; VariantName = "[No Variations]"
Add component (AddParameter): Name = "Package"; Value = "0402"; VariantName = "[No Variations]"
Add component (AddParameter): Name = "Power"; Value = ""; VariantName = "[No Variations]"
Add component (AddParameter): Name = "Precision"; Value = "10%"; VariantName = "[No Variations]"
Add component (AddParameter): Name = "Temperature"; Value = ""; VariantName = "[No Variations]"
Add component (AddParameter): Name = "Value"; Value = "0.1uF"; VariantName = "[No Variations]"
Add component (AddParameter): Name = "VerifiedBy"; Value = ""; VariantName = "[No Variations]"
Add component (AddParameter): Name = "Voltage"; Value = "10V"; VariantName = "[No Variations]"
Added Component: Designator=C232(CAP_0805)
Add component (AddParameter): Name = "CreatedBy"; Value = "Jonathan Bouchard"; VariantName = "[No Variations]"
Add component (AddParameter): Name = "Current"; Value = ""; VariantName = "[No Variations]"
Add component (AddParameter): Name = "FootprintNameOK"; Value = ""; VariantName = "[No Variations]"
Add component (AddParameter): Name = "HelpURL"; Value = ""; VariantName = "[No Variations]"
Add component (AddParameter): Name = "Mfg"; Value = ""; VariantName = "[No Variations]"
Add component (AddParameter): Name = "Mfg Part Number"; Value = ""; VariantName = "[No Variations]"
Add component (AddParameter): Name = "NI"; Value = ""; VariantName = "[No Variations]"
Add component (AddParameter): Name = "Package"; Value = "0805"; VariantName = "[No Variations]"
Add component (AddParameter): Name = "Power"; Value = ""; VariantName = "[No Variations]"
Add component (AddParameter): Name = "Precision"; Value = "10%"; VariantName = "[No Variations]"
Add component (AddParameter): Name = "Temperature"; Value = ""; VariantName = "[No Variations]"
Add component (AddParameter): Name = "Value"; Value = "10uF"; VariantName = "[No Variations]"
Add component (AddParameter): Name = "VerifiedBy"; Value = ""; VariantName = "[No Variations]"
Add component (AddParameter): Name = "Voltage"; Value = "10V"; VariantName = "[No Variations]"
Added Component: Designator=C233(CAP_1210)
Add component (AddParameter): Name = "CreatedBy"; Value = "Jonathan Bouchard"; VariantName = "[No Variations]"
Add component (AddParameter): Name = "Current"; Value = ""; VariantName = "[No Variations]"
Add component (AddParameter): Name = "FootprintNameOK"; Value = ""; VariantName = "[No Variations]"
Add component (AddParameter): Name = "HelpURL"; Value = ""; VariantName = "[No Variations]"
Add component (AddParameter): Name = "Mfg"; Value = ""; VariantName = "[No Variations]"
Add component (AddParameter): Name = "Mfg Part Number"; Value = ""; VariantName = "[No Variations]"
Add component (AddParameter): Name = "NI"; Value = ""; VariantName = "[No Variations]"
Add component (AddParameter): Name = "Package"; Value = "1210"; VariantName = "[No Variations]"
Add component (AddParameter): Name = "Power"; Value = ""; VariantName = "[No Variations]"
Add component (AddParameter): Name = "Precision"; Value = "10%"; VariantName = "[No Variations]"
Add component (AddParameter): Name = "Temperature"; Value = ""; VariantName = "[No Variations]"
Add component (AddParameter): Name = "Value"; Value = "10u"; VariantName = "[No Variations]"
Add component (AddParameter): Name = "VerifiedBy"; Value = ""; VariantName = "[No Variations]"
Add component (AddParameter): Name = "Voltage"; Value = "35V"; VariantName = "[No Variations]"
Added Component: Designator=C234(CAP_0402)
Add component (AddParameter): Name = "CreatedBy"; Value = "Jonathan Bouchard"; VariantName = "[No Variations]"
Add component (AddParameter): Name = "Current"; Value = ""; VariantName = "[No Variations]"
Add component (AddParameter): Name = "FootprintNameOK"; Value = ""; VariantName = "[No Variations]"
Add component (AddParameter): Name = "HelpURL"; Value = ""; VariantName = "[No Variations]"
Add component (AddParameter): Name = "Mfg"; Value = ""; VariantName = "[No Variations]"
Add component (AddParameter): Name = "Mfg Part Number"; Value = ""; VariantName = "[No Variations]"
Add component (AddParameter): Name = "NI"; Value = ""; VariantName = "[No Variations]"
Add component (AddParameter): Name = "Package"; Value = "0402"; VariantName = "[No Variations]"
Add component (AddParameter): Name = "Power"; Value = ""; VariantName = "[No Variations]"
Add component (AddParameter): Name = "Precision"; Value = "10%"; VariantName = "[No Variations]"
Add component (AddParameter): Name = "Temperature"; Value = ""; VariantName = "[No Variations]"
Add component (AddParameter): Name = "Value"; Value = "100n"; VariantName = "[No Variations]"
Add component (AddParameter): Name = "VerifiedBy"; Value = ""; VariantName = "[No Variations]"
Add component (AddParameter): Name = "Voltage"; Value = "16V"; VariantName = "[No Variations]"
Added Component: Designator=C235(CAP_0402)
Add component (AddParameter): Name = "CreatedBy"; Value = "Jonathan Bouchard"; VariantName = "[No Variations]"
Add component (AddParameter): Name = "Current"; Value = ""; VariantName = "[No Variations]"
Add component (AddParameter): Name = "FootprintNameOK"; Value = ""; VariantName = "[No Variations]"
Add component (AddParameter): Name = "HelpURL"; Value = ""; VariantName = "[No Variations]"
Add component (AddParameter): Name = "Mfg"; Value = ""; VariantName = "[No Variations]"
Add component (AddParameter): Name = "Mfg Part Number"; Value = ""; VariantName = "[No Variations]"
Add component (AddParameter): Name = "NI"; Value = ""; VariantName = "[No Variations]"
Add component (AddParameter): Name = "Package"; Value = "0402"; VariantName = "[No Variations]"
Add component (AddParameter): Name = "Power"; Value = ""; VariantName = "[No Variations]"
Add component (AddParameter): Name = "Precision"; Value = "10%"; VariantName = "[No Variations]"
Add component (AddParameter): Name = "Temperature"; Value = ""; VariantName = "[No Variations]"
Add component (AddParameter): Name = "Value"; Value = "100n"; VariantName = "[No Variations]"
Add component (AddParameter): Name = "VerifiedBy"; Value = ""; VariantName = "[No Variations]"
Add component (AddParameter): Name = "Voltage"; Value = "16V"; VariantName = "[No Variations]"
Added Component: Designator=C236(CAP_0402)
Add component (AddParameter): Name = "CreatedBy"; Value = "Jonathan Bouchard"; VariantName = "[No Variations]"
Add component (AddParameter): Name = "Current"; Value = ""; VariantName = "[No Variations]"
Add component (AddParameter): Name = "FootprintNameOK"; Value = ""; VariantName = "[No Variations]"
Add component (AddParameter): Name = "HelpURL"; Value = ""; VariantName = "[No Variations]"
Add component (AddParameter): Name = "Mfg"; Value = ""; VariantName = "[No Variations]"
Add component (AddParameter): Name = "Mfg Part Number"; Value = ""; VariantName = "[No Variations]"
Add component (AddParameter): Name = "NI"; Value = ""; VariantName = "[No Variations]"
Add component (AddParameter): Name = "Package"; Value = "1206"; VariantName = "[No Variations]"
Add component (AddParameter): Name = "Power"; Value = ""; VariantName = "[No Variations]"
Add component (AddParameter): Name = "Precision"; Value = "10%"; VariantName = "[No Variations]"
Add component (AddParameter): Name = "Temperature"; Value = ""; VariantName = "[No Variations]"
Add component (AddParameter): Name = "Value"; Value = "1n"; VariantName = "[No Variations]"
Add component (AddParameter): Name = "VerifiedBy"; Value = ""; VariantName = "[No Variations]"
Add component (AddParameter): Name = "Voltage"; Value = "2.5kV"; VariantName = "[No Variations]"
Added Component: Designator=C237(CAP_0402)
Add component (AddParameter): Name = "CreatedBy"; Value = "Jonathan Bouchard"; VariantName = "[No Variations]"
Add component (AddParameter): Name = "Current"; Value = ""; VariantName = "[No Variations]"
Add component (AddParameter): Name = "FootprintNameOK"; Value = ""; VariantName = "[No Variations]"
Add component (AddParameter): Name = "HelpURL"; Value = ""; VariantName = "[No Variations]"
Add component (AddParameter): Name = "Mfg"; Value = ""; VariantName = "[No Variations]"
Add component (AddParameter): Name = "Mfg Part Number"; Value = ""; VariantName = "[No Variations]"
Add component (AddParameter): Name = "NI"; Value = ""; VariantName = "[No Variations]"
Add component (AddParameter): Name = "Package"; Value = "0402"; VariantName = "[No Variations]"
Add component (AddParameter): Name = "Power"; Value = ""; VariantName = "[No Variations]"
Add component (AddParameter): Name = "Precision"; Value = "10%"; VariantName = "[No Variations]"
Add component (AddParameter): Name = "Temperature"; Value = ""; VariantName = "[No Variations]"
Add component (AddParameter): Name = "Value"; Value = "100n"; VariantName = "[No Variations]"
Add component (AddParameter): Name = "VerifiedBy"; Value = ""; VariantName = "[No Variations]"
Add component (AddParameter): Name = "Voltage"; Value = "16V"; VariantName = "[No Variations]"
Added Component: Designator=C238(CAP_0402)
Add component (AddParameter): Name = "CreatedBy"; Value = "Jonathan Bouchard"; VariantName = "[No Variations]"
Add component (AddParameter): Name = "Current"; Value = ""; VariantName = "[No Variations]"
Add component (AddParameter): Name = "FootprintNameOK"; Value = ""; VariantName = "[No Variations]"
Add component (AddParameter): Name = "HelpURL"; Value = ""; VariantName = "[No Variations]"
Add component (AddParameter): Name = "Mfg"; Value = ""; VariantName = "[No Variations]"
Add component (AddParameter): Name = "Mfg Part Number"; Value = ""; VariantName = "[No Variations]"
Add component (AddParameter): Name = "NI"; Value = ""; VariantName = "[No Variations]"
Add component (AddParameter): Name = "Package"; Value = "0402"; VariantName = "[No Variations]"
Add component (AddParameter): Name = "Power"; Value = ""; VariantName = "[No Variations]"
Add component (AddParameter): Name = "Precision"; Value = "10%"; VariantName = "[No Variations]"
Add component (AddParameter): Name = "Temperature"; Value = ""; VariantName = "[No Variations]"
Add component (AddParameter): Name = "Value"; Value = "100n"; VariantName = "[No Variations]"
Add component (AddParameter): Name = "VerifiedBy"; Value = ""; VariantName = "[No Variations]"
Add component (AddParameter): Name = "Voltage"; Value = "16V"; VariantName = "[No Variations]"
Added Component: Designator=C239(CAP_0402)
Add component (AddParameter): Name = "CreatedBy"; Value = "Jonathan Bouchard"; VariantName = "[No Variations]"
Add component (AddParameter): Name = "Current"; Value = ""; VariantName = "[No Variations]"
Add component (AddParameter): Name = "FootprintNameOK"; Value = ""; VariantName = "[No Variations]"
Add component (AddParameter): Name = "HelpURL"; Value = ""; VariantName = "[No Variations]"
Add component (AddParameter): Name = "Mfg"; Value = ""; VariantName = "[No Variations]"
Add component (AddParameter): Name = "Mfg Part Number"; Value = ""; VariantName = "[No Variations]"
Add component (AddParameter): Name = "NI"; Value = ""; VariantName = "[No Variations]"
Add component (AddParameter): Name = "Package"; Value = "0402"; VariantName = "[No Variations]"
Add component (AddParameter): Name = "Power"; Value = ""; VariantName = "[No Variations]"
Add component (AddParameter): Name = "Precision"; Value = "10%"; VariantName = "[No Variations]"
Add component (AddParameter): Name = "Temperature"; Value = ""; VariantName = "[No Variations]"
Add component (AddParameter): Name = "Value"; Value = "22uF"; VariantName = "[No Variations]"
Add component (AddParameter): Name = "VerifiedBy"; Value = ""; VariantName = "[No Variations]"
Add component (AddParameter): Name = "Voltage"; Value = "16V"; VariantName = "[No Variations]"
Added Component: Designator=C240(CAP_0402)
Add component (AddParameter): Name = "CreatedBy"; Value = "Jonathan Bouchard"; VariantName = "[No Variations]"
Add component (AddParameter): Name = "Current"; Value = ""; VariantName = "[No Variations]"
Add component (AddParameter): Name = "FootprintNameOK"; Value = ""; VariantName = "[No Variations]"
Add component (AddParameter): Name = "HelpURL"; Value = ""; VariantName = "[No Variations]"
Add component (AddParameter): Name = "Mfg"; Value = ""; VariantName = "[No Variations]"
Add component (AddParameter): Name = "Mfg Part Number"; Value = ""; VariantName = "[No Variations]"
Add component (AddParameter): Name = "NI"; Value = ""; VariantName = "[No Variations]"
Add component (AddParameter): Name = "Package"; Value = "0402"; VariantName = "[No Variations]"
Add component (AddParameter): Name = "Power"; Value = ""; VariantName = "[No Variations]"
Add component (AddParameter): Name = "Precision"; Value = "10%"; VariantName = "[No Variations]"
Add component (AddParameter): Name = "Temperature"; Value = ""; VariantName = "[No Variations]"
Add component (AddParameter): Name = "Value"; Value = "100n"; VariantName = "[No Variations]"
Add component (AddParameter): Name = "VerifiedBy"; Value = ""; VariantName = "[No Variations]"
Add component (AddParameter): Name = "Voltage"; Value = "16V"; VariantName = "[No Variations]"
Added Component: Designator=C241(CAP_0402)
Add component (AddParameter): Name = "CreatedBy"; Value = "Jonathan Bouchard"; VariantName = "[No Variations]"
Add component (AddParameter): Name = "Current"; Value = ""; VariantName = "[No Variations]"
Add component (AddParameter): Name = "FootprintNameOK"; Value = ""; VariantName = "[No Variations]"
Add component (AddParameter): Name = "HelpURL"; Value = ""; VariantName = "[No Variations]"
Add component (AddParameter): Name = "Mfg"; Value = ""; VariantName = "[No Variations]"
Add component (AddParameter): Name = "Mfg Part Number"; Value = ""; VariantName = "[No Variations]"
Add component (AddParameter): Name = "NI"; Value = ""; VariantName = "[No Variations]"
Add component (AddParameter): Name = "Package"; Value = "0402"; VariantName = "[No Variations]"
Add component (AddParameter): Name = "Power"; Value = ""; VariantName = "[No Variations]"
Add component (AddParameter): Name = "Precision"; Value = "10%"; VariantName = "[No Variations]"
Add component (AddParameter): Name = "Temperature"; Value = ""; VariantName = "[No Variations]"
Add component (AddParameter): Name = "Value"; Value = "22uF"; VariantName = "[No Variations]"
Add component (AddParameter): Name = "VerifiedBy"; Value = ""; VariantName = "[No Variations]"
Add component (AddParameter): Name = "Voltage"; Value = "16V"; VariantName = "[No Variations]"
Added Component: Designator=C242(CAP_0402)
Add component (AddParameter): Name = "CreatedBy"; Value = "Jonathan Bouchard"; VariantName = "[No Variations]"
Add component (AddParameter): Name = "Current"; Value = ""; VariantName = "[No Variations]"
Add component (AddParameter): Name = "FootprintNameOK"; Value = ""; VariantName = "[No Variations]"
Add component (AddParameter): Name = "HelpURL"; Value = ""; VariantName = "[No Variations]"
Add component (AddParameter): Name = "Mfg"; Value = ""; VariantName = "[No Variations]"
Add component (AddParameter): Name = "Mfg Part Number"; Value = ""; VariantName = "[No Variations]"
Add component (AddParameter): Name = "NI"; Value = ""; VariantName = "[No Variations]"
Add component (AddParameter): Name = "Package"; Value = "0402"; VariantName = "[No Variations]"
Add component (AddParameter): Name = "Power"; Value = ""; VariantName = "[No Variations]"
Add component (AddParameter): Name = "Precision"; Value = "10%"; VariantName = "[No Variations]"
Add component (AddParameter): Name = "Temperature"; Value = ""; VariantName = "[No Variations]"
Add component (AddParameter): Name = "Value"; Value = "100n"; VariantName = "[No Variations]"
Add component (AddParameter): Name = "VerifiedBy"; Value = ""; VariantName = "[No Variations]"
Add component (AddParameter): Name = "Voltage"; Value = "16V"; VariantName = "[No Variations]"
Added Component: Designator=D1(FP-369AS-MFG)
Add component (AddParameter): Name = "Automotive"; Value = "No"; VariantName = "[No Variations]"
Add component (AddParameter): Name = "Category"; Value = "Diode"; VariantName = "[No Variations]"
Add component (AddParameter): Name = "ComponentLink2Description"; Value = "Datasheet"; VariantName = "[No Variations]"
Add component (AddParameter): Name = "ComponentLink2URL"; Value = "https://www.onsemi.com/pub/Collateral/FDD4141-D.pdf"; VariantName = "[No Variations]"
Add component (AddParameter): Name = "Continuous Drain Current"; Value = "-10.8A"; VariantName = "[No Variations]"
Add component (AddParameter): Name = "Depletion Mode"; Value = "False"; VariantName = "[No Variations]"
Add component (AddParameter): Name = "Device Class L1"; Value = "Discrete Semiconductors"; VariantName = "[No Variations]"
Add component (AddParameter): Name = "Device Class L2"; Value = "Transistors"; VariantName = "[No Variations]"
Add component (AddParameter): Name = "Device Class L3"; Value = "MOSFETs"; VariantName = "[No Variations]"
Add component (AddParameter): Name = "Digikey Description"; Value = "MOSFET P-CH 40V 10.8A DPAK"; VariantName = "[No Variations]"
Add component (AddParameter): Name = "Drain To Source Breakdown Voltage"; Value = "-40V"; VariantName = "[No Variations]"
Add component (AddParameter): Name = "Drain To Source Resistance"; Value = "10.1mO"; VariantName = "[No Variations]"
Add component (AddParameter): Name = "Drain To Source Voltage"; Value = "-40V"; VariantName = "[No Variations]"
Add component (AddParameter): Name = "Footprint Url"; Value = "https://www.onsemi.com/pub/Collateral/369AS.PDF"; VariantName = "[No Variations]"
Add component (AddParameter): Name = "Gate Charge At Vgs"; Value = "36nC @ -10V"; VariantName = "[No Variations]"
Add component (AddParameter): Name = "Gate To Source Voltage"; Value = "20V"; VariantName = "[No Variations]"
Add component (AddParameter): Name = "Height"; Value = "2.517mm"; VariantName = "[No Variations]"
Add component (AddParameter): Name = "Input Capacitace At Vds"; Value = "2085pF @ -20V"; VariantName = "[No Variations]"
Add component (AddParameter): Name = "Lead Free"; Value = "Yes"; VariantName = "[No Variations]"
Add component (AddParameter): Name = "Manufacturer"; Value = "ON Semiconductor"; VariantName = "[No Variations]"
Add component (AddParameter): Name = "Manufacturer Part Number"; Value = "FDD4141"; VariantName = "[No Variations]"
Add component (AddParameter): Name = "Max Forward Diode Voltage"; Value = "-1.2V"; VariantName = "[No Variations]"
Add component (AddParameter): Name = "Max Junction Temp"; Value = "+150°C"; VariantName = "[No Variations]"
Add component (AddParameter): Name = "Mouser Description"; Value = "MOSFET -40V P-Channel PowerTrench"; VariantName = "[No Variations]"
Add component (AddParameter): Name = "Number Of Channels"; Value = "1"; VariantName = "[No Variations]"
Add component (AddParameter): Name = "Number Of P Channels"; Value = "1"; VariantName = "[No Variations]"
Add component (AddParameter): Name = "Octopart"; Value = "https://octopart.com/fdd4141-on+semiconductor-84325802"; VariantName = "[No Variations]"
Add component (AddParameter): Name = "Package"; Value = "369AS"; VariantName = "[No Variations]"
Add component (AddParameter): Name = "Power Dissipation"; Value = "2.4W"; VariantName = "[No Variations]"
Add component (AddParameter): Name = "Pulse Drain Current"; Value = "-100A"; VariantName = "[No Variations]"
Add component (AddParameter): Name = "Reverse Recovery Charge"; Value = "26nC"; VariantName = "[No Variations]"
Add component (AddParameter): Name = "Reverse Recovery Time"; Value = "29ns"; VariantName = "[No Variations]"
Add component (AddParameter): Name = "RoHS"; Value = "TRUE"; VariantName = "[No Variations]"
Add component (AddParameter): Name = "Rthja Max"; Value = "52°C/W"; VariantName = "[No Variations]"
Add component (AddParameter): Name = "Temperature"; Value = "-55°C to +150°C"; VariantName = "[No Variations]"
Add component (AddParameter): Name = "Temperature Range High"; Value = "+150°C"; VariantName = "[No Variations]"
Add component (AddParameter): Name = "Temperature Range Low"; Value = "-55°C"; VariantName = "[No Variations]"
Add component (AddParameter): Name = "Threshold Vgs Max"; Value = "-3V"; VariantName = "[No Variations]"
Add component (AddParameter): Name = "Threshold Vgs Min"; Value = "-1V"; VariantName = "[No Variations]"
Add component (AddParameter): Name = "Transconductance"; Value = "38S"; VariantName = "[No Variations]"
Add component (AddParameter): Name = "Turn Off Delay Time"; Value = "38ns"; VariantName = "[No Variations]"
Add component (AddParameter): Name = "Turn On Delay Time"; Value = "10ns"; VariantName = "[No Variations]"
Add component (AddParameter): Name = "Typ Forward Diode Voltage"; Value = "-0.8V"; VariantName = "[No Variations]"
Added Component: Designator=D2(TVS_PWR_SMBJ5.0CA)
Add component (AddParameter): Name = "Assembly Note"; Value = ""; VariantName = "[No Variations]"
Add component (AddParameter): Name = "Assembly Type"; Value = "SMD"; VariantName = "[No Variations]"
Add component (AddParameter): Name = "CreatedBy/Date"; Value = "Jonathan Bouchard - 2019-03-22"; VariantName = "[No Variations]"
Add component (AddParameter): Name = "Cryo"; Value = "UNKNOWN"; VariantName = "[No Variations]"
Add component (AddParameter): Name = "Current Rating"; Value = "65.3 A (Ipp)"; VariantName = "[No Variations]"
Add component (AddParameter): Name = "GRAMS Lib Spec"; Value = "2.8"; VariantName = "[No Variations]"
Add component (AddParameter): Name = "HelpURL"; Value = "http://www.littelfuse.com/~/media/electronics/datasheets/tvs_diodes/littelfuse_tvs_diode_smbj_datasheet.pdf.pdf"; VariantName = "[No Variations]"
Add component (AddParameter): Name = "Magnetic Material"; Value = "UNKNOWN"; VariantName = "[No Variations]"
Add component (AddParameter): Name = "Manufacturer #1"; Value = "Littelfuse Inc."; VariantName = "[No Variations]"
Add component (AddParameter): Name = "Manufacturer #2"; Value = ""; VariantName = "[No Variations]"
Add component (AddParameter): Name = "Note"; Value = ""; VariantName = "[No Variations]"
Add component (AddParameter): Name = "Package"; Value = "DO214AA"; VariantName = "[No Variations]"
Add component (AddParameter): Name = "Part Number #1"; Value = "SMBJ5.0CA"; VariantName = "[No Variations]"
Add component (AddParameter): Name = "Part Number #2"; Value = ""; VariantName = "[No Variations]"
Add component (AddParameter): Name = "Polarized"; Value = "NO"; VariantName = "[No Variations]"
Add component (AddParameter): Name = "Power Max"; Value = "600W (Pppm)"; VariantName = "[No Variations]"
Add component (AddParameter): Name = "Supplier 1"; Value = "Digi-Key"; VariantName = "[No Variations]"
Add component (AddParameter): Name = "Supplier Part Number 1"; Value = "SMBJ5.0CALFCT-ND"; VariantName = "[No Variations]"
Add component (AddParameter): Name = "Temperature"; Value = "-65°C ~ 150°C (TJ)"; VariantName = "[No Variations]"
Add component (AddParameter): Name = "Tolerance"; Value = ""; VariantName = "[No Variations]"
Add component (AddParameter): Name = "Value"; Value = "Vbr = 6.4V -  Clamp = 9.2V"; VariantName = "[No Variations]"
Add component (AddParameter): Name = "VerifiedBy"; Value = "Nicolas V. (2019-05-06)"; VariantName = "[No Variations]"
Add component (AddParameter): Name = "Voltage Rating"; Value = "5V Standoff"; VariantName = "[No Variations]"
Added Component: Designator=D3(TVS_PWR_SMBJ36CA)
Add component (AddParameter): Name = "Assembly Note"; Value = ""; VariantName = "[No Variations]"
Add component (AddParameter): Name = "Assembly Type"; Value = "SMD"; VariantName = "[No Variations]"
Add component (AddParameter): Name = "CreatedBy/Date"; Value = "Arnaud Samson - 06/07/18"; VariantName = "[No Variations]"
Add component (AddParameter): Name = "Cryo"; Value = "UNKNOWN"; VariantName = "[No Variations]"
Add component (AddParameter): Name = "Current Rating"; Value = "15.5A"; VariantName = "[No Variations]"
Add component (AddParameter): Name = "GRAMS Lib Spec"; Value = "2.8"; VariantName = "[No Variations]"
Add component (AddParameter): Name = "HelpURL"; Value = "http://www.littelfuse.com/~/media/electronics/datasheets/tvs_diodes/littelfuse_tvs_diode_smbj_datasheet.pdf.pdf"; VariantName = "[No Variations]"
Add component (AddParameter): Name = "Magnetic Material"; Value = "UNKNOWN"; VariantName = "[No Variations]"
Add component (AddParameter): Name = "Manufacturer #1"; Value = "Littelfuse Inc."; VariantName = "[No Variations]"
Add component (AddParameter): Name = "Manufacturer #2"; Value = ""; VariantName = "[No Variations]"
Add component (AddParameter): Name = "Note"; Value = ""; VariantName = "[No Variations]"
Add component (AddParameter): Name = "Package"; Value = "DO214AA"; VariantName = "[No Variations]"
Add component (AddParameter): Name = "Part Number #1"; Value = "SMBJ24CA"; VariantName = "[No Variations]"
Add component (AddParameter): Name = "Part Number #2"; Value = ""; VariantName = "[No Variations]"
Add component (AddParameter): Name = "Polarized"; Value = "NO"; VariantName = "[No Variations]"
Add component (AddParameter): Name = "Power Max"; Value = "600W"; VariantName = "[No Variations]"
Add component (AddParameter): Name = "Supplier 1"; Value = "Digi-Key"; VariantName = "[No Variations]"
Add component (AddParameter): Name = "Supplier Part Number 1"; Value = "SMBJ24CALFCT-ND"; VariantName = "[No Variations]"
Add component (AddParameter): Name = "Temperature"; Value = "-65°C ~ 150°C (TJ)"; VariantName = "[No Variations]"
Add component (AddParameter): Name = "Tolerance"; Value = ""; VariantName = "[No Variations]"
Add component (AddParameter): Name = "Value"; Value = "Vbr = 26.7V -  Clamp = 38.9V"; VariantName = "[No Variations]"
Add component (AddParameter): Name = "VerifiedBy"; Value = "Jonathan Bouchard - 2018-07-13"; VariantName = "[No Variations]"
Add component (AddParameter): Name = "Voltage Rating"; Value = "24V Standoff"; VariantName = "[No Variations]"
Added Component: Designator=D4(LED_0603)
Add component (AddParameter): Name = "CreatedBy"; Value = "Jonathan Bouchard"; VariantName = "[No Variations]"
Add component (AddParameter): Name = "Current"; Value = "2mA"; VariantName = "[No Variations]"
Add component (AddParameter): Name = "FootprintNameOK"; Value = ""; VariantName = "[No Variations]"
Add component (AddParameter): Name = "HelpURL"; Value = "http://media.digikey.com/pdf/Data%20Sheets/Rohm%20PDFs/SML-311%20Series.pdf"; VariantName = "[No Variations]"
Add component (AddParameter): Name = "Mfg"; Value = "ROHM Semiconductor"; VariantName = "[No Variations]"
Add component (AddParameter): Name = "Mfg Part Number"; Value = "SML-311UTT86"; VariantName = "[No Variations]"
Add component (AddParameter): Name = "NI"; Value = ""; VariantName = "[No Variations]"
Add component (AddParameter): Name = "Package"; Value = "0603"; VariantName = "[No Variations]"
Add component (AddParameter): Name = "Power"; Value = "44mW"; VariantName = "[No Variations]"
Add component (AddParameter): Name = "Precision"; Value = ""; VariantName = "[No Variations]"
Add component (AddParameter): Name = "Supplier 1"; Value = "Digikey"; VariantName = "[No Variations]"
Add component (AddParameter): Name = "Supplier Part Number 1"; Value = "511-1304-1-ND"; VariantName = "[No Variations]"
Add component (AddParameter): Name = "Temperature"; Value = "-30°C to 85°C"; VariantName = "[No Variations]"
Add component (AddParameter): Name = "Value"; Value = "RED"; VariantName = "[No Variations]"
Add component (AddParameter): Name = "VerifiedBy"; Value = ""; VariantName = "[No Variations]"
Add component (AddParameter): Name = "Voltage"; Value = "1.8V"; VariantName = "[No Variations]"
Added Component: Designator=D5(LED_0603)
Add component (AddParameter): Name = "CreatedBy"; Value = "Jonathan Bouchard"; VariantName = "[No Variations]"
Add component (AddParameter): Name = "Current"; Value = "2mA"; VariantName = "[No Variations]"
Add component (AddParameter): Name = "FootprintNameOK"; Value = ""; VariantName = "[No Variations]"
Add component (AddParameter): Name = "HelpURL"; Value = "http://media.digikey.com/pdf/Data%20Sheets/Rohm%20PDFs/SML-311%20Series.pdf"; VariantName = "[No Variations]"
Add component (AddParameter): Name = "Mfg"; Value = "ROHM Semiconductor"; VariantName = "[No Variations]"
Add component (AddParameter): Name = "Mfg Part Number"; Value = "SML-311UTT86"; VariantName = "[No Variations]"
Add component (AddParameter): Name = "NI"; Value = ""; VariantName = "[No Variations]"
Add component (AddParameter): Name = "Package"; Value = "0603"; VariantName = "[No Variations]"
Add component (AddParameter): Name = "Power"; Value = "44mW"; VariantName = "[No Variations]"
Add component (AddParameter): Name = "Precision"; Value = ""; VariantName = "[No Variations]"
Add component (AddParameter): Name = "Supplier 1"; Value = "Digikey"; VariantName = "[No Variations]"
Add component (AddParameter): Name = "Supplier Part Number 1"; Value = "511-1304-1-ND"; VariantName = "[No Variations]"
Add component (AddParameter): Name = "Temperature"; Value = "-30°C to 85°C"; VariantName = "[No Variations]"
Add component (AddParameter): Name = "Value"; Value = "RED"; VariantName = "[No Variations]"
Add component (AddParameter): Name = "VerifiedBy"; Value = ""; VariantName = "[No Variations]"
Add component (AddParameter): Name = "Voltage"; Value = "1.8V"; VariantName = "[No Variations]"
Added Component: Designator=D6(LED_0603)
Add component (AddParameter): Name = "CreatedBy"; Value = "Jonathan Bouchard"; VariantName = "[No Variations]"
Add component (AddParameter): Name = "Current"; Value = "2mA"; VariantName = "[No Variations]"
Add component (AddParameter): Name = "FootprintNameOK"; Value = ""; VariantName = "[No Variations]"
Add component (AddParameter): Name = "HelpURL"; Value = "http://media.digikey.com/pdf/Data%20Sheets/Rohm%20PDFs/SML-311%20Series.pdf"; VariantName = "[No Variations]"
Add component (AddParameter): Name = "Mfg"; Value = "ROHM Semiconductor"; VariantName = "[No Variations]"
Add component (AddParameter): Name = "Mfg Part Number"; Value = "SML-311UTT86"; VariantName = "[No Variations]"
Add component (AddParameter): Name = "NI"; Value = ""; VariantName = "[No Variations]"
Add component (AddParameter): Name = "Package"; Value = "0603"; VariantName = "[No Variations]"
Add component (AddParameter): Name = "Power"; Value = "44mW"; VariantName = "[No Variations]"
Add component (AddParameter): Name = "Precision"; Value = ""; VariantName = "[No Variations]"
Add component (AddParameter): Name = "Supplier 1"; Value = "Digikey"; VariantName = "[No Variations]"
Add component (AddParameter): Name = "Supplier Part Number 1"; Value = "511-1304-1-ND"; VariantName = "[No Variations]"
Add component (AddParameter): Name = "Temperature"; Value = "-30°C to 85°C"; VariantName = "[No Variations]"
Add component (AddParameter): Name = "Value"; Value = "RED"; VariantName = "[No Variations]"
Add component (AddParameter): Name = "VerifiedBy"; Value = ""; VariantName = "[No Variations]"
Add component (AddParameter): Name = "Voltage"; Value = "1.8V"; VariantName = "[No Variations]"
Added Component: Designator=D7(LED_0603)
Add component (AddParameter): Name = "CreatedBy"; Value = "Jonathan Bouchard"; VariantName = "[No Variations]"
Add component (AddParameter): Name = "Current"; Value = "2mA"; VariantName = "[No Variations]"
Add component (AddParameter): Name = "FootprintNameOK"; Value = ""; VariantName = "[No Variations]"
Add component (AddParameter): Name = "HelpURL"; Value = "http://media.digikey.com/pdf/Data%20Sheets/Rohm%20PDFs/SML-311%20Series.pdf"; VariantName = "[No Variations]"
Add component (AddParameter): Name = "Mfg"; Value = "ROHM Semiconductor"; VariantName = "[No Variations]"
Add component (AddParameter): Name = "Mfg Part Number"; Value = "SML-311UTT86"; VariantName = "[No Variations]"
Add component (AddParameter): Name = "NI"; Value = ""; VariantName = "[No Variations]"
Add component (AddParameter): Name = "Package"; Value = "0603"; VariantName = "[No Variations]"
Add component (AddParameter): Name = "Power"; Value = "44mW"; VariantName = "[No Variations]"
Add component (AddParameter): Name = "Precision"; Value = ""; VariantName = "[No Variations]"
Add component (AddParameter): Name = "Supplier 1"; Value = "Digikey"; VariantName = "[No Variations]"
Add component (AddParameter): Name = "Supplier Part Number 1"; Value = "511-1304-1-ND"; VariantName = "[No Variations]"
Add component (AddParameter): Name = "Temperature"; Value = "-30°C to 85°C"; VariantName = "[No Variations]"
Add component (AddParameter): Name = "Value"; Value = "RED"; VariantName = "[No Variations]"
Add component (AddParameter): Name = "VerifiedBy"; Value = ""; VariantName = "[No Variations]"
Add component (AddParameter): Name = "Voltage"; Value = "1.8V"; VariantName = "[No Variations]"
Added Component: Designator=D8(LED_0603)
Add component (AddParameter): Name = "CreatedBy"; Value = "Jonathan Bouchard"; VariantName = "[No Variations]"
Add component (AddParameter): Name = "Current"; Value = "2mA"; VariantName = "[No Variations]"
Add component (AddParameter): Name = "FootprintNameOK"; Value = ""; VariantName = "[No Variations]"
Add component (AddParameter): Name = "HelpURL"; Value = "http://media.digikey.com/pdf/Data%20Sheets/Rohm%20PDFs/SML-311%20Series.pdf"; VariantName = "[No Variations]"
Add component (AddParameter): Name = "Mfg"; Value = "ROHM Semiconductor"; VariantName = "[No Variations]"
Add component (AddParameter): Name = "Mfg Part Number"; Value = "SML-311DTT86"; VariantName = "[No Variations]"
Add component (AddParameter): Name = "NI"; Value = ""; VariantName = "[No Variations]"
Add component (AddParameter): Name = "Package"; Value = "0603"; VariantName = "[No Variations]"
Add component (AddParameter): Name = "Power"; Value = "44mW"; VariantName = "[No Variations]"
Add component (AddParameter): Name = "Precision"; Value = ""; VariantName = "[No Variations]"
Add component (AddParameter): Name = "Supplier 1"; Value = "Digikey"; VariantName = "[No Variations]"
Add component (AddParameter): Name = "Supplier Part Number 1"; Value = "511-1303-1-ND"; VariantName = "[No Variations]"
Add component (AddParameter): Name = "Temperature"; Value = "-40°C to 85°C"; VariantName = "[No Variations]"
Add component (AddParameter): Name = "Value"; Value = "ORANGE"; VariantName = "[No Variations]"
Add component (AddParameter): Name = "VerifiedBy"; Value = ""; VariantName = "[No Variations]"
Add component (AddParameter): Name = "Voltage"; Value = "1.8V"; VariantName = "[No Variations]"
Added Component: Designator=D9(TVS_DATA_TPD4E05U06)
Add component (AddParameter): Name = "Assembly Note"; Value = ""; VariantName = "[No Variations]"
Add component (AddParameter): Name = "Assembly Type"; Value = "SMD"; VariantName = "[No Variations]"
Add component (AddParameter): Name = "CreatedBy/Date"; Value = "Olivier Bernard / 12/3/2018"; VariantName = "[No Variations]"
Add component (AddParameter): Name = "Cryo"; Value = "UNKNOWN"; VariantName = "[No Variations]"
Add component (AddParameter): Name = "Current Rating"; Value = "2.5A (8/20µs)"; VariantName = "[No Variations]"
Add component (AddParameter): Name = "GRAMS Lib Spec"; Value = "2.8"; VariantName = "[No Variations]"
Add component (AddParameter): Name = "HelpURL"; Value = "http://www.ti.com/lit/ds/symlink/tpd4e05u06.pdf"; VariantName = "[No Variations]"
Add component (AddParameter): Name = "Magnetic Material"; Value = "UNKNOWN"; VariantName = "[No Variations]"
Add component (AddParameter): Name = "Manufacturer #1"; Value = "Texas Instruments"; VariantName = "[No Variations]"
Add component (AddParameter): Name = "Manufacturer #2"; Value = ""; VariantName = "[No Variations]"
Add component (AddParameter): Name = "Note"; Value = ""; VariantName = "[No Variations]"
Add component (AddParameter): Name = "Package"; Value = "10-USON"; VariantName = "[No Variations]"
Add component (AddParameter): Name = "Part Number #1"; Value = "TPD4E05U06DQAR"; VariantName = "[No Variations]"
Add component (AddParameter): Name = "Part Number #2"; Value = ""; VariantName = "[No Variations]"
Add component (AddParameter): Name = "Polarized"; Value = "YES"; VariantName = "[No Variations]"
Add component (AddParameter): Name = "Power Max"; Value = "40 W (peak)"; VariantName = "[No Variations]"
Add component (AddParameter): Name = "Supplier 1"; Value = "Digi-Key"; VariantName = "[No Variations]"
Add component (AddParameter): Name = "Supplier Part Number 1"; Value = "296-35765-1-ND"; VariantName = "[No Variations]"
Add component (AddParameter): Name = "Temperature"; Value = "-40°C ~ 125°C"; VariantName = "[No Variations]"
Add component (AddParameter): Name = "Tolerance"; Value = ""; VariantName = "[No Variations]"
Add component (AddParameter): Name = "Value"; Value = "4 unidirectionnal channels"; VariantName = "[No Variations]"
Add component (AddParameter): Name = "VerifiedBy"; Value = "Caroline Paulin / 4 juillet 2018"; VariantName = "[No Variations]"
Add component (AddParameter): Name = "Voltage rating"; Value = "6V (Breakdown)"; VariantName = "[No Variations]"
Added Component: Designator=F1(FUS_0154XXX.DR)
Add component (AddParameter): Name = "Assembly Note"; Value = ""; VariantName = "[No Variations]"
Add component (AddParameter): Name = "Assembly Type"; Value = "SMD"; VariantName = "[No Variations]"
Add component (AddParameter): Name = "CreatedBy/Date"; Value = "Arnaud Samson - 06/07/18"; VariantName = "[No Variations]"
Add component (AddParameter): Name = "Cryo"; Value = "UNKNOWN"; VariantName = "[No Variations]"
Add component (AddParameter): Name = "Current Rating"; Value = "5A"; VariantName = "[No Variations]"
Add component (AddParameter): Name = "GRAMS Lib Spec"; Value = "2.8"; VariantName = "[No Variations]"
Add component (AddParameter): Name = "HelpURL"; Value = "http://www.littelfuse.com/~/media/electronics/datasheets/fuses/littelfuse_fuse_154_154t_154l_154tl_datasheet.pdf.pdf"; VariantName = "[No Variations]"
Add component (AddParameter): Name = "Magnetic Material"; Value = "UNKNOWN"; VariantName = "[No Variations]"
Add component (AddParameter): Name = "Manufacturer #1"; Value = "Littelfuse Inc."; VariantName = "[No Variations]"
Add component (AddParameter): Name = "Manufacturer #2"; Value = ""; VariantName = "[No Variations]"
Add component (AddParameter): Name = "Note"; Value = ""; VariantName = "[No Variations]"
Add component (AddParameter): Name = "Package"; Value = "2-SMD"; VariantName = "[No Variations]"
Add component (AddParameter): Name = "Part Number #1"; Value = "0154005.DR"; VariantName = "[No Variations]"
Add component (AddParameter): Name = "Part Number #2"; Value = ""; VariantName = "[No Variations]"
Add component (AddParameter): Name = "Polarized"; Value = "NO"; VariantName = "[No Variations]"
Add component (AddParameter): Name = "Power Max"; Value = ""; VariantName = "[No Variations]"
Add component (AddParameter): Name = "Supplier 1"; Value = "Digi-Key"; VariantName = "[No Variations]"
Add component (AddParameter): Name = "Supplier Part Number 1"; Value = "F1228CT-ND"; VariantName = "[No Variations]"
Add component (AddParameter): Name = "Temperature"; Value = "-55°C ~ 125°C"; VariantName = "[No Variations]"
Add component (AddParameter): Name = "Tolerance"; Value = ""; VariantName = "[No Variations]"
Add component (AddParameter): Name = "Value"; Value = "5A 125V AC/DC FAST"; VariantName = "[No Variations]"
Add component (AddParameter): Name = "VerifiedBy"; Value = "Jonathan Bouchard 2018-07-16"; VariantName = "[No Variations]"
Add component (AddParameter): Name = "Voltage Rating"; Value = "125V"; VariantName = "[No Variations]"
Added Component: Designator=ISO1(ISO_ADUM3160BRWZ-RL)
Add component (AddParameter): Name = "Assembly Note"; Value = ""; VariantName = "[No Variations]"
Add component (AddParameter): Name = "Assembly Type"; Value = "SMD"; VariantName = "[No Variations]"
Add component (AddParameter): Name = "CreatedBy/Date"; Value = "Tommy Rossignol 2018-11-16"; VariantName = "[No Variations]"
Add component (AddParameter): Name = "Cryo"; Value = "UNKNOWN"; VariantName = "[No Variations]"
Add component (AddParameter): Name = "Current Rating"; Value = ""; VariantName = "[No Variations]"
Add component (AddParameter): Name = "GRAMS Lib Spec"; Value = "2.8"; VariantName = "[No Variations]"
Add component (AddParameter): Name = "HelpURL"; Value = "https://www.analog.com/media/en/technical-documentation/data-sheets/ADuM3160.pdf"; VariantName = "[No Variations]"
Add component (AddParameter): Name = "Magnetic Material"; Value = "UNKNOWN"; VariantName = "[No Variations]"
Add component (AddParameter): Name = "Manufacturer #1"; Value = "Analog Devices"; VariantName = "[No Variations]"
Add component (AddParameter): Name = "Manufacturer #2"; Value = ""; VariantName = "[No Variations]"
Add component (AddParameter): Name = "Note"; Value = ""; VariantName = "[No Variations]"
Add component (AddParameter): Name = "Package"; Value = "16-SOIC"; VariantName = "[No Variations]"
Add component (AddParameter): Name = "Part Number #1"; Value = "ADUM3160BRWZ-RL"; VariantName = "[No Variations]"
Add component (AddParameter): Name = "Part Number #2"; Value = ""; VariantName = "[No Variations]"
Add component (AddParameter): Name = "Polarized"; Value = "Yes"; VariantName = "[No Variations]"
Add component (AddParameter): Name = "Power Max"; Value = ""; VariantName = "[No Variations]"
Add component (AddParameter): Name = "Supplier 1"; Value = "Digi-Key"; VariantName = "[No Variations]"
Add component (AddParameter): Name = "Supplier Part Number 1"; Value = "ADUM3160BRWZ-RLCT-ND"; VariantName = "[No Variations]"
Add component (AddParameter): Name = "Temperature"; Value = "-40°C ~ 105°C"; VariantName = "[No Variations]"
Add component (AddParameter): Name = "Tolerance"; Value = ""; VariantName = "[No Variations]"
Add component (AddParameter): Name = "Value"; Value = "2500Vrms voltage isolation"; VariantName = "[No Variations]"
Add component (AddParameter): Name = "VerifiedBy"; Value = "Caroline Paulin - 13 février 2019"; VariantName = "[No Variations]"
Add component (AddParameter): Name = "Voltage Rating"; Value = "3~5.5V"; VariantName = "[No Variations]"
Added Component: Designator=J1(CON_MINIFIT_0039300060)
Add component (AddParameter): Name = "Assembly Note"; Value = ""; VariantName = "[No Variations]"
Add component (AddParameter): Name = "Assembly Type"; Value = "TH"; VariantName = "[No Variations]"
Add component (AddParameter): Name = "CreatedBy/Date"; Value = "Joel Lemay 2018-06-21"; VariantName = "[No Variations]"
Add component (AddParameter): Name = "Cryo"; Value = "UNKNOWN"; VariantName = "[No Variations]"
Add component (AddParameter): Name = "Current Rating"; Value = "8A"; VariantName = "[No Variations]"
Add component (AddParameter): Name = "GRAMS Lib Spec"; Value = "2.8"; VariantName = "[No Variations]"
Add component (AddParameter): Name = "HelpURL"; Value = "https://www.molex.com/pdm_docs/sd/039300060_sd.pdf"; VariantName = "[No Variations]"
Add component (AddParameter): Name = "Magnetic Material"; Value = "Unknown"; VariantName = "[No Variations]"
Add component (AddParameter): Name = "Manufacturer #1"; Value = "Molex"; VariantName = "[No Variations]"
Add component (AddParameter): Name = "Manufacturer #2"; Value = ""; VariantName = "[No Variations]"
Add component (AddParameter): Name = "Note"; Value = ""; VariantName = "[No Variations]"
Add component (AddParameter): Name = "Package"; Value = "TH"; VariantName = "[No Variations]"
Add component (AddParameter): Name = "Part Number #1"; Value = "0039300060"; VariantName = "[No Variations]"
Add component (AddParameter): Name = "Part Number #2"; Value = ""; VariantName = "[No Variations]"
Add component (AddParameter): Name = "Polarized"; Value = "Yes"; VariantName = "[No Variations]"
Add component (AddParameter): Name = "Power Max"; Value = ""; VariantName = "[No Variations]"
Add component (AddParameter): Name = "Supplier 1"; Value = "Digi-Key"; VariantName = "[No Variations]"
Add component (AddParameter): Name = "Supplier Part Number 1"; Value = "WM21353-ND"; VariantName = "[No Variations]"
Add component (AddParameter): Name = "Temperature"; Value = "- 40°C to + 80°C"; VariantName = "[No Variations]"
Add component (AddParameter): Name = "Tolerance"; Value = ""; VariantName = "[No Variations]"
Add component (AddParameter): Name = "Value"; Value = ""; VariantName = "[No Variations]"
Add component (AddParameter): Name = "VerifiedBy"; Value = "Caroline Paulin - 10 sept 2018"; VariantName = "[No Variations]"
Add component (AddParameter): Name = "Voltage Rating"; Value = "600V"; VariantName = "[No Variations]"
Added Component: Designator=J2(CONN_ETHERNET_RJHSE-5385)
Add component (AddParameter): Name = "CreatedBy"; Value = "Jonathan Bouchard"; VariantName = "[No Variations]"
Add component (AddParameter): Name = "Current"; Value = ""; VariantName = "[No Variations]"
Add component (AddParameter): Name = "FootprintNameOK"; Value = ""; VariantName = "[No Variations]"
Add component (AddParameter): Name = "HelpURL"; Value = "https://www.amphenolcanada.com/ProductSearch/drawings/AC/RJHSE538X.pdf"; VariantName = "[No Variations]"
Add component (AddParameter): Name = "Mfg"; Value = "Amphenol"; VariantName = "[No Variations]"
Add component (AddParameter): Name = "Mfg Part Number"; Value = "RJHSE-5385"; VariantName = "[No Variations]"
Add component (AddParameter): Name = "NI"; Value = ""; VariantName = "[No Variations]"
Add component (AddParameter): Name = "Package"; Value = "TH-12"; VariantName = "[No Variations]"
Add component (AddParameter): Name = "Power"; Value = ""; VariantName = "[No Variations]"
Add component (AddParameter): Name = "Precision"; Value = ""; VariantName = "[No Variations]"
Add component (AddParameter): Name = "Supplier 1"; Value = "Digikey"; VariantName = "[No Variations]"
Add component (AddParameter): Name = "Supplier Part Number 1"; Value = "RJHSE-5385-ND"; VariantName = "[No Variations]"
Add component (AddParameter): Name = "Temperature"; Value = "-55°C ~ 85°C"; VariantName = "[No Variations]"
Add component (AddParameter): Name = "Value"; Value = ""; VariantName = "[No Variations]"
Add component (AddParameter): Name = "VerifiedBy"; Value = ""; VariantName = "[No Variations]"
Add component (AddParameter): Name = "Voltage"; Value = ""; VariantName = "[No Variations]"
Added Component: Designator=J3(CONN_TERMINAL_OSTTA040161)
Add component (AddParameter): Name = "CreatedBy"; Value = "Jonathan Bouchard"; VariantName = "[No Variations]"
Add component (AddParameter): Name = "Current"; Value = ""; VariantName = "[No Variations]"
Add component (AddParameter): Name = "FootprintNameOK"; Value = ""; VariantName = "[No Variations]"
Add component (AddParameter): Name = "HelpURL"; Value = "http://www.on-shore.com/wp-content/uploads/2015/09/osttcxx0162.pdf"; VariantName = "[No Variations]"
Add component (AddParameter): Name = "Mfg"; Value = "On Shore Technology Inc."; VariantName = "[No Variations]"
Add component (AddParameter): Name = "Mfg Part Number"; Value = "OSTTC040162"; VariantName = "[No Variations]"
Add component (AddParameter): Name = "NI"; Value = ""; VariantName = "[No Variations]"
Add component (AddParameter): Name = "Package"; Value = "TH-4"; VariantName = "[No Variations]"
Add component (AddParameter): Name = "Power"; Value = ""; VariantName = "[No Variations]"
Add component (AddParameter): Name = "Precision"; Value = ""; VariantName = "[No Variations]"
Add component (AddParameter): Name = "Supplier 1"; Value = "Digikey"; VariantName = "[No Variations]"
Add component (AddParameter): Name = "Supplier Part Number 1"; Value = "ED2602-ND"; VariantName = "[No Variations]"
Add component (AddParameter): Name = "Temperature"; Value = "-30°C ~ 105°C"; VariantName = "[No Variations]"
Add component (AddParameter): Name = "Value"; Value = ""; VariantName = "[No Variations]"
Add component (AddParameter): Name = "VerifiedBy"; Value = ""; VariantName = "[No Variations]"
Add component (AddParameter): Name = "Voltage"; Value = ""; VariantName = "[No Variations]"
Added Component: Designator=J4(CONN_SMA_5-1814400-1)
Add component (AddParameter): Name = "CreatedBy"; Value = "Jonathan Bouchard"; VariantName = "[No Variations]"
Add component (AddParameter): Name = "Current"; Value = ""; VariantName = "[No Variations]"
Add component (AddParameter): Name = "FootprintNameOK"; Value = ""; VariantName = "[No Variations]"
Add component (AddParameter): Name = "HelpURL"; Value = "http://www.te.com/commerce/DocumentDelivery/DDEController?Action=srchrtrv&DocNm=1814400&DocType=Customer+Drawing&DocLang=English"; VariantName = "[No Variations]"
Add component (AddParameter): Name = "Mfg"; Value = "TE Connectivity AMP Connectors"; VariantName = "[No Variations]"
Add component (AddParameter): Name = "Mfg Part Number"; Value = "5-1814400-1"; VariantName = "[No Variations]"
Add component (AddParameter): Name = "NI"; Value = ""; VariantName = "[No Variations]"
Add component (AddParameter): Name = "Package"; Value = "TH-5"; VariantName = "[No Variations]"
Add component (AddParameter): Name = "Power"; Value = ""; VariantName = "[No Variations]"
Add component (AddParameter): Name = "Precision"; Value = ""; VariantName = "[No Variations]"
Add component (AddParameter): Name = "Supplier 1"; Value = "Digikey"; VariantName = "[No Variations]"
Add component (AddParameter): Name = "Supplier Part Number 1"; Value = "A97593-ND"; VariantName = "[No Variations]"
Add component (AddParameter): Name = "Temperature"; Value = "-55°C ~ 85°C"; VariantName = "[No Variations]"
Add component (AddParameter): Name = "Value"; Value = ""; VariantName = "[No Variations]"
Add component (AddParameter): Name = "VerifiedBy"; Value = ""; VariantName = "[No Variations]"
Add component (AddParameter): Name = "Voltage"; Value = ""; VariantName = "[No Variations]"
Added Component: Designator=J5(CONN_SMA_5-1814400-1)
Add component (AddParameter): Name = "CreatedBy"; Value = "Jonathan Bouchard"; VariantName = "[No Variations]"
Add component (AddParameter): Name = "Current"; Value = ""; VariantName = "[No Variations]"
Add component (AddParameter): Name = "FootprintNameOK"; Value = ""; VariantName = "[No Variations]"
Add component (AddParameter): Name = "HelpURL"; Value = "http://www.te.com/commerce/DocumentDelivery/DDEController?Action=srchrtrv&DocNm=1814400&DocType=Customer+Drawing&DocLang=English"; VariantName = "[No Variations]"
Add component (AddParameter): Name = "Mfg"; Value = "TE Connectivity AMP Connectors"; VariantName = "[No Variations]"
Add component (AddParameter): Name = "Mfg Part Number"; Value = "5-1814400-1"; VariantName = "[No Variations]"
Add component (AddParameter): Name = "NI"; Value = ""; VariantName = "[No Variations]"
Add component (AddParameter): Name = "Package"; Value = "TH-5"; VariantName = "[No Variations]"
Add component (AddParameter): Name = "Power"; Value = ""; VariantName = "[No Variations]"
Add component (AddParameter): Name = "Precision"; Value = ""; VariantName = "[No Variations]"
Add component (AddParameter): Name = "Supplier 1"; Value = "Digikey"; VariantName = "[No Variations]"
Add component (AddParameter): Name = "Supplier Part Number 1"; Value = "A97593-ND"; VariantName = "[No Variations]"
Add component (AddParameter): Name = "Temperature"; Value = "-55°C ~ 85°C"; VariantName = "[No Variations]"
Add component (AddParameter): Name = "Value"; Value = ""; VariantName = "[No Variations]"
Add component (AddParameter): Name = "VerifiedBy"; Value = ""; VariantName = "[No Variations]"
Add component (AddParameter): Name = "Voltage"; Value = ""; VariantName = "[No Variations]"
Added Component: Designator=J6(CONN_SMA_5-1814400-1)
Add component (AddParameter): Name = "CreatedBy"; Value = "Jonathan Bouchard"; VariantName = "[No Variations]"
Add component (AddParameter): Name = "Current"; Value = ""; VariantName = "[No Variations]"
Add component (AddParameter): Name = "FootprintNameOK"; Value = ""; VariantName = "[No Variations]"
Add component (AddParameter): Name = "HelpURL"; Value = "http://www.te.com/commerce/DocumentDelivery/DDEController?Action=srchrtrv&DocNm=1814400&DocType=Customer+Drawing&DocLang=English"; VariantName = "[No Variations]"
Add component (AddParameter): Name = "Mfg"; Value = "TE Connectivity AMP Connectors"; VariantName = "[No Variations]"
Add component (AddParameter): Name = "Mfg Part Number"; Value = "5-1814400-1"; VariantName = "[No Variations]"
Add component (AddParameter): Name = "NI"; Value = ""; VariantName = "[No Variations]"
Add component (AddParameter): Name = "Package"; Value = "TH-5"; VariantName = "[No Variations]"
Add component (AddParameter): Name = "Power"; Value = ""; VariantName = "[No Variations]"
Add component (AddParameter): Name = "Precision"; Value = ""; VariantName = "[No Variations]"
Add component (AddParameter): Name = "Supplier 1"; Value = "Digikey"; VariantName = "[No Variations]"
Add component (AddParameter): Name = "Supplier Part Number 1"; Value = "A97593-ND"; VariantName = "[No Variations]"
Add component (AddParameter): Name = "Temperature"; Value = "-55°C ~ 85°C"; VariantName = "[No Variations]"
Add component (AddParameter): Name = "Value"; Value = ""; VariantName = "[No Variations]"
Add component (AddParameter): Name = "VerifiedBy"; Value = ""; VariantName = "[No Variations]"
Add component (AddParameter): Name = "Voltage"; Value = ""; VariantName = "[No Variations]"
Added Component: Designator=J7(CONN_SMA_5-1814400-1)
Add component (AddParameter): Name = "CreatedBy"; Value = "Jonathan Bouchard"; VariantName = "[No Variations]"
Add component (AddParameter): Name = "Current"; Value = ""; VariantName = "[No Variations]"
Add component (AddParameter): Name = "FootprintNameOK"; Value = ""; VariantName = "[No Variations]"
Add component (AddParameter): Name = "HelpURL"; Value = "http://www.te.com/commerce/DocumentDelivery/DDEController?Action=srchrtrv&DocNm=1814400&DocType=Customer+Drawing&DocLang=English"; VariantName = "[No Variations]"
Add component (AddParameter): Name = "Mfg"; Value = "TE Connectivity AMP Connectors"; VariantName = "[No Variations]"
Add component (AddParameter): Name = "Mfg Part Number"; Value = "5-1814400-1"; VariantName = "[No Variations]"
Add component (AddParameter): Name = "NI"; Value = ""; VariantName = "[No Variations]"
Add component (AddParameter): Name = "Package"; Value = "TH-5"; VariantName = "[No Variations]"
Add component (AddParameter): Name = "Power"; Value = ""; VariantName = "[No Variations]"
Add component (AddParameter): Name = "Precision"; Value = ""; VariantName = "[No Variations]"
Add component (AddParameter): Name = "Supplier 1"; Value = "Digikey"; VariantName = "[No Variations]"
Add component (AddParameter): Name = "Supplier Part Number 1"; Value = "A97593-ND"; VariantName = "[No Variations]"
Add component (AddParameter): Name = "Temperature"; Value = "-55°C ~ 85°C"; VariantName = "[No Variations]"
Add component (AddParameter): Name = "Value"; Value = ""; VariantName = "[No Variations]"
Add component (AddParameter): Name = "VerifiedBy"; Value = ""; VariantName = "[No Variations]"
Add component (AddParameter): Name = "Voltage"; Value = ""; VariantName = "[No Variations]"
Added Component: Designator=J8(CON_USB_USB-B-S-F-B-TH)
Add component (AddParameter): Name = "Assembly Note"; Value = ""; VariantName = "[No Variations]"
Add component (AddParameter): Name = "Assembly Type"; Value = "TH"; VariantName = "[No Variations]"
Add component (AddParameter): Name = "CreatedBy/Date"; Value = "Jonathan Bouchard 2020-03-24"; VariantName = "[No Variations]"
Add component (AddParameter): Name = "Cryo"; Value = "UNKNOWN"; VariantName = "[No Variations]"
Add component (AddParameter): Name = "Current Rating"; Value = ""; VariantName = "[No Variations]"
Add component (AddParameter): Name = "GRAMS Lib Spec"; Value = "2.8c"; VariantName = "[No Variations]"
Add component (AddParameter): Name = "HelpURL"; Value = "http://suddendocs.samtec.com/catalog_english/usb_b.pdf"; VariantName = "[No Variations]"
Add component (AddParameter): Name = "Magnetic Material"; Value = "UNKNOWN"; VariantName = "[No Variations]"
Add component (AddParameter): Name = "Manufacturer #1"; Value = "Samtec Inc."; VariantName = "[No Variations]"
Add component (AddParameter): Name = "Manufacturer #2"; Value = ""; VariantName = "[No Variations]"
Add component (AddParameter): Name = "Note"; Value = ""; VariantName = "[No Variations]"
Add component (AddParameter): Name = "Package"; Value = "4-TH"; VariantName = "[No Variations]"
Add component (AddParameter): Name = "Part Number #1"; Value = "USB-B-S-F-B-TH"; VariantName = "[No Variations]"
Add component (AddParameter): Name = "Part Number #2"; Value = ""; VariantName = "[No Variations]"
Add component (AddParameter): Name = "Polarized"; Value = "YES"; VariantName = "[No Variations]"
Add component (AddParameter): Name = "Power Max"; Value = ""; VariantName = "[No Variations]"
Add component (AddParameter): Name = "Supplier 1"; Value = "Digi-Key"; VariantName = "[No Variations]"
Add component (AddParameter): Name = "Supplier Part Number 1"; Value = "SAM10867-ND"; VariantName = "[No Variations]"
Add component (AddParameter): Name = "Temperature"; Value = "-50°C ~ 85°C"; VariantName = "[No Variations]"
Add component (AddParameter): Name = "Tolerance"; Value = ""; VariantName = "[No Variations]"
Add component (AddParameter): Name = "Value"; Value = "USB B"; VariantName = "[No Variations]"
Add component (AddParameter): Name = "VerifiedBy"; Value = "C.Paulin - 22/04/2020"; VariantName = "[No Variations]"
Add component (AddParameter): Name = "Voltage Rating"; Value = "30VAC"; VariantName = "[No Variations]"
Added Component: Designator=L1(FER_0402)
Add component (AddParameter): Name = "CreatedBy"; Value = "Jonathan Bouchard"; VariantName = "[No Variations]"
Add component (AddParameter): Name = "Current"; Value = "1A"; VariantName = "[No Variations]"
Add component (AddParameter): Name = "FootprintNameOK"; Value = ""; VariantName = "[No Variations]"
Add component (AddParameter): Name = "HelpURL"; Value = ""; VariantName = "[No Variations]"
Add component (AddParameter): Name = "Mfg"; Value = ""; VariantName = "[No Variations]"
Add component (AddParameter): Name = "Mfg Part Number"; Value = ""; VariantName = "[No Variations]"
Add component (AddParameter): Name = "NI"; Value = ""; VariantName = "[No Variations]"
Add component (AddParameter): Name = "Package"; Value = "0402"; VariantName = "[No Variations]"
Add component (AddParameter): Name = "Power"; Value = ""; VariantName = "[No Variations]"
Add component (AddParameter): Name = "Precision"; Value = ""; VariantName = "[No Variations]"
Add component (AddParameter): Name = "Temperature"; Value = ""; VariantName = "[No Variations]"
Add component (AddParameter): Name = "Value"; Value = "100R"; VariantName = "[No Variations]"
Add component (AddParameter): Name = "VerifiedBy"; Value = ""; VariantName = "[No Variations]"
Add component (AddParameter): Name = "Voltage"; Value = ""; VariantName = "[No Variations]"
Added Component: Designator=L2(FER_0402)
Add component (AddParameter): Name = "CreatedBy"; Value = "Jonathan Bouchard"; VariantName = "[No Variations]"
Add component (AddParameter): Name = "Current"; Value = "1A"; VariantName = "[No Variations]"
Add component (AddParameter): Name = "FootprintNameOK"; Value = ""; VariantName = "[No Variations]"
Add component (AddParameter): Name = "HelpURL"; Value = ""; VariantName = "[No Variations]"
Add component (AddParameter): Name = "Mfg"; Value = ""; VariantName = "[No Variations]"
Add component (AddParameter): Name = "Mfg Part Number"; Value = ""; VariantName = "[No Variations]"
Add component (AddParameter): Name = "NI"; Value = ""; VariantName = "[No Variations]"
Add component (AddParameter): Name = "Package"; Value = "0402"; VariantName = "[No Variations]"
Add component (AddParameter): Name = "Power"; Value = ""; VariantName = "[No Variations]"
Add component (AddParameter): Name = "Precision"; Value = ""; VariantName = "[No Variations]"
Add component (AddParameter): Name = "Temperature"; Value = ""; VariantName = "[No Variations]"
Add component (AddParameter): Name = "Value"; Value = "100R"; VariantName = "[No Variations]"
Add component (AddParameter): Name = "VerifiedBy"; Value = ""; VariantName = "[No Variations]"
Add component (AddParameter): Name = "Voltage"; Value = ""; VariantName = "[No Variations]"
Added Component: Designator=L7(FER_0402)
Add component (AddParameter): Name = "CreatedBy"; Value = "Jonathan Bouchard"; VariantName = "[No Variations]"
Add component (AddParameter): Name = "Current"; Value = "1A"; VariantName = "[No Variations]"
Add component (AddParameter): Name = "FootprintNameOK"; Value = ""; VariantName = "[No Variations]"
Add component (AddParameter): Name = "HelpURL"; Value = ""; VariantName = "[No Variations]"
Add component (AddParameter): Name = "Mfg"; Value = ""; VariantName = "[No Variations]"
Add component (AddParameter): Name = "Mfg Part Number"; Value = ""; VariantName = "[No Variations]"
Add component (AddParameter): Name = "NI"; Value = ""; VariantName = "[No Variations]"
Add component (AddParameter): Name = "Package"; Value = "0402"; VariantName = "[No Variations]"
Add component (AddParameter): Name = "Power"; Value = ""; VariantName = "[No Variations]"
Add component (AddParameter): Name = "Precision"; Value = ""; VariantName = "[No Variations]"
Add component (AddParameter): Name = "Temperature"; Value = ""; VariantName = "[No Variations]"
Add component (AddParameter): Name = "Value"; Value = "100R"; VariantName = "[No Variations]"
Add component (AddParameter): Name = "VerifiedBy"; Value = ""; VariantName = "[No Variations]"
Add component (AddParameter): Name = "Voltage"; Value = ""; VariantName = "[No Variations]"
Added Component: Designator=L8(FP-LQW15AN_00-W0_6-0_1-MFG)
Added Component: Designator=L9(FP-LQW15AN_00-W0_6-0_1-MFG)
Added Component: Designator=L10(FP-LQW15AN_00-W0_6-0_1-MFG)
Added Component: Designator=L11(FP-LQW15AN_00-W0_6-0_1-MFG)
Added Component: Designator=L12(FER_0402)
Add component (AddParameter): Name = "CreatedBy"; Value = "Jonathan Bouchard"; VariantName = "[No Variations]"
Add component (AddParameter): Name = "Current"; Value = "1A"; VariantName = "[No Variations]"
Add component (AddParameter): Name = "FootprintNameOK"; Value = ""; VariantName = "[No Variations]"
Add component (AddParameter): Name = "HelpURL"; Value = ""; VariantName = "[No Variations]"
Add component (AddParameter): Name = "Mfg"; Value = ""; VariantName = "[No Variations]"
Add component (AddParameter): Name = "Mfg Part Number"; Value = ""; VariantName = "[No Variations]"
Add component (AddParameter): Name = "NI"; Value = ""; VariantName = "[No Variations]"
Add component (AddParameter): Name = "Package"; Value = "0402"; VariantName = "[No Variations]"
Add component (AddParameter): Name = "Power"; Value = ""; VariantName = "[No Variations]"
Add component (AddParameter): Name = "Precision"; Value = ""; VariantName = "[No Variations]"
Add component (AddParameter): Name = "Temperature"; Value = ""; VariantName = "[No Variations]"
Add component (AddParameter): Name = "Value"; Value = "100R"; VariantName = "[No Variations]"
Add component (AddParameter): Name = "VerifiedBy"; Value = ""; VariantName = "[No Variations]"
Add component (AddParameter): Name = "Voltage"; Value = ""; VariantName = "[No Variations]"
Added Component: Designator=L13(FP-LQW15AN_00-W0_6-0_1-MFG)
Added Component: Designator=L14(FP-LQW15AN_00-W0_6-0_1-MFG)
Added Component: Designator=L15(FP-LQW15AN_00-W0_6-0_1-MFG)
Added Component: Designator=L16(FP-LQW15AN_00-W0_6-0_1-MFG)
Added Component: Designator=L17(FER_0402)
Add component (AddParameter): Name = "CreatedBy"; Value = "Jonathan Bouchard"; VariantName = "[No Variations]"
Add component (AddParameter): Name = "Current"; Value = "1A"; VariantName = "[No Variations]"
Add component (AddParameter): Name = "FootprintNameOK"; Value = ""; VariantName = "[No Variations]"
Add component (AddParameter): Name = "HelpURL"; Value = ""; VariantName = "[No Variations]"
Add component (AddParameter): Name = "Mfg"; Value = ""; VariantName = "[No Variations]"
Add component (AddParameter): Name = "Mfg Part Number"; Value = ""; VariantName = "[No Variations]"
Add component (AddParameter): Name = "NI"; Value = ""; VariantName = "[No Variations]"
Add component (AddParameter): Name = "Package"; Value = "0402"; VariantName = "[No Variations]"
Add component (AddParameter): Name = "Power"; Value = ""; VariantName = "[No Variations]"
Add component (AddParameter): Name = "Precision"; Value = ""; VariantName = "[No Variations]"
Add component (AddParameter): Name = "Temperature"; Value = ""; VariantName = "[No Variations]"
Add component (AddParameter): Name = "Value"; Value = "100R"; VariantName = "[No Variations]"
Add component (AddParameter): Name = "VerifiedBy"; Value = ""; VariantName = "[No Variations]"
Add component (AddParameter): Name = "Voltage"; Value = ""; VariantName = "[No Variations]"
Added Component: Designator=M1(MOD_JTAG_410-357-B)
Add component (AddParameter): Name = "Assembly Note"; Value = ""; VariantName = "[No Variations]"
Add component (AddParameter): Name = "Assembly Type"; Value = "SMD"; VariantName = "[No Variations]"
Add component (AddParameter): Name = "CreatedBy/Date"; Value = "Tommy Rossignol 2018-11-23"; VariantName = "[No Variations]"
Add component (AddParameter): Name = "Cryo"; Value = "UNKNOWN"; VariantName = "[No Variations]"
Add component (AddParameter): Name = "Current Rating"; Value = ""; VariantName = "[No Variations]"
Add component (AddParameter): Name = "GRAMS Lib Spec"; Value = "2.8"; VariantName = "[No Variations]"
Add component (AddParameter): Name = "HelpURL"; Value = "https://reference.digilentinc.com/_media/reference/programmers/jtag-smt3/jtag-smt3-nc_rm.pdf"; VariantName = "[No Variations]"
Add component (AddParameter): Name = "Magnetic Material"; Value = "Unknown"; VariantName = "[No Variations]"
Add component (AddParameter): Name = "Manufacturer #1"; Value = "Digilent"; VariantName = "[No Variations]"
Add component (AddParameter): Name = "Manufacturer #2"; Value = ""; VariantName = "[No Variations]"
Add component (AddParameter): Name = "Note"; Value = "Prior to reflow, the JTAG-SMT3-NC module must be dried at 125°C for 17 hours"; VariantName = "[No Variations]"
Add component (AddParameter): Name = "Package"; Value = "18-pad SMT"; VariantName = "[No Variations]"
Add component (AddParameter): Name = "Part Number #1"; Value = "410-357-B"; VariantName = "[No Variations]"
Add component (AddParameter): Name = "Part Number #2"; Value = ""; VariantName = "[No Variations]"
Add component (AddParameter): Name = "Polarized"; Value = "Yes"; VariantName = "[No Variations]"
Add component (AddParameter): Name = "Power Max"; Value = ""; VariantName = "[No Variations]"
Add component (AddParameter): Name = "Supplier 1"; Value = "Digi-Key"; VariantName = "[No Variations]"
Add component (AddParameter): Name = "Supplier Part Number 1"; Value = "1286-1196-ND"; VariantName = "[No Variations]"
Add component (AddParameter): Name = "Temperature"; Value = "-40°C ~ 85°C"; VariantName = "[No Variations]"
Add component (AddParameter): Name = "Tolerance"; Value = ""; VariantName = "[No Variations]"
Add component (AddParameter): Name = "Value"; Value = ""; VariantName = "[No Variations]"
Add component (AddParameter): Name = "VerifiedBy"; Value = "Nicolas V. (2019-01-28)"; VariantName = "[No Variations]"
Add component (AddParameter): Name = "Voltage Rating"; Value = "VDD: 2.97V~3.63V, VJTAG/VUART: 1.65V~5.5V"; VariantName = "[No Variations]"
Added Component: Designator=R1(RES_0603)
Add component (AddParameter): Name = "CreatedBy"; Value = "Jonathan Bouchard"; VariantName = "[No Variations]"
Add component (AddParameter): Name = "Current"; Value = ""; VariantName = "[No Variations]"
Add component (AddParameter): Name = "FootprintNameOK"; Value = ""; VariantName = "[No Variations]"
Add component (AddParameter): Name = "HelpURL"; Value = ""; VariantName = "[No Variations]"
Add component (AddParameter): Name = "Mfg"; Value = ""; VariantName = "[No Variations]"
Add component (AddParameter): Name = "Mfg Part Number"; Value = ""; VariantName = "[No Variations]"
Add component (AddParameter): Name = "NI"; Value = ""; VariantName = "[No Variations]"
Add component (AddParameter): Name = "Package"; Value = "0603"; VariantName = "[No Variations]"
Add component (AddParameter): Name = "Power"; Value = ""; VariantName = "[No Variations]"
Add component (AddParameter): Name = "Precision"; Value = "1%"; VariantName = "[No Variations]"
Add component (AddParameter): Name = "Temperature"; Value = ""; VariantName = "[No Variations]"
Add component (AddParameter): Name = "Value"; Value = "10K"; VariantName = "[No Variations]"
Add component (AddParameter): Name = "VerifiedBy"; Value = ""; VariantName = "[No Variations]"
Add component (AddParameter): Name = "Voltage"; Value = ""; VariantName = "[No Variations]"
Added Component: Designator=R2(RES_0603)
Add component (AddParameter): Name = "CreatedBy"; Value = "Jonathan Bouchard"; VariantName = "[No Variations]"
Add component (AddParameter): Name = "Current"; Value = ""; VariantName = "[No Variations]"
Add component (AddParameter): Name = "FootprintNameOK"; Value = ""; VariantName = "[No Variations]"
Add component (AddParameter): Name = "HelpURL"; Value = ""; VariantName = "[No Variations]"
Add component (AddParameter): Name = "Mfg"; Value = ""; VariantName = "[No Variations]"
Add component (AddParameter): Name = "Mfg Part Number"; Value = ""; VariantName = "[No Variations]"
Add component (AddParameter): Name = "NI"; Value = ""; VariantName = "[No Variations]"
Add component (AddParameter): Name = "Package"; Value = "0603"; VariantName = "[No Variations]"
Add component (AddParameter): Name = "Power"; Value = ""; VariantName = "[No Variations]"
Add component (AddParameter): Name = "Precision"; Value = "1%"; VariantName = "[No Variations]"
Add component (AddParameter): Name = "Temperature"; Value = ""; VariantName = "[No Variations]"
Add component (AddParameter): Name = "Value"; Value = "12.6K"; VariantName = "[No Variations]"
Add component (AddParameter): Name = "VerifiedBy"; Value = ""; VariantName = "[No Variations]"
Add component (AddParameter): Name = "Voltage"; Value = ""; VariantName = "[No Variations]"
Added Component: Designator=R3(RES_0603)
Add component (AddParameter): Name = "CreatedBy"; Value = "Jonathan Bouchard"; VariantName = "[No Variations]"
Add component (AddParameter): Name = "Current"; Value = ""; VariantName = "[No Variations]"
Add component (AddParameter): Name = "FootprintNameOK"; Value = ""; VariantName = "[No Variations]"
Add component (AddParameter): Name = "HelpURL"; Value = ""; VariantName = "[No Variations]"
Add component (AddParameter): Name = "Mfg"; Value = ""; VariantName = "[No Variations]"
Add component (AddParameter): Name = "Mfg Part Number"; Value = ""; VariantName = "[No Variations]"
Add component (AddParameter): Name = "NI"; Value = ""; VariantName = "[No Variations]"
Add component (AddParameter): Name = "Package"; Value = "0603"; VariantName = "[No Variations]"
Add component (AddParameter): Name = "Power"; Value = ""; VariantName = "[No Variations]"
Add component (AddParameter): Name = "Precision"; Value = "1%"; VariantName = "[No Variations]"
Add component (AddParameter): Name = "Temperature"; Value = ""; VariantName = "[No Variations]"
Add component (AddParameter): Name = "Value"; Value = "1k"; VariantName = "[No Variations]"
Add component (AddParameter): Name = "VerifiedBy"; Value = ""; VariantName = "[No Variations]"
Add component (AddParameter): Name = "Voltage"; Value = ""; VariantName = "[No Variations]"
Added Component: Designator=R4(RES_0603)
Add component (AddParameter): Name = "CreatedBy"; Value = "Jonathan Bouchard"; VariantName = "[No Variations]"
Add component (AddParameter): Name = "Current"; Value = ""; VariantName = "[No Variations]"
Add component (AddParameter): Name = "FootprintNameOK"; Value = ""; VariantName = "[No Variations]"
Add component (AddParameter): Name = "HelpURL"; Value = ""; VariantName = "[No Variations]"
Add component (AddParameter): Name = "Mfg"; Value = ""; VariantName = "[No Variations]"
Add component (AddParameter): Name = "Mfg Part Number"; Value = ""; VariantName = "[No Variations]"
Add component (AddParameter): Name = "NI"; Value = ""; VariantName = "[No Variations]"
Add component (AddParameter): Name = "Package"; Value = "0603"; VariantName = "[No Variations]"
Add component (AddParameter): Name = "Power"; Value = ""; VariantName = "[No Variations]"
Add component (AddParameter): Name = "Precision"; Value = "1%"; VariantName = "[No Variations]"
Add component (AddParameter): Name = "Temperature"; Value = ""; VariantName = "[No Variations]"
Add component (AddParameter): Name = "Value"; Value = "2K"; VariantName = "[No Variations]"
Add component (AddParameter): Name = "VerifiedBy"; Value = ""; VariantName = "[No Variations]"
Add component (AddParameter): Name = "Voltage"; Value = ""; VariantName = "[No Variations]"
Added Component: Designator=R5(RES_0603)
Add component (AddParameter): Name = "CreatedBy"; Value = "Jonathan Bouchard"; VariantName = "[No Variations]"
Add component (AddParameter): Name = "Current"; Value = ""; VariantName = "[No Variations]"
Add component (AddParameter): Name = "FootprintNameOK"; Value = ""; VariantName = "[No Variations]"
Add component (AddParameter): Name = "HelpURL"; Value = ""; VariantName = "[No Variations]"
Add component (AddParameter): Name = "Mfg"; Value = ""; VariantName = "[No Variations]"
Add component (AddParameter): Name = "Mfg Part Number"; Value = ""; VariantName = "[No Variations]"
Add component (AddParameter): Name = "NI"; Value = ""; VariantName = "[No Variations]"
Add component (AddParameter): Name = "Package"; Value = "0603"; VariantName = "[No Variations]"
Add component (AddParameter): Name = "Power"; Value = ""; VariantName = "[No Variations]"
Add component (AddParameter): Name = "Precision"; Value = "1%"; VariantName = "[No Variations]"
Add component (AddParameter): Name = "Temperature"; Value = ""; VariantName = "[No Variations]"
Add component (AddParameter): Name = "Value"; Value = "100K"; VariantName = "[No Variations]"
Add component (AddParameter): Name = "VerifiedBy"; Value = ""; VariantName = "[No Variations]"
Add component (AddParameter): Name = "Voltage"; Value = ""; VariantName = "[No Variations]"
Added Component: Designator=R6(RES_0402)
Add component (AddParameter): Name = "CreatedBy"; Value = "Jonathan Bouchard"; VariantName = "[No Variations]"
Add component (AddParameter): Name = "Current"; Value = ""; VariantName = "[No Variations]"
Add component (AddParameter): Name = "FootprintNameOK"; Value = ""; VariantName = "[No Variations]"
Add component (AddParameter): Name = "HelpURL"; Value = ""; VariantName = "[No Variations]"
Add component (AddParameter): Name = "Mfg"; Value = ""; VariantName = "[No Variations]"
Add component (AddParameter): Name = "Mfg Part Number"; Value = ""; VariantName = "[No Variations]"
Add component (AddParameter): Name = "NI"; Value = ""; VariantName = "[No Variations]"
Add component (AddParameter): Name = "Package"; Value = "0402"; VariantName = "[No Variations]"
Add component (AddParameter): Name = "Power"; Value = "1/16W"; VariantName = "[No Variations]"
Add component (AddParameter): Name = "Precision"; Value = "0.1%"; VariantName = "[No Variations]"
Add component (AddParameter): Name = "Temperature"; Value = ""; VariantName = "[No Variations]"
Add component (AddParameter): Name = "Value"; Value = "942"; VariantName = "[No Variations]"
Add component (AddParameter): Name = "VerifiedBy"; Value = ""; VariantName = "[No Variations]"
Add component (AddParameter): Name = "Voltage"; Value = "50V"; VariantName = "[No Variations]"
Added Component: Designator=R7(RES_0402)
Add component (AddParameter): Name = "CreatedBy"; Value = "Jonathan Bouchard"; VariantName = "[No Variations]"
Add component (AddParameter): Name = "Current"; Value = ""; VariantName = "[No Variations]"
Add component (AddParameter): Name = "FootprintNameOK"; Value = ""; VariantName = "[No Variations]"
Add component (AddParameter): Name = "HelpURL"; Value = ""; VariantName = "[No Variations]"
Add component (AddParameter): Name = "Mfg"; Value = ""; VariantName = "[No Variations]"
Add component (AddParameter): Name = "Mfg Part Number"; Value = ""; VariantName = "[No Variations]"
Add component (AddParameter): Name = "NI"; Value = ""; VariantName = "[No Variations]"
Add component (AddParameter): Name = "Package"; Value = "0402"; VariantName = "[No Variations]"
Add component (AddParameter): Name = "Power"; Value = "1/16W"; VariantName = "[No Variations]"
Add component (AddParameter): Name = "Precision"; Value = "0.1%"; VariantName = "[No Variations]"
Add component (AddParameter): Name = "Temperature"; Value = ""; VariantName = "[No Variations]"
Add component (AddParameter): Name = "Value"; Value = "12.7K"; VariantName = "[No Variations]"
Add component (AddParameter): Name = "VerifiedBy"; Value = ""; VariantName = "[No Variations]"
Add component (AddParameter): Name = "Voltage"; Value = "50V"; VariantName = "[No Variations]"
Added Component: Designator=R8(RES_0603)
Add component (AddParameter): Name = "CreatedBy"; Value = "Jonathan Bouchard"; VariantName = "[No Variations]"
Add component (AddParameter): Name = "Current"; Value = ""; VariantName = "[No Variations]"
Add component (AddParameter): Name = "FootprintNameOK"; Value = ""; VariantName = "[No Variations]"
Add component (AddParameter): Name = "HelpURL"; Value = ""; VariantName = "[No Variations]"
Add component (AddParameter): Name = "Mfg"; Value = ""; VariantName = "[No Variations]"
Add component (AddParameter): Name = "Mfg Part Number"; Value = ""; VariantName = "[No Variations]"
Add component (AddParameter): Name = "NI"; Value = ""; VariantName = "[No Variations]"
Add component (AddParameter): Name = "Package"; Value = "0603"; VariantName = "[No Variations]"
Add component (AddParameter): Name = "Power"; Value = ""; VariantName = "[No Variations]"
Add component (AddParameter): Name = "Precision"; Value = "1%"; VariantName = "[No Variations]"
Add component (AddParameter): Name = "Temperature"; Value = ""; VariantName = "[No Variations]"
Add component (AddParameter): Name = "Value"; Value = "10K"; VariantName = "[No Variations]"
Add component (AddParameter): Name = "VerifiedBy"; Value = ""; VariantName = "[No Variations]"
Add component (AddParameter): Name = "Voltage"; Value = ""; VariantName = "[No Variations]"
Added Component: Designator=R9(RES_0603)
Add component (AddParameter): Name = "CreatedBy"; Value = "Jonathan Bouchard"; VariantName = "[No Variations]"
Add component (AddParameter): Name = "Current"; Value = ""; VariantName = "[No Variations]"
Add component (AddParameter): Name = "FootprintNameOK"; Value = ""; VariantName = "[No Variations]"
Add component (AddParameter): Name = "HelpURL"; Value = ""; VariantName = "[No Variations]"
Add component (AddParameter): Name = "Mfg"; Value = ""; VariantName = "[No Variations]"
Add component (AddParameter): Name = "Mfg Part Number"; Value = ""; VariantName = "[No Variations]"
Add component (AddParameter): Name = "NI"; Value = ""; VariantName = "[No Variations]"
Add component (AddParameter): Name = "Package"; Value = "0603"; VariantName = "[No Variations]"
Add component (AddParameter): Name = "Power"; Value = ""; VariantName = "[No Variations]"
Add component (AddParameter): Name = "Precision"; Value = "1%"; VariantName = "[No Variations]"
Add component (AddParameter): Name = "Temperature"; Value = ""; VariantName = "[No Variations]"
Add component (AddParameter): Name = "Value"; Value = "5K"; VariantName = "[No Variations]"
Add component (AddParameter): Name = "VerifiedBy"; Value = ""; VariantName = "[No Variations]"
Add component (AddParameter): Name = "Voltage"; Value = ""; VariantName = "[No Variations]"
Added Component: Designator=R10(RES_0603)
Add component (AddParameter): Name = "CreatedBy"; Value = "Jonathan Bouchard"; VariantName = "[No Variations]"
Add component (AddParameter): Name = "Current"; Value = ""; VariantName = "[No Variations]"
Add component (AddParameter): Name = "FootprintNameOK"; Value = ""; VariantName = "[No Variations]"
Add component (AddParameter): Name = "HelpURL"; Value = ""; VariantName = "[No Variations]"
Add component (AddParameter): Name = "Mfg"; Value = ""; VariantName = "[No Variations]"
Add component (AddParameter): Name = "Mfg Part Number"; Value = ""; VariantName = "[No Variations]"
Add component (AddParameter): Name = "NI"; Value = ""; VariantName = "[No Variations]"
Add component (AddParameter): Name = "Package"; Value = "0603"; VariantName = "[No Variations]"
Add component (AddParameter): Name = "Power"; Value = ""; VariantName = "[No Variations]"
Add component (AddParameter): Name = "Precision"; Value = "1%"; VariantName = "[No Variations]"
Add component (AddParameter): Name = "Temperature"; Value = ""; VariantName = "[No Variations]"
Add component (AddParameter): Name = "Value"; Value = "1k"; VariantName = "[No Variations]"
Add component (AddParameter): Name = "VerifiedBy"; Value = ""; VariantName = "[No Variations]"
Add component (AddParameter): Name = "Voltage"; Value = ""; VariantName = "[No Variations]"
Added Component: Designator=R11(RES_0603)
Add component (AddParameter): Name = "CreatedBy"; Value = "Jonathan Bouchard"; VariantName = "[No Variations]"
Add component (AddParameter): Name = "Current"; Value = ""; VariantName = "[No Variations]"
Add component (AddParameter): Name = "FootprintNameOK"; Value = ""; VariantName = "[No Variations]"
Add component (AddParameter): Name = "HelpURL"; Value = ""; VariantName = "[No Variations]"
Add component (AddParameter): Name = "Mfg"; Value = ""; VariantName = "[No Variations]"
Add component (AddParameter): Name = "Mfg Part Number"; Value = ""; VariantName = "[No Variations]"
Add component (AddParameter): Name = "NI"; Value = ""; VariantName = "[No Variations]"
Add component (AddParameter): Name = "Package"; Value = "0603"; VariantName = "[No Variations]"
Add component (AddParameter): Name = "Power"; Value = ""; VariantName = "[No Variations]"
Add component (AddParameter): Name = "Precision"; Value = "1%"; VariantName = "[No Variations]"
Add component (AddParameter): Name = "Temperature"; Value = ""; VariantName = "[No Variations]"
Add component (AddParameter): Name = "Value"; Value = "2.53K"; VariantName = "[No Variations]"
Add component (AddParameter): Name = "VerifiedBy"; Value = ""; VariantName = "[No Variations]"
Add component (AddParameter): Name = "Voltage"; Value = ""; VariantName = "[No Variations]"
Added Component: Designator=R12(RES_0603)
Add component (AddParameter): Name = "CreatedBy"; Value = "Jonathan Bouchard"; VariantName = "[No Variations]"
Add component (AddParameter): Name = "Current"; Value = ""; VariantName = "[No Variations]"
Add component (AddParameter): Name = "FootprintNameOK"; Value = ""; VariantName = "[No Variations]"
Add component (AddParameter): Name = "HelpURL"; Value = ""; VariantName = "[No Variations]"
Add component (AddParameter): Name = "Mfg"; Value = ""; VariantName = "[No Variations]"
Add component (AddParameter): Name = "Mfg Part Number"; Value = ""; VariantName = "[No Variations]"
Add component (AddParameter): Name = "NI"; Value = ""; VariantName = "[No Variations]"
Add component (AddParameter): Name = "Package"; Value = "0603"; VariantName = "[No Variations]"
Add component (AddParameter): Name = "Power"; Value = ""; VariantName = "[No Variations]"
Add component (AddParameter): Name = "Precision"; Value = "1%"; VariantName = "[No Variations]"
Add component (AddParameter): Name = "Temperature"; Value = ""; VariantName = "[No Variations]"
Add component (AddParameter): Name = "Value"; Value = "332k"; VariantName = "[No Variations]"
Add component (AddParameter): Name = "VerifiedBy"; Value = ""; VariantName = "[No Variations]"
Add component (AddParameter): Name = "Voltage"; Value = ""; VariantName = "[No Variations]"
Added Component: Designator=R13(RES_0603)
Add component (AddParameter): Name = "CreatedBy"; Value = "Jonathan Bouchard"; VariantName = "[No Variations]"
Add component (AddParameter): Name = "Current"; Value = ""; VariantName = "[No Variations]"
Add component (AddParameter): Name = "FootprintNameOK"; Value = ""; VariantName = "[No Variations]"
Add component (AddParameter): Name = "HelpURL"; Value = ""; VariantName = "[No Variations]"
Add component (AddParameter): Name = "Mfg"; Value = ""; VariantName = "[No Variations]"
Add component (AddParameter): Name = "Mfg Part Number"; Value = ""; VariantName = "[No Variations]"
Add component (AddParameter): Name = "NI"; Value = ""; VariantName = "[No Variations]"
Add component (AddParameter): Name = "Package"; Value = "0603"; VariantName = "[No Variations]"
Add component (AddParameter): Name = "Power"; Value = ""; VariantName = "[No Variations]"
Add component (AddParameter): Name = "Precision"; Value = "1%"; VariantName = "[No Variations]"
Add component (AddParameter): Name = "Temperature"; Value = ""; VariantName = "[No Variations]"
Add component (AddParameter): Name = "Value"; Value = "3.57k"; VariantName = "[No Variations]"
Add component (AddParameter): Name = "VerifiedBy"; Value = ""; VariantName = "[No Variations]"
Add component (AddParameter): Name = "Voltage"; Value = ""; VariantName = "[No Variations]"
Added Component: Designator=R14(RES_0603)
Add component (AddParameter): Name = "CreatedBy"; Value = "Jonathan Bouchard"; VariantName = "[No Variations]"
Add component (AddParameter): Name = "Current"; Value = ""; VariantName = "[No Variations]"
Add component (AddParameter): Name = "FootprintNameOK"; Value = ""; VariantName = "[No Variations]"
Add component (AddParameter): Name = "HelpURL"; Value = ""; VariantName = "[No Variations]"
Add component (AddParameter): Name = "Mfg"; Value = ""; VariantName = "[No Variations]"
Add component (AddParameter): Name = "Mfg Part Number"; Value = ""; VariantName = "[No Variations]"
Add component (AddParameter): Name = "NI"; Value = ""; VariantName = "[No Variations]"
Add component (AddParameter): Name = "Package"; Value = "0603"; VariantName = "[No Variations]"
Add component (AddParameter): Name = "Power"; Value = ""; VariantName = "[No Variations]"
Add component (AddParameter): Name = "Precision"; Value = "1%"; VariantName = "[No Variations]"
Add component (AddParameter): Name = "Temperature"; Value = ""; VariantName = "[No Variations]"
Add component (AddParameter): Name = "Value"; Value = "102k"; VariantName = "[No Variations]"
Add component (AddParameter): Name = "VerifiedBy"; Value = ""; VariantName = "[No Variations]"
Add component (AddParameter): Name = "Voltage"; Value = ""; VariantName = "[No Variations]"
Added Component: Designator=R15(RES_0603)
Add component (AddParameter): Name = "CreatedBy"; Value = "Jonathan Bouchard"; VariantName = "[No Variations]"
Add component (AddParameter): Name = "Current"; Value = ""; VariantName = "[No Variations]"
Add component (AddParameter): Name = "FootprintNameOK"; Value = ""; VariantName = "[No Variations]"
Add component (AddParameter): Name = "HelpURL"; Value = ""; VariantName = "[No Variations]"
Add component (AddParameter): Name = "Mfg"; Value = ""; VariantName = "[No Variations]"
Add component (AddParameter): Name = "Mfg Part Number"; Value = ""; VariantName = "[No Variations]"
Add component (AddParameter): Name = "NI"; Value = ""; VariantName = "[No Variations]"
Add component (AddParameter): Name = "Package"; Value = "0603"; VariantName = "[No Variations]"
Add component (AddParameter): Name = "Power"; Value = ""; VariantName = "[No Variations]"
Add component (AddParameter): Name = "Precision"; Value = "1%"; VariantName = "[No Variations]"
Add component (AddParameter): Name = "Temperature"; Value = ""; VariantName = "[No Variations]"
Add component (AddParameter): Name = "Value"; Value = "1.15k"; VariantName = "[No Variations]"
Add component (AddParameter): Name = "VerifiedBy"; Value = ""; VariantName = "[No Variations]"
Add component (AddParameter): Name = "Voltage"; Value = ""; VariantName = "[No Variations]"
Added Component: Designator=R16(RES_0603)
Add component (AddParameter): Name = "CreatedBy"; Value = "Jonathan Bouchard"; VariantName = "[No Variations]"
Add component (AddParameter): Name = "Current"; Value = ""; VariantName = "[No Variations]"
Add component (AddParameter): Name = "FootprintNameOK"; Value = ""; VariantName = "[No Variations]"
Add component (AddParameter): Name = "HelpURL"; Value = ""; VariantName = "[No Variations]"
Add component (AddParameter): Name = "Mfg"; Value = ""; VariantName = "[No Variations]"
Add component (AddParameter): Name = "Mfg Part Number"; Value = ""; VariantName = "[No Variations]"
Add component (AddParameter): Name = "NI"; Value = ""; VariantName = "[No Variations]"
Add component (AddParameter): Name = "Package"; Value = "0603"; VariantName = "[No Variations]"
Add component (AddParameter): Name = "Power"; Value = ""; VariantName = "[No Variations]"
Add component (AddParameter): Name = "Precision"; Value = "1%"; VariantName = "[No Variations]"
Add component (AddParameter): Name = "Temperature"; Value = ""; VariantName = "[No Variations]"
Add component (AddParameter): Name = "Value"; Value = "10k"; VariantName = "[No Variations]"
Add component (AddParameter): Name = "VerifiedBy"; Value = ""; VariantName = "[No Variations]"
Add component (AddParameter): Name = "Voltage"; Value = ""; VariantName = "[No Variations]"
Added Component: Designator=R17(RES_0603)
Add component (AddParameter): Name = "CreatedBy"; Value = "Jonathan Bouchard"; VariantName = "[No Variations]"
Add component (AddParameter): Name = "Current"; Value = ""; VariantName = "[No Variations]"
Add component (AddParameter): Name = "FootprintNameOK"; Value = ""; VariantName = "[No Variations]"
Add component (AddParameter): Name = "HelpURL"; Value = ""; VariantName = "[No Variations]"
Add component (AddParameter): Name = "Mfg"; Value = ""; VariantName = "[No Variations]"
Add component (AddParameter): Name = "Mfg Part Number"; Value = ""; VariantName = "[No Variations]"
Add component (AddParameter): Name = "NI"; Value = ""; VariantName = "[No Variations]"
Add component (AddParameter): Name = "Package"; Value = "0603"; VariantName = "[No Variations]"
Add component (AddParameter): Name = "Power"; Value = ""; VariantName = "[No Variations]"
Add component (AddParameter): Name = "Precision"; Value = "1%"; VariantName = "[No Variations]"
Add component (AddParameter): Name = "Temperature"; Value = ""; VariantName = "[No Variations]"
Add component (AddParameter): Name = "Value"; Value = "3.57k"; VariantName = "[No Variations]"
Add component (AddParameter): Name = "VerifiedBy"; Value = ""; VariantName = "[No Variations]"
Add component (AddParameter): Name = "Voltage"; Value = ""; VariantName = "[No Variations]"
Added Component: Designator=R18(RES_0603)
Add component (AddParameter): Name = "CreatedBy"; Value = "Jonathan Bouchard"; VariantName = "[No Variations]"
Add component (AddParameter): Name = "Current"; Value = ""; VariantName = "[No Variations]"
Add component (AddParameter): Name = "FootprintNameOK"; Value = ""; VariantName = "[No Variations]"
Add component (AddParameter): Name = "HelpURL"; Value = ""; VariantName = "[No Variations]"
Add component (AddParameter): Name = "Mfg"; Value = ""; VariantName = "[No Variations]"
Add component (AddParameter): Name = "Mfg Part Number"; Value = ""; VariantName = "[No Variations]"
Add component (AddParameter): Name = "NI"; Value = ""; VariantName = "[No Variations]"
Add component (AddParameter): Name = "Package"; Value = "0603"; VariantName = "[No Variations]"
Add component (AddParameter): Name = "Power"; Value = ""; VariantName = "[No Variations]"
Add component (AddParameter): Name = "Precision"; Value = "1%"; VariantName = "[No Variations]"
Add component (AddParameter): Name = "Temperature"; Value = ""; VariantName = "[No Variations]"
Add component (AddParameter): Name = "Value"; Value = "3.57k"; VariantName = "[No Variations]"
Add component (AddParameter): Name = "VerifiedBy"; Value = ""; VariantName = "[No Variations]"
Add component (AddParameter): Name = "Voltage"; Value = ""; VariantName = "[No Variations]"
Added Component: Designator=R19(RES_0603)
Add component (AddParameter): Name = "CreatedBy"; Value = "Jonathan Bouchard"; VariantName = "[No Variations]"
Add component (AddParameter): Name = "Current"; Value = ""; VariantName = "[No Variations]"
Add component (AddParameter): Name = "FootprintNameOK"; Value = ""; VariantName = "[No Variations]"
Add component (AddParameter): Name = "HelpURL"; Value = ""; VariantName = "[No Variations]"
Add component (AddParameter): Name = "Mfg"; Value = ""; VariantName = "[No Variations]"
Add component (AddParameter): Name = "Mfg Part Number"; Value = ""; VariantName = "[No Variations]"
Add component (AddParameter): Name = "NI"; Value = ""; VariantName = "[No Variations]"
Add component (AddParameter): Name = "Package"; Value = "0603"; VariantName = "[No Variations]"
Add component (AddParameter): Name = "Power"; Value = ""; VariantName = "[No Variations]"
Add component (AddParameter): Name = "Precision"; Value = "1%"; VariantName = "[No Variations]"
Add component (AddParameter): Name = "Temperature"; Value = ""; VariantName = "[No Variations]"
Add component (AddParameter): Name = "Value"; Value = "3.57k"; VariantName = "[No Variations]"
Add component (AddParameter): Name = "VerifiedBy"; Value = ""; VariantName = "[No Variations]"
Add component (AddParameter): Name = "Voltage"; Value = ""; VariantName = "[No Variations]"
Added Component: Designator=R20(RES_0603)
Add component (AddParameter): Name = "CreatedBy"; Value = "Jonathan Bouchard"; VariantName = "[No Variations]"
Add component (AddParameter): Name = "Current"; Value = ""; VariantName = "[No Variations]"
Add component (AddParameter): Name = "FootprintNameOK"; Value = ""; VariantName = "[No Variations]"
Add component (AddParameter): Name = "HelpURL"; Value = ""; VariantName = "[No Variations]"
Add component (AddParameter): Name = "Mfg"; Value = ""; VariantName = "[No Variations]"
Add component (AddParameter): Name = "Mfg Part Number"; Value = ""; VariantName = "[No Variations]"
Add component (AddParameter): Name = "NI"; Value = ""; VariantName = "[No Variations]"
Add component (AddParameter): Name = "Package"; Value = "0603"; VariantName = "[No Variations]"
Add component (AddParameter): Name = "Power"; Value = ""; VariantName = "[No Variations]"
Add component (AddParameter): Name = "Precision"; Value = "1%"; VariantName = "[No Variations]"
Add component (AddParameter): Name = "Temperature"; Value = ""; VariantName = "[No Variations]"
Add component (AddParameter): Name = "Value"; Value = "1.15k"; VariantName = "[No Variations]"
Add component (AddParameter): Name = "VerifiedBy"; Value = ""; VariantName = "[No Variations]"
Add component (AddParameter): Name = "Voltage"; Value = ""; VariantName = "[No Variations]"
Added Component: Designator=R21(RES_0603)
Add component (AddParameter): Name = "CreatedBy"; Value = "Jonathan Bouchard"; VariantName = "[No Variations]"
Add component (AddParameter): Name = "Current"; Value = ""; VariantName = "[No Variations]"
Add component (AddParameter): Name = "FootprintNameOK"; Value = ""; VariantName = "[No Variations]"
Add component (AddParameter): Name = "HelpURL"; Value = ""; VariantName = "[No Variations]"
Add component (AddParameter): Name = "Mfg"; Value = ""; VariantName = "[No Variations]"
Add component (AddParameter): Name = "Mfg Part Number"; Value = ""; VariantName = "[No Variations]"
Add component (AddParameter): Name = "NI"; Value = ""; VariantName = "[No Variations]"
Add component (AddParameter): Name = "Package"; Value = "0603"; VariantName = "[No Variations]"
Add component (AddParameter): Name = "Power"; Value = ""; VariantName = "[No Variations]"
Add component (AddParameter): Name = "Precision"; Value = "1%"; VariantName = "[No Variations]"
Add component (AddParameter): Name = "Temperature"; Value = ""; VariantName = "[No Variations]"
Add component (AddParameter): Name = "Value"; Value = "1.15k"; VariantName = "[No Variations]"
Add component (AddParameter): Name = "VerifiedBy"; Value = ""; VariantName = "[No Variations]"
Add component (AddParameter): Name = "Voltage"; Value = ""; VariantName = "[No Variations]"
Added Component: Designator=R22(RES_0603)
Add component (AddParameter): Name = "CreatedBy"; Value = "Jonathan Bouchard"; VariantName = "[No Variations]"
Add component (AddParameter): Name = "Current"; Value = ""; VariantName = "[No Variations]"
Add component (AddParameter): Name = "FootprintNameOK"; Value = ""; VariantName = "[No Variations]"
Add component (AddParameter): Name = "HelpURL"; Value = ""; VariantName = "[No Variations]"
Add component (AddParameter): Name = "Mfg"; Value = ""; VariantName = "[No Variations]"
Add component (AddParameter): Name = "Mfg Part Number"; Value = ""; VariantName = "[No Variations]"
Add component (AddParameter): Name = "NI"; Value = ""; VariantName = "[No Variations]"
Add component (AddParameter): Name = "Package"; Value = "0603"; VariantName = "[No Variations]"
Add component (AddParameter): Name = "Power"; Value = ""; VariantName = "[No Variations]"
Add component (AddParameter): Name = "Precision"; Value = "1%"; VariantName = "[No Variations]"
Add component (AddParameter): Name = "Temperature"; Value = ""; VariantName = "[No Variations]"
Add component (AddParameter): Name = "Value"; Value = "2.87K"; VariantName = "[No Variations]"
Add component (AddParameter): Name = "VerifiedBy"; Value = ""; VariantName = "[No Variations]"
Add component (AddParameter): Name = "Voltage"; Value = ""; VariantName = "[No Variations]"
Added Component: Designator=R23(RES_0603)
Add component (AddParameter): Name = "CreatedBy"; Value = "Jonathan Bouchard"; VariantName = "[No Variations]"
Add component (AddParameter): Name = "Current"; Value = ""; VariantName = "[No Variations]"
Add component (AddParameter): Name = "FootprintNameOK"; Value = ""; VariantName = "[No Variations]"
Add component (AddParameter): Name = "HelpURL"; Value = ""; VariantName = "[No Variations]"
Add component (AddParameter): Name = "Mfg"; Value = ""; VariantName = "[No Variations]"
Add component (AddParameter): Name = "Mfg Part Number"; Value = ""; VariantName = "[No Variations]"
Add component (AddParameter): Name = "NI"; Value = ""; VariantName = "[No Variations]"
Add component (AddParameter): Name = "Package"; Value = "0603"; VariantName = "[No Variations]"
Add component (AddParameter): Name = "Power"; Value = ""; VariantName = "[No Variations]"
Add component (AddParameter): Name = "Precision"; Value = "1%"; VariantName = "[No Variations]"
Add component (AddParameter): Name = "Temperature"; Value = ""; VariantName = "[No Variations]"
Add component (AddParameter): Name = "Value"; Value = "4.12k"; VariantName = "[No Variations]"
Add component (AddParameter): Name = "VerifiedBy"; Value = ""; VariantName = "[No Variations]"
Add component (AddParameter): Name = "Voltage"; Value = ""; VariantName = "[No Variations]"
Added Component: Designator=R24(RES_0603)
Add component (AddParameter): Name = "CreatedBy"; Value = "Jonathan Bouchard"; VariantName = "[No Variations]"
Add component (AddParameter): Name = "Current"; Value = ""; VariantName = "[No Variations]"
Add component (AddParameter): Name = "FootprintNameOK"; Value = ""; VariantName = "[No Variations]"
Add component (AddParameter): Name = "HelpURL"; Value = ""; VariantName = "[No Variations]"
Add component (AddParameter): Name = "Mfg"; Value = ""; VariantName = "[No Variations]"
Add component (AddParameter): Name = "Mfg Part Number"; Value = ""; VariantName = "[No Variations]"
Add component (AddParameter): Name = "NI"; Value = ""; VariantName = "[No Variations]"
Add component (AddParameter): Name = "Package"; Value = "0603"; VariantName = "[No Variations]"
Add component (AddParameter): Name = "Power"; Value = ""; VariantName = "[No Variations]"
Add component (AddParameter): Name = "Precision"; Value = "1%"; VariantName = "[No Variations]"
Add component (AddParameter): Name = "Temperature"; Value = ""; VariantName = "[No Variations]"
Add component (AddParameter): Name = "Value"; Value = "5k"; VariantName = "[No Variations]"
Add component (AddParameter): Name = "VerifiedBy"; Value = ""; VariantName = "[No Variations]"
Add component (AddParameter): Name = "Voltage"; Value = ""; VariantName = "[No Variations]"
Added Component: Designator=R25(RES_0603)
Add component (AddParameter): Name = "CreatedBy"; Value = "Jonathan Bouchard"; VariantName = "[No Variations]"
Add component (AddParameter): Name = "Current"; Value = ""; VariantName = "[No Variations]"
Add component (AddParameter): Name = "FootprintNameOK"; Value = ""; VariantName = "[No Variations]"
Add component (AddParameter): Name = "HelpURL"; Value = ""; VariantName = "[No Variations]"
Add component (AddParameter): Name = "Mfg"; Value = ""; VariantName = "[No Variations]"
Add component (AddParameter): Name = "Mfg Part Number"; Value = ""; VariantName = "[No Variations]"
Add component (AddParameter): Name = "NI"; Value = ""; VariantName = "[No Variations]"
Add component (AddParameter): Name = "Package"; Value = "0603"; VariantName = "[No Variations]"
Add component (AddParameter): Name = "Power"; Value = ""; VariantName = "[No Variations]"
Add component (AddParameter): Name = "Precision"; Value = "1%"; VariantName = "[No Variations]"
Add component (AddParameter): Name = "Temperature"; Value = ""; VariantName = "[No Variations]"
Add component (AddParameter): Name = "Value"; Value = "4.75k"; VariantName = "[No Variations]"
Add component (AddParameter): Name = "VerifiedBy"; Value = ""; VariantName = "[No Variations]"
Add component (AddParameter): Name = "Voltage"; Value = ""; VariantName = "[No Variations]"
Added Component: Designator=R26(RES_0603)
Add component (AddParameter): Name = "CreatedBy"; Value = "Jonathan Bouchard"; VariantName = "[No Variations]"
Add component (AddParameter): Name = "Current"; Value = ""; VariantName = "[No Variations]"
Add component (AddParameter): Name = "FootprintNameOK"; Value = ""; VariantName = "[No Variations]"
Add component (AddParameter): Name = "HelpURL"; Value = ""; VariantName = "[No Variations]"
Add component (AddParameter): Name = "Mfg"; Value = ""; VariantName = "[No Variations]"
Add component (AddParameter): Name = "Mfg Part Number"; Value = ""; VariantName = "[No Variations]"
Add component (AddParameter): Name = "NI"; Value = ""; VariantName = "[No Variations]"
Add component (AddParameter): Name = "Package"; Value = "0603"; VariantName = "[No Variations]"
Add component (AddParameter): Name = "Power"; Value = ""; VariantName = "[No Variations]"
Add component (AddParameter): Name = "Precision"; Value = "1%"; VariantName = "[No Variations]"
Add component (AddParameter): Name = "Temperature"; Value = ""; VariantName = "[No Variations]"
Add component (AddParameter): Name = "Value"; Value = "10k"; VariantName = "[No Variations]"
Add component (AddParameter): Name = "VerifiedBy"; Value = ""; VariantName = "[No Variations]"
Add component (AddParameter): Name = "Voltage"; Value = ""; VariantName = "[No Variations]"
Add component: Footprint Not Found RES_0402
Added Component: Designator=R28(RES_0603)
Add component (AddParameter): Name = "CreatedBy"; Value = "Jonathan Bouchard"; VariantName = "[No Variations]"
Add component (AddParameter): Name = "Current"; Value = ""; VariantName = "[No Variations]"
Add component (AddParameter): Name = "FootprintNameOK"; Value = ""; VariantName = "[No Variations]"
Add component (AddParameter): Name = "HelpURL"; Value = ""; VariantName = "[No Variations]"
Add component (AddParameter): Name = "Mfg"; Value = ""; VariantName = "[No Variations]"
Add component (AddParameter): Name = "Mfg Part Number"; Value = ""; VariantName = "[No Variations]"
Add component (AddParameter): Name = "NI"; Value = ""; VariantName = "[No Variations]"
Add component (AddParameter): Name = "Package"; Value = "0603"; VariantName = "[No Variations]"
Add component (AddParameter): Name = "Power"; Value = ""; VariantName = "[No Variations]"
Add component (AddParameter): Name = "Precision"; Value = "1%"; VariantName = "[No Variations]"
Add component (AddParameter): Name = "Temperature"; Value = ""; VariantName = "[No Variations]"
Add component (AddParameter): Name = "Value"; Value = "330"; VariantName = "[No Variations]"
Add component (AddParameter): Name = "VerifiedBy"; Value = ""; VariantName = "[No Variations]"
Add component (AddParameter): Name = "Voltage"; Value = ""; VariantName = "[No Variations]"
Added Component: Designator=R29(RES_0603)
Add component (AddParameter): Name = "CreatedBy"; Value = "Jonathan Bouchard"; VariantName = "[No Variations]"
Add component (AddParameter): Name = "Current"; Value = ""; VariantName = "[No Variations]"
Add component (AddParameter): Name = "FootprintNameOK"; Value = ""; VariantName = "[No Variations]"
Add component (AddParameter): Name = "HelpURL"; Value = ""; VariantName = "[No Variations]"
Add component (AddParameter): Name = "Mfg"; Value = ""; VariantName = "[No Variations]"
Add component (AddParameter): Name = "Mfg Part Number"; Value = ""; VariantName = "[No Variations]"
Add component (AddParameter): Name = "NI"; Value = ""; VariantName = "[No Variations]"
Add component (AddParameter): Name = "Package"; Value = "0603"; VariantName = "[No Variations]"
Add component (AddParameter): Name = "Power"; Value = ""; VariantName = "[No Variations]"
Add component (AddParameter): Name = "Precision"; Value = "1%"; VariantName = "[No Variations]"
Add component (AddParameter): Name = "Temperature"; Value = ""; VariantName = "[No Variations]"
Add component (AddParameter): Name = "Value"; Value = "4.7K"; VariantName = "[No Variations]"
Add component (AddParameter): Name = "VerifiedBy"; Value = ""; VariantName = "[No Variations]"
Add component (AddParameter): Name = "Voltage"; Value = ""; VariantName = "[No Variations]"
Added Component: Designator=R30(RES_0603)
Add component (AddParameter): Name = "CreatedBy"; Value = "Jonathan Bouchard"; VariantName = "[No Variations]"
Add component (AddParameter): Name = "Current"; Value = ""; VariantName = "[No Variations]"
Add component (AddParameter): Name = "FootprintNameOK"; Value = ""; VariantName = "[No Variations]"
Add component (AddParameter): Name = "HelpURL"; Value = ""; VariantName = "[No Variations]"
Add component (AddParameter): Name = "Mfg"; Value = ""; VariantName = "[No Variations]"
Add component (AddParameter): Name = "Mfg Part Number"; Value = ""; VariantName = "[No Variations]"
Add component (AddParameter): Name = "NI"; Value = ""; VariantName = "[No Variations]"
Add component (AddParameter): Name = "Package"; Value = "0603"; VariantName = "[No Variations]"
Add component (AddParameter): Name = "Power"; Value = ""; VariantName = "[No Variations]"
Add component (AddParameter): Name = "Precision"; Value = "1%"; VariantName = "[No Variations]"
Add component (AddParameter): Name = "Temperature"; Value = ""; VariantName = "[No Variations]"
Add component (AddParameter): Name = "Value"; Value = "4.7K"; VariantName = "[No Variations]"
Add component (AddParameter): Name = "VerifiedBy"; Value = ""; VariantName = "[No Variations]"
Add component (AddParameter): Name = "Voltage"; Value = ""; VariantName = "[No Variations]"
Added Component: Designator=R31(RES_0402)
Add component (AddParameter): Name = "CreatedBy"; Value = "Jonathan Bouchard"; VariantName = "[No Variations]"
Add component (AddParameter): Name = "Current"; Value = ""; VariantName = "[No Variations]"
Add component (AddParameter): Name = "FootprintNameOK"; Value = ""; VariantName = "[No Variations]"
Add component (AddParameter): Name = "HelpURL"; Value = ""; VariantName = "[No Variations]"
Add component (AddParameter): Name = "Mfg"; Value = ""; VariantName = "[No Variations]"
Add component (AddParameter): Name = "Mfg Part Number"; Value = ""; VariantName = "[No Variations]"
Add component (AddParameter): Name = "NI"; Value = ""; VariantName = "[No Variations]"
Add component (AddParameter): Name = "Package"; Value = "0402"; VariantName = "[No Variations]"
Add component (AddParameter): Name = "Power"; Value = "1/16W"; VariantName = "[No Variations]"
Add component (AddParameter): Name = "Precision"; Value = "1%"; VariantName = "[No Variations]"
Add component (AddParameter): Name = "Temperature"; Value = ""; VariantName = "[No Variations]"
Add component (AddParameter): Name = "Value"; Value = "10K"; VariantName = "[No Variations]"
Add component (AddParameter): Name = "VerifiedBy"; Value = ""; VariantName = "[No Variations]"
Add component (AddParameter): Name = "Voltage"; Value = "50V"; VariantName = "[No Variations]"
Added Component: Designator=R32(RES_0805)
Add component (AddParameter): Name = "CreatedBy"; Value = "Jonathan Bouchard"; VariantName = "[No Variations]"
Add component (AddParameter): Name = "Current"; Value = ""; VariantName = "[No Variations]"
Add component (AddParameter): Name = "FootprintNameOK"; Value = ""; VariantName = "[No Variations]"
Add component (AddParameter): Name = "HelpURL"; Value = ""; VariantName = "[No Variations]"
Add component (AddParameter): Name = "Mfg"; Value = ""; VariantName = "[No Variations]"
Add component (AddParameter): Name = "Mfg Part Number"; Value = ""; VariantName = "[No Variations]"
Add component (AddParameter): Name = "NI"; Value = ""; VariantName = "[No Variations]"
Add component (AddParameter): Name = "Package"; Value = "0805"; VariantName = "[No Variations]"
Add component (AddParameter): Name = "Power"; Value = ""; VariantName = "[No Variations]"
Add component (AddParameter): Name = "Precision"; Value = "1%"; VariantName = "[No Variations]"
Add component (AddParameter): Name = "Temperature"; Value = ""; VariantName = "[No Variations]"
Add component (AddParameter): Name = "Value"; Value = "1k"; VariantName = "[No Variations]"
Add component (AddParameter): Name = "VerifiedBy"; Value = ""; VariantName = "[No Variations]"
Add component (AddParameter): Name = "Voltage"; Value = ""; VariantName = "[No Variations]"
Added Component: Designator=R33(RES_0402)
Add component (AddParameter): Name = "CreatedBy"; Value = "Jonathan Bouchard"; VariantName = "[No Variations]"
Add component (AddParameter): Name = "Current"; Value = ""; VariantName = "[No Variations]"
Add component (AddParameter): Name = "FootprintNameOK"; Value = ""; VariantName = "[No Variations]"
Add component (AddParameter): Name = "HelpURL"; Value = ""; VariantName = "[No Variations]"
Add component (AddParameter): Name = "Mfg"; Value = ""; VariantName = "[No Variations]"
Add component (AddParameter): Name = "Mfg Part Number"; Value = ""; VariantName = "[No Variations]"
Add component (AddParameter): Name = "NI"; Value = ""; VariantName = "[No Variations]"
Add component (AddParameter): Name = "Package"; Value = "0402"; VariantName = "[No Variations]"
Add component (AddParameter): Name = "Power"; Value = "1/16W"; VariantName = "[No Variations]"
Add component (AddParameter): Name = "Precision"; Value = "1%"; VariantName = "[No Variations]"
Add component (AddParameter): Name = "Temperature"; Value = ""; VariantName = "[No Variations]"
Add component (AddParameter): Name = "Value"; Value = "1k"; VariantName = "[No Variations]"
Add component (AddParameter): Name = "VerifiedBy"; Value = ""; VariantName = "[No Variations]"
Add component (AddParameter): Name = "Voltage"; Value = "50V"; VariantName = "[No Variations]"
Added Component: Designator=R34(RES_0402)
Add component (AddParameter): Name = "CreatedBy"; Value = "Jonathan Bouchard"; VariantName = "[No Variations]"
Add component (AddParameter): Name = "Current"; Value = ""; VariantName = "[No Variations]"
Add component (AddParameter): Name = "FootprintNameOK"; Value = ""; VariantName = "[No Variations]"
Add component (AddParameter): Name = "HelpURL"; Value = ""; VariantName = "[No Variations]"
Add component (AddParameter): Name = "Mfg"; Value = ""; VariantName = "[No Variations]"
Add component (AddParameter): Name = "Mfg Part Number"; Value = ""; VariantName = "[No Variations]"
Add component (AddParameter): Name = "NI"; Value = ""; VariantName = "[No Variations]"
Add component (AddParameter): Name = "Package"; Value = "0402"; VariantName = "[No Variations]"
Add component (AddParameter): Name = "Power"; Value = "1/16W"; VariantName = "[No Variations]"
Add component (AddParameter): Name = "Precision"; Value = "1%"; VariantName = "[No Variations]"
Add component (AddParameter): Name = "Temperature"; Value = ""; VariantName = "[No Variations]"
Add component (AddParameter): Name = "Value"; Value = "1k"; VariantName = "[No Variations]"
Add component (AddParameter): Name = "VerifiedBy"; Value = ""; VariantName = "[No Variations]"
Add component (AddParameter): Name = "Voltage"; Value = "50V"; VariantName = "[No Variations]"
Added Component: Designator=R35(RES_0402)
Add component (AddParameter): Name = "CreatedBy"; Value = "Jonathan Bouchard"; VariantName = "[No Variations]"
Add component (AddParameter): Name = "Current"; Value = ""; VariantName = "[No Variations]"
Add component (AddParameter): Name = "FootprintNameOK"; Value = ""; VariantName = "[No Variations]"
Add component (AddParameter): Name = "HelpURL"; Value = ""; VariantName = "[No Variations]"
Add component (AddParameter): Name = "Mfg"; Value = ""; VariantName = "[No Variations]"
Add component (AddParameter): Name = "Mfg Part Number"; Value = ""; VariantName = "[No Variations]"
Add component (AddParameter): Name = "NI"; Value = ""; VariantName = "[No Variations]"
Add component (AddParameter): Name = "Package"; Value = "0402"; VariantName = "[No Variations]"
Add component (AddParameter): Name = "Power"; Value = "1/16W"; VariantName = "[No Variations]"
Add component (AddParameter): Name = "Precision"; Value = "1%"; VariantName = "[No Variations]"
Add component (AddParameter): Name = "Temperature"; Value = ""; VariantName = "[No Variations]"
Add component (AddParameter): Name = "Value"; Value = "75"; VariantName = "[No Variations]"
Add component (AddParameter): Name = "VerifiedBy"; Value = ""; VariantName = "[No Variations]"
Add component (AddParameter): Name = "Voltage"; Value = "50V"; VariantName = "[No Variations]"
Added Component: Designator=R36(RES_0402)
Add component (AddParameter): Name = "CreatedBy"; Value = "Jonathan Bouchard"; VariantName = "[No Variations]"
Add component (AddParameter): Name = "Current"; Value = ""; VariantName = "[No Variations]"
Add component (AddParameter): Name = "FootprintNameOK"; Value = ""; VariantName = "[No Variations]"
Add component (AddParameter): Name = "HelpURL"; Value = ""; VariantName = "[No Variations]"
Add component (AddParameter): Name = "Mfg"; Value = ""; VariantName = "[No Variations]"
Add component (AddParameter): Name = "Mfg Part Number"; Value = ""; VariantName = "[No Variations]"
Add component (AddParameter): Name = "NI"; Value = ""; VariantName = "[No Variations]"
Add component (AddParameter): Name = "Package"; Value = "0402"; VariantName = "[No Variations]"
Add component (AddParameter): Name = "Power"; Value = "1/16W"; VariantName = "[No Variations]"
Add component (AddParameter): Name = "Precision"; Value = "1%"; VariantName = "[No Variations]"
Add component (AddParameter): Name = "Temperature"; Value = ""; VariantName = "[No Variations]"
Add component (AddParameter): Name = "Value"; Value = "75"; VariantName = "[No Variations]"
Add component (AddParameter): Name = "VerifiedBy"; Value = ""; VariantName = "[No Variations]"
Add component (AddParameter): Name = "Voltage"; Value = "50V"; VariantName = "[No Variations]"
Added Component: Designator=R37(RES_0402)
Add component (AddParameter): Name = "CreatedBy"; Value = "Jonathan Bouchard"; VariantName = "[No Variations]"
Add component (AddParameter): Name = "Current"; Value = ""; VariantName = "[No Variations]"
Add component (AddParameter): Name = "FootprintNameOK"; Value = ""; VariantName = "[No Variations]"
Add component (AddParameter): Name = "HelpURL"; Value = ""; VariantName = "[No Variations]"
Add component (AddParameter): Name = "Mfg"; Value = ""; VariantName = "[No Variations]"
Add component (AddParameter): Name = "Mfg Part Number"; Value = ""; VariantName = "[No Variations]"
Add component (AddParameter): Name = "NI"; Value = ""; VariantName = "[No Variations]"
Add component (AddParameter): Name = "Package"; Value = "0402"; VariantName = "[No Variations]"
Add component (AddParameter): Name = "Power"; Value = "1/16W"; VariantName = "[No Variations]"
Add component (AddParameter): Name = "Precision"; Value = "1%"; VariantName = "[No Variations]"
Add component (AddParameter): Name = "Temperature"; Value = ""; VariantName = "[No Variations]"
Add component (AddParameter): Name = "Value"; Value = "75"; VariantName = "[No Variations]"
Add component (AddParameter): Name = "VerifiedBy"; Value = ""; VariantName = "[No Variations]"
Add component (AddParameter): Name = "Voltage"; Value = "50V"; VariantName = "[No Variations]"
Added Component: Designator=R38(RES_0402)
Add component (AddParameter): Name = "CreatedBy"; Value = "Jonathan Bouchard"; VariantName = "[No Variations]"
Add component (AddParameter): Name = "Current"; Value = ""; VariantName = "[No Variations]"
Add component (AddParameter): Name = "FootprintNameOK"; Value = ""; VariantName = "[No Variations]"
Add component (AddParameter): Name = "HelpURL"; Value = ""; VariantName = "[No Variations]"
Add component (AddParameter): Name = "Mfg"; Value = ""; VariantName = "[No Variations]"
Add component (AddParameter): Name = "Mfg Part Number"; Value = ""; VariantName = "[No Variations]"
Add component (AddParameter): Name = "NI"; Value = ""; VariantName = "[No Variations]"
Add component (AddParameter): Name = "Package"; Value = "0402"; VariantName = "[No Variations]"
Add component (AddParameter): Name = "Power"; Value = "1/16W"; VariantName = "[No Variations]"
Add component (AddParameter): Name = "Precision"; Value = "1%"; VariantName = "[No Variations]"
Add component (AddParameter): Name = "Temperature"; Value = ""; VariantName = "[No Variations]"
Add component (AddParameter): Name = "Value"; Value = "75"; VariantName = "[No Variations]"
Add component (AddParameter): Name = "VerifiedBy"; Value = ""; VariantName = "[No Variations]"
Add component (AddParameter): Name = "Voltage"; Value = "50V"; VariantName = "[No Variations]"
Added Component: Designator=R39(RES_0805)
Add component (AddParameter): Name = "CreatedBy"; Value = "Jonathan Bouchard"; VariantName = "[No Variations]"
Add component (AddParameter): Name = "Current"; Value = ""; VariantName = "[No Variations]"
Add component (AddParameter): Name = "FootprintNameOK"; Value = ""; VariantName = "[No Variations]"
Add component (AddParameter): Name = "HelpURL"; Value = ""; VariantName = "[No Variations]"
Add component (AddParameter): Name = "Mfg"; Value = ""; VariantName = "[No Variations]"
Add component (AddParameter): Name = "Mfg Part Number"; Value = ""; VariantName = "[No Variations]"
Add component (AddParameter): Name = "NI"; Value = ""; VariantName = "[No Variations]"
Add component (AddParameter): Name = "Package"; Value = "0805"; VariantName = "[No Variations]"
Add component (AddParameter): Name = "Power"; Value = ""; VariantName = "[No Variations]"
Add component (AddParameter): Name = "Precision"; Value = "1%"; VariantName = "[No Variations]"
Add component (AddParameter): Name = "Temperature"; Value = ""; VariantName = "[No Variations]"
Add component (AddParameter): Name = "Value"; Value = "6.49k"; VariantName = "[No Variations]"
Add component (AddParameter): Name = "VerifiedBy"; Value = ""; VariantName = "[No Variations]"
Add component (AddParameter): Name = "Voltage"; Value = ""; VariantName = "[No Variations]"
Added Component: Designator=R40(RES_0805)
Add component (AddParameter): Name = "CreatedBy"; Value = "Jonathan Bouchard"; VariantName = "[No Variations]"
Add component (AddParameter): Name = "Current"; Value = ""; VariantName = "[No Variations]"
Add component (AddParameter): Name = "FootprintNameOK"; Value = ""; VariantName = "[No Variations]"
Add component (AddParameter): Name = "HelpURL"; Value = ""; VariantName = "[No Variations]"
Add component (AddParameter): Name = "Mfg"; Value = ""; VariantName = "[No Variations]"
Add component (AddParameter): Name = "Mfg Part Number"; Value = ""; VariantName = "[No Variations]"
Add component (AddParameter): Name = "NI"; Value = ""; VariantName = "[No Variations]"
Add component (AddParameter): Name = "Package"; Value = "0805"; VariantName = "[No Variations]"
Add component (AddParameter): Name = "Power"; Value = ""; VariantName = "[No Variations]"
Add component (AddParameter): Name = "Precision"; Value = "1%"; VariantName = "[No Variations]"
Add component (AddParameter): Name = "Temperature"; Value = ""; VariantName = "[No Variations]"
Add component (AddParameter): Name = "Value"; Value = "1000"; VariantName = "[No Variations]"
Add component (AddParameter): Name = "VerifiedBy"; Value = ""; VariantName = "[No Variations]"
Add component (AddParameter): Name = "Voltage"; Value = ""; VariantName = "[No Variations]"
Added Component: Designator=R41(RES_0805)
Add component (AddParameter): Name = "CreatedBy"; Value = "Jonathan Bouchard"; VariantName = "[No Variations]"
Add component (AddParameter): Name = "Current"; Value = ""; VariantName = "[No Variations]"
Add component (AddParameter): Name = "FootprintNameOK"; Value = ""; VariantName = "[No Variations]"
Add component (AddParameter): Name = "HelpURL"; Value = ""; VariantName = "[No Variations]"
Add component (AddParameter): Name = "Mfg"; Value = ""; VariantName = "[No Variations]"
Add component (AddParameter): Name = "Mfg Part Number"; Value = ""; VariantName = "[No Variations]"
Add component (AddParameter): Name = "NI"; Value = ""; VariantName = "[No Variations]"
Add component (AddParameter): Name = "Package"; Value = "0805"; VariantName = "[No Variations]"
Add component (AddParameter): Name = "Power"; Value = ""; VariantName = "[No Variations]"
Add component (AddParameter): Name = "Precision"; Value = "1%"; VariantName = "[No Variations]"
Add component (AddParameter): Name = "Temperature"; Value = ""; VariantName = "[No Variations]"
Add component (AddParameter): Name = "Value"; Value = "1000"; VariantName = "[No Variations]"
Add component (AddParameter): Name = "VerifiedBy"; Value = ""; VariantName = "[No Variations]"
Add component (AddParameter): Name = "Voltage"; Value = ""; VariantName = "[No Variations]"
Added Component: Designator=R42(RES_0805)
Add component (AddParameter): Name = "CreatedBy"; Value = "Jonathan Bouchard"; VariantName = "[No Variations]"
Add component (AddParameter): Name = "Current"; Value = ""; VariantName = "[No Variations]"
Add component (AddParameter): Name = "FootprintNameOK"; Value = ""; VariantName = "[No Variations]"
Add component (AddParameter): Name = "HelpURL"; Value = ""; VariantName = "[No Variations]"
Add component (AddParameter): Name = "Mfg"; Value = ""; VariantName = "[No Variations]"
Add component (AddParameter): Name = "Mfg Part Number"; Value = ""; VariantName = "[No Variations]"
Add component (AddParameter): Name = "NI"; Value = ""; VariantName = "[No Variations]"
Add component (AddParameter): Name = "Package"; Value = "0805"; VariantName = "[No Variations]"
Add component (AddParameter): Name = "Power"; Value = ""; VariantName = "[No Variations]"
Add component (AddParameter): Name = "Precision"; Value = "1%"; VariantName = "[No Variations]"
Add component (AddParameter): Name = "Temperature"; Value = ""; VariantName = "[No Variations]"
Add component (AddParameter): Name = "Value"; Value = "4.7K"; VariantName = "[No Variations]"
Add component (AddParameter): Name = "VerifiedBy"; Value = ""; VariantName = "[No Variations]"
Add component (AddParameter): Name = "Voltage"; Value = ""; VariantName = "[No Variations]"
Added Component: Designator=R43(RES_0805)
Add component (AddParameter): Name = "CreatedBy"; Value = "Jonathan Bouchard"; VariantName = "[No Variations]"
Add component (AddParameter): Name = "Current"; Value = ""; VariantName = "[No Variations]"
Add component (AddParameter): Name = "FootprintNameOK"; Value = ""; VariantName = "[No Variations]"
Add component (AddParameter): Name = "HelpURL"; Value = ""; VariantName = "[No Variations]"
Add component (AddParameter): Name = "Mfg"; Value = ""; VariantName = "[No Variations]"
Add component (AddParameter): Name = "Mfg Part Number"; Value = ""; VariantName = "[No Variations]"
Add component (AddParameter): Name = "NI"; Value = ""; VariantName = "[No Variations]"
Add component (AddParameter): Name = "Package"; Value = "0805"; VariantName = "[No Variations]"
Add component (AddParameter): Name = "Power"; Value = ""; VariantName = "[No Variations]"
Add component (AddParameter): Name = "Precision"; Value = "1%"; VariantName = "[No Variations]"
Add component (AddParameter): Name = "Temperature"; Value = ""; VariantName = "[No Variations]"
Add component (AddParameter): Name = "Value"; Value = "40.2"; VariantName = "[No Variations]"
Add component (AddParameter): Name = "VerifiedBy"; Value = ""; VariantName = "[No Variations]"
Add component (AddParameter): Name = "Voltage"; Value = ""; VariantName = "[No Variations]"
Added Component: Designator=R44(RES_0805)
Add component (AddParameter): Name = "CreatedBy"; Value = "Jonathan Bouchard"; VariantName = "[No Variations]"
Add component (AddParameter): Name = "Current"; Value = ""; VariantName = "[No Variations]"
Add component (AddParameter): Name = "FootprintNameOK"; Value = ""; VariantName = "[No Variations]"
Add component (AddParameter): Name = "HelpURL"; Value = ""; VariantName = "[No Variations]"
Add component (AddParameter): Name = "Mfg"; Value = ""; VariantName = "[No Variations]"
Add component (AddParameter): Name = "Mfg Part Number"; Value = ""; VariantName = "[No Variations]"
Add component (AddParameter): Name = "NI"; Value = ""; VariantName = "[No Variations]"
Add component (AddParameter): Name = "Package"; Value = "0805"; VariantName = "[No Variations]"
Add component (AddParameter): Name = "Power"; Value = ""; VariantName = "[No Variations]"
Add component (AddParameter): Name = "Precision"; Value = "1%"; VariantName = "[No Variations]"
Add component (AddParameter): Name = "Temperature"; Value = ""; VariantName = "[No Variations]"
Add component (AddParameter): Name = "Value"; Value = "40.2"; VariantName = "[No Variations]"
Add component (AddParameter): Name = "VerifiedBy"; Value = ""; VariantName = "[No Variations]"
Add component (AddParameter): Name = "Voltage"; Value = ""; VariantName = "[No Variations]"
Added Component: Designator=R45(RES_0805)
Add component (AddParameter): Name = "CreatedBy"; Value = "Jonathan Bouchard"; VariantName = "[No Variations]"
Add component (AddParameter): Name = "Current"; Value = ""; VariantName = "[No Variations]"
Add component (AddParameter): Name = "FootprintNameOK"; Value = ""; VariantName = "[No Variations]"
Add component (AddParameter): Name = "HelpURL"; Value = ""; VariantName = "[No Variations]"
Add component (AddParameter): Name = "Mfg"; Value = ""; VariantName = "[No Variations]"
Add component (AddParameter): Name = "Mfg Part Number"; Value = ""; VariantName = "[No Variations]"
Add component (AddParameter): Name = "NI"; Value = ""; VariantName = "[No Variations]"
Add component (AddParameter): Name = "Package"; Value = "0805"; VariantName = "[No Variations]"
Add component (AddParameter): Name = "Power"; Value = ""; VariantName = "[No Variations]"
Add component (AddParameter): Name = "Precision"; Value = "1%"; VariantName = "[No Variations]"
Add component (AddParameter): Name = "Temperature"; Value = ""; VariantName = "[No Variations]"
Add component (AddParameter): Name = "Value"; Value = "40.2"; VariantName = "[No Variations]"
Add component (AddParameter): Name = "VerifiedBy"; Value = ""; VariantName = "[No Variations]"
Add component (AddParameter): Name = "Voltage"; Value = ""; VariantName = "[No Variations]"
Added Component: Designator=R46(RES_0805)
Add component (AddParameter): Name = "CreatedBy"; Value = "Jonathan Bouchard"; VariantName = "[No Variations]"
Add component (AddParameter): Name = "Current"; Value = ""; VariantName = "[No Variations]"
Add component (AddParameter): Name = "FootprintNameOK"; Value = ""; VariantName = "[No Variations]"
Add component (AddParameter): Name = "HelpURL"; Value = ""; VariantName = "[No Variations]"
Add component (AddParameter): Name = "Mfg"; Value = ""; VariantName = "[No Variations]"
Add component (AddParameter): Name = "Mfg Part Number"; Value = ""; VariantName = "[No Variations]"
Add component (AddParameter): Name = "NI"; Value = ""; VariantName = "[No Variations]"
Add component (AddParameter): Name = "Package"; Value = "0805"; VariantName = "[No Variations]"
Add component (AddParameter): Name = "Power"; Value = ""; VariantName = "[No Variations]"
Add component (AddParameter): Name = "Precision"; Value = "1%"; VariantName = "[No Variations]"
Add component (AddParameter): Name = "Temperature"; Value = ""; VariantName = "[No Variations]"
Add component (AddParameter): Name = "Value"; Value = "40.2"; VariantName = "[No Variations]"
Add component (AddParameter): Name = "VerifiedBy"; Value = ""; VariantName = "[No Variations]"
Add component (AddParameter): Name = "Voltage"; Value = ""; VariantName = "[No Variations]"
Added Component: Designator=R47(RES_0805)
Add component (AddParameter): Name = "CreatedBy"; Value = "Jonathan Bouchard"; VariantName = "[No Variations]"
Add component (AddParameter): Name = "Current"; Value = ""; VariantName = "[No Variations]"
Add component (AddParameter): Name = "FootprintNameOK"; Value = ""; VariantName = "[No Variations]"
Add component (AddParameter): Name = "HelpURL"; Value = ""; VariantName = "[No Variations]"
Add component (AddParameter): Name = "Mfg"; Value = ""; VariantName = "[No Variations]"
Add component (AddParameter): Name = "Mfg Part Number"; Value = ""; VariantName = "[No Variations]"
Add component (AddParameter): Name = "NI"; Value = ""; VariantName = "[No Variations]"
Add component (AddParameter): Name = "Package"; Value = "0805"; VariantName = "[No Variations]"
Add component (AddParameter): Name = "Power"; Value = ""; VariantName = "[No Variations]"
Add component (AddParameter): Name = "Precision"; Value = "1%"; VariantName = "[No Variations]"
Add component (AddParameter): Name = "Temperature"; Value = ""; VariantName = "[No Variations]"
Add component (AddParameter): Name = "Value"; Value = "40.2"; VariantName = "[No Variations]"
Add component (AddParameter): Name = "VerifiedBy"; Value = ""; VariantName = "[No Variations]"
Add component (AddParameter): Name = "Voltage"; Value = ""; VariantName = "[No Variations]"
Added Component: Designator=R48(RES_0805)
Add component (AddParameter): Name = "CreatedBy"; Value = "Jonathan Bouchard"; VariantName = "[No Variations]"
Add component (AddParameter): Name = "Current"; Value = ""; VariantName = "[No Variations]"
Add component (AddParameter): Name = "FootprintNameOK"; Value = ""; VariantName = "[No Variations]"
Add component (AddParameter): Name = "HelpURL"; Value = ""; VariantName = "[No Variations]"
Add component (AddParameter): Name = "Mfg"; Value = ""; VariantName = "[No Variations]"
Add component (AddParameter): Name = "Mfg Part Number"; Value = ""; VariantName = "[No Variations]"
Add component (AddParameter): Name = "NI"; Value = ""; VariantName = "[No Variations]"
Add component (AddParameter): Name = "Package"; Value = "0805"; VariantName = "[No Variations]"
Add component (AddParameter): Name = "Power"; Value = ""; VariantName = "[No Variations]"
Add component (AddParameter): Name = "Precision"; Value = "1%"; VariantName = "[No Variations]"
Add component (AddParameter): Name = "Temperature"; Value = ""; VariantName = "[No Variations]"
Add component (AddParameter): Name = "Value"; Value = "40.2"; VariantName = "[No Variations]"
Add component (AddParameter): Name = "VerifiedBy"; Value = ""; VariantName = "[No Variations]"
Add component (AddParameter): Name = "Voltage"; Value = ""; VariantName = "[No Variations]"
Added Component: Designator=R49(RES_0805)
Add component (AddParameter): Name = "CreatedBy"; Value = "Jonathan Bouchard"; VariantName = "[No Variations]"
Add component (AddParameter): Name = "Current"; Value = ""; VariantName = "[No Variations]"
Add component (AddParameter): Name = "FootprintNameOK"; Value = ""; VariantName = "[No Variations]"
Add component (AddParameter): Name = "HelpURL"; Value = ""; VariantName = "[No Variations]"
Add component (AddParameter): Name = "Mfg"; Value = ""; VariantName = "[No Variations]"
Add component (AddParameter): Name = "Mfg Part Number"; Value = ""; VariantName = "[No Variations]"
Add component (AddParameter): Name = "NI"; Value = ""; VariantName = "[No Variations]"
Add component (AddParameter): Name = "Package"; Value = "0805"; VariantName = "[No Variations]"
Add component (AddParameter): Name = "Power"; Value = ""; VariantName = "[No Variations]"
Add component (AddParameter): Name = "Precision"; Value = "1%"; VariantName = "[No Variations]"
Add component (AddParameter): Name = "Temperature"; Value = ""; VariantName = "[No Variations]"
Add component (AddParameter): Name = "Value"; Value = "40.2"; VariantName = "[No Variations]"
Add component (AddParameter): Name = "VerifiedBy"; Value = ""; VariantName = "[No Variations]"
Add component (AddParameter): Name = "Voltage"; Value = ""; VariantName = "[No Variations]"
Added Component: Designator=R50(RES_0805)
Add component (AddParameter): Name = "CreatedBy"; Value = "Jonathan Bouchard"; VariantName = "[No Variations]"
Add component (AddParameter): Name = "Current"; Value = ""; VariantName = "[No Variations]"
Add component (AddParameter): Name = "FootprintNameOK"; Value = ""; VariantName = "[No Variations]"
Add component (AddParameter): Name = "HelpURL"; Value = ""; VariantName = "[No Variations]"
Add component (AddParameter): Name = "Mfg"; Value = ""; VariantName = "[No Variations]"
Add component (AddParameter): Name = "Mfg Part Number"; Value = ""; VariantName = "[No Variations]"
Add component (AddParameter): Name = "NI"; Value = ""; VariantName = "[No Variations]"
Add component (AddParameter): Name = "Package"; Value = "0805"; VariantName = "[No Variations]"
Add component (AddParameter): Name = "Power"; Value = ""; VariantName = "[No Variations]"
Add component (AddParameter): Name = "Precision"; Value = "1%"; VariantName = "[No Variations]"
Add component (AddParameter): Name = "Temperature"; Value = ""; VariantName = "[No Variations]"
Add component (AddParameter): Name = "Value"; Value = "40.2"; VariantName = "[No Variations]"
Add component (AddParameter): Name = "VerifiedBy"; Value = ""; VariantName = "[No Variations]"
Add component (AddParameter): Name = "Voltage"; Value = ""; VariantName = "[No Variations]"
Added Component: Designator=R51(RES_0805)
Add component (AddParameter): Name = "CreatedBy"; Value = "Jonathan Bouchard"; VariantName = "[No Variations]"
Add component (AddParameter): Name = "Current"; Value = ""; VariantName = "[No Variations]"
Add component (AddParameter): Name = "FootprintNameOK"; Value = ""; VariantName = "[No Variations]"
Add component (AddParameter): Name = "HelpURL"; Value = ""; VariantName = "[No Variations]"
Add component (AddParameter): Name = "Mfg"; Value = ""; VariantName = "[No Variations]"
Add component (AddParameter): Name = "Mfg Part Number"; Value = ""; VariantName = "[No Variations]"
Add component (AddParameter): Name = "NI"; Value = ""; VariantName = "[No Variations]"
Add component (AddParameter): Name = "Package"; Value = "0805"; VariantName = "[No Variations]"
Add component (AddParameter): Name = "Power"; Value = ""; VariantName = "[No Variations]"
Add component (AddParameter): Name = "Precision"; Value = "1%"; VariantName = "[No Variations]"
Add component (AddParameter): Name = "Temperature"; Value = ""; VariantName = "[No Variations]"
Add component (AddParameter): Name = "Value"; Value = "40.2"; VariantName = "[No Variations]"
Add component (AddParameter): Name = "VerifiedBy"; Value = ""; VariantName = "[No Variations]"
Add component (AddParameter): Name = "Voltage"; Value = ""; VariantName = "[No Variations]"
Added Component: Designator=R52(RES_0805)
Add component (AddParameter): Name = "CreatedBy"; Value = "Jonathan Bouchard"; VariantName = "[No Variations]"
Add component (AddParameter): Name = "Current"; Value = ""; VariantName = "[No Variations]"
Add component (AddParameter): Name = "FootprintNameOK"; Value = ""; VariantName = "[No Variations]"
Add component (AddParameter): Name = "HelpURL"; Value = ""; VariantName = "[No Variations]"
Add component (AddParameter): Name = "Mfg"; Value = ""; VariantName = "[No Variations]"
Add component (AddParameter): Name = "Mfg Part Number"; Value = ""; VariantName = "[No Variations]"
Add component (AddParameter): Name = "NI"; Value = ""; VariantName = "[No Variations]"
Add component (AddParameter): Name = "Package"; Value = "0805"; VariantName = "[No Variations]"
Add component (AddParameter): Name = "Power"; Value = ""; VariantName = "[No Variations]"
Add component (AddParameter): Name = "Precision"; Value = "1%"; VariantName = "[No Variations]"
Add component (AddParameter): Name = "Temperature"; Value = ""; VariantName = "[No Variations]"
Add component (AddParameter): Name = "Value"; Value = "40.2"; VariantName = "[No Variations]"
Add component (AddParameter): Name = "VerifiedBy"; Value = ""; VariantName = "[No Variations]"
Add component (AddParameter): Name = "Voltage"; Value = ""; VariantName = "[No Variations]"
Added Component: Designator=R53(RES_0805)
Add component (AddParameter): Name = "CreatedBy"; Value = "Jonathan Bouchard"; VariantName = "[No Variations]"
Add component (AddParameter): Name = "Current"; Value = ""; VariantName = "[No Variations]"
Add component (AddParameter): Name = "FootprintNameOK"; Value = ""; VariantName = "[No Variations]"
Add component (AddParameter): Name = "HelpURL"; Value = ""; VariantName = "[No Variations]"
Add component (AddParameter): Name = "Mfg"; Value = ""; VariantName = "[No Variations]"
Add component (AddParameter): Name = "Mfg Part Number"; Value = ""; VariantName = "[No Variations]"
Add component (AddParameter): Name = "NI"; Value = ""; VariantName = "[No Variations]"
Add component (AddParameter): Name = "Package"; Value = "0805"; VariantName = "[No Variations]"
Add component (AddParameter): Name = "Power"; Value = ""; VariantName = "[No Variations]"
Add component (AddParameter): Name = "Precision"; Value = "1%"; VariantName = "[No Variations]"
Add component (AddParameter): Name = "Temperature"; Value = ""; VariantName = "[No Variations]"
Add component (AddParameter): Name = "Value"; Value = "40.2"; VariantName = "[No Variations]"
Add component (AddParameter): Name = "VerifiedBy"; Value = ""; VariantName = "[No Variations]"
Add component (AddParameter): Name = "Voltage"; Value = ""; VariantName = "[No Variations]"
Added Component: Designator=R54(RES_0805)
Add component (AddParameter): Name = "CreatedBy"; Value = "Jonathan Bouchard"; VariantName = "[No Variations]"
Add component (AddParameter): Name = "Current"; Value = ""; VariantName = "[No Variations]"
Add component (AddParameter): Name = "FootprintNameOK"; Value = ""; VariantName = "[No Variations]"
Add component (AddParameter): Name = "HelpURL"; Value = ""; VariantName = "[No Variations]"
Add component (AddParameter): Name = "Mfg"; Value = ""; VariantName = "[No Variations]"
Add component (AddParameter): Name = "Mfg Part Number"; Value = ""; VariantName = "[No Variations]"
Add component (AddParameter): Name = "NI"; Value = ""; VariantName = "[No Variations]"
Add component (AddParameter): Name = "Package"; Value = "0805"; VariantName = "[No Variations]"
Add component (AddParameter): Name = "Power"; Value = ""; VariantName = "[No Variations]"
Add component (AddParameter): Name = "Precision"; Value = "1%"; VariantName = "[No Variations]"
Add component (AddParameter): Name = "Temperature"; Value = ""; VariantName = "[No Variations]"
Add component (AddParameter): Name = "Value"; Value = "40.2"; VariantName = "[No Variations]"
Add component (AddParameter): Name = "VerifiedBy"; Value = ""; VariantName = "[No Variations]"
Add component (AddParameter): Name = "Voltage"; Value = ""; VariantName = "[No Variations]"
Added Component: Designator=R55(RES_0805)
Add component (AddParameter): Name = "CreatedBy"; Value = "Jonathan Bouchard"; VariantName = "[No Variations]"
Add component (AddParameter): Name = "Current"; Value = ""; VariantName = "[No Variations]"
Add component (AddParameter): Name = "FootprintNameOK"; Value = ""; VariantName = "[No Variations]"
Add component (AddParameter): Name = "HelpURL"; Value = ""; VariantName = "[No Variations]"
Add component (AddParameter): Name = "Mfg"; Value = ""; VariantName = "[No Variations]"
Add component (AddParameter): Name = "Mfg Part Number"; Value = ""; VariantName = "[No Variations]"
Add component (AddParameter): Name = "NI"; Value = ""; VariantName = "[No Variations]"
Add component (AddParameter): Name = "Package"; Value = "0805"; VariantName = "[No Variations]"
Add component (AddParameter): Name = "Power"; Value = ""; VariantName = "[No Variations]"
Add component (AddParameter): Name = "Precision"; Value = "1%"; VariantName = "[No Variations]"
Add component (AddParameter): Name = "Temperature"; Value = ""; VariantName = "[No Variations]"
Add component (AddParameter): Name = "Value"; Value = "40.2"; VariantName = "[No Variations]"
Add component (AddParameter): Name = "VerifiedBy"; Value = ""; VariantName = "[No Variations]"
Add component (AddParameter): Name = "Voltage"; Value = ""; VariantName = "[No Variations]"
Added Component: Designator=R56(RES_0805)
Add component (AddParameter): Name = "CreatedBy"; Value = "Jonathan Bouchard"; VariantName = "[No Variations]"
Add component (AddParameter): Name = "Current"; Value = ""; VariantName = "[No Variations]"
Add component (AddParameter): Name = "FootprintNameOK"; Value = ""; VariantName = "[No Variations]"
Add component (AddParameter): Name = "HelpURL"; Value = ""; VariantName = "[No Variations]"
Add component (AddParameter): Name = "Mfg"; Value = ""; VariantName = "[No Variations]"
Add component (AddParameter): Name = "Mfg Part Number"; Value = ""; VariantName = "[No Variations]"
Add component (AddParameter): Name = "NI"; Value = ""; VariantName = "[No Variations]"
Add component (AddParameter): Name = "Package"; Value = "0805"; VariantName = "[No Variations]"
Add component (AddParameter): Name = "Power"; Value = ""; VariantName = "[No Variations]"
Add component (AddParameter): Name = "Precision"; Value = "1%"; VariantName = "[No Variations]"
Add component (AddParameter): Name = "Temperature"; Value = ""; VariantName = "[No Variations]"
Add component (AddParameter): Name = "Value"; Value = "40.2"; VariantName = "[No Variations]"
Add component (AddParameter): Name = "VerifiedBy"; Value = ""; VariantName = "[No Variations]"
Add component (AddParameter): Name = "Voltage"; Value = ""; VariantName = "[No Variations]"
Added Component: Designator=R57(RES_0805)
Add component (AddParameter): Name = "CreatedBy"; Value = "Jonathan Bouchard"; VariantName = "[No Variations]"
Add component (AddParameter): Name = "Current"; Value = ""; VariantName = "[No Variations]"
Add component (AddParameter): Name = "FootprintNameOK"; Value = ""; VariantName = "[No Variations]"
Add component (AddParameter): Name = "HelpURL"; Value = ""; VariantName = "[No Variations]"
Add component (AddParameter): Name = "Mfg"; Value = ""; VariantName = "[No Variations]"
Add component (AddParameter): Name = "Mfg Part Number"; Value = ""; VariantName = "[No Variations]"
Add component (AddParameter): Name = "NI"; Value = ""; VariantName = "[No Variations]"
Add component (AddParameter): Name = "Package"; Value = "0805"; VariantName = "[No Variations]"
Add component (AddParameter): Name = "Power"; Value = ""; VariantName = "[No Variations]"
Add component (AddParameter): Name = "Precision"; Value = "1%"; VariantName = "[No Variations]"
Add component (AddParameter): Name = "Temperature"; Value = ""; VariantName = "[No Variations]"
Add component (AddParameter): Name = "Value"; Value = "40.2"; VariantName = "[No Variations]"
Add component (AddParameter): Name = "VerifiedBy"; Value = ""; VariantName = "[No Variations]"
Add component (AddParameter): Name = "Voltage"; Value = ""; VariantName = "[No Variations]"
Added Component: Designator=R58(RES_0805)
Add component (AddParameter): Name = "CreatedBy"; Value = "Jonathan Bouchard"; VariantName = "[No Variations]"
Add component (AddParameter): Name = "Current"; Value = ""; VariantName = "[No Variations]"
Add component (AddParameter): Name = "FootprintNameOK"; Value = ""; VariantName = "[No Variations]"
Add component (AddParameter): Name = "HelpURL"; Value = ""; VariantName = "[No Variations]"
Add component (AddParameter): Name = "Mfg"; Value = ""; VariantName = "[No Variations]"
Add component (AddParameter): Name = "Mfg Part Number"; Value = ""; VariantName = "[No Variations]"
Add component (AddParameter): Name = "NI"; Value = ""; VariantName = "[No Variations]"
Add component (AddParameter): Name = "Package"; Value = "0805"; VariantName = "[No Variations]"
Add component (AddParameter): Name = "Power"; Value = ""; VariantName = "[No Variations]"
Add component (AddParameter): Name = "Precision"; Value = "1%"; VariantName = "[No Variations]"
Add component (AddParameter): Name = "Temperature"; Value = ""; VariantName = "[No Variations]"
Add component (AddParameter): Name = "Value"; Value = "40.2"; VariantName = "[No Variations]"
Add component (AddParameter): Name = "VerifiedBy"; Value = ""; VariantName = "[No Variations]"
Add component (AddParameter): Name = "Voltage"; Value = ""; VariantName = "[No Variations]"
Added Component: Designator=R59(RES_0805)
Add component (AddParameter): Name = "CreatedBy"; Value = "Jonathan Bouchard"; VariantName = "[No Variations]"
Add component (AddParameter): Name = "Current"; Value = ""; VariantName = "[No Variations]"
Add component (AddParameter): Name = "FootprintNameOK"; Value = ""; VariantName = "[No Variations]"
Add component (AddParameter): Name = "HelpURL"; Value = ""; VariantName = "[No Variations]"
Add component (AddParameter): Name = "Mfg"; Value = ""; VariantName = "[No Variations]"
Add component (AddParameter): Name = "Mfg Part Number"; Value = ""; VariantName = "[No Variations]"
Add component (AddParameter): Name = "NI"; Value = ""; VariantName = "[No Variations]"
Add component (AddParameter): Name = "Package"; Value = "0805"; VariantName = "[No Variations]"
Add component (AddParameter): Name = "Power"; Value = ""; VariantName = "[No Variations]"
Add component (AddParameter): Name = "Precision"; Value = "1%"; VariantName = "[No Variations]"
Add component (AddParameter): Name = "Temperature"; Value = ""; VariantName = "[No Variations]"
Add component (AddParameter): Name = "Value"; Value = "40.2"; VariantName = "[No Variations]"
Add component (AddParameter): Name = "VerifiedBy"; Value = ""; VariantName = "[No Variations]"
Add component (AddParameter): Name = "Voltage"; Value = ""; VariantName = "[No Variations]"
Added Component: Designator=R60(RES_0805)
Add component (AddParameter): Name = "CreatedBy"; Value = "Jonathan Bouchard"; VariantName = "[No Variations]"
Add component (AddParameter): Name = "Current"; Value = ""; VariantName = "[No Variations]"
Add component (AddParameter): Name = "FootprintNameOK"; Value = ""; VariantName = "[No Variations]"
Add component (AddParameter): Name = "HelpURL"; Value = ""; VariantName = "[No Variations]"
Add component (AddParameter): Name = "Mfg"; Value = ""; VariantName = "[No Variations]"
Add component (AddParameter): Name = "Mfg Part Number"; Value = ""; VariantName = "[No Variations]"
Add component (AddParameter): Name = "NI"; Value = ""; VariantName = "[No Variations]"
Add component (AddParameter): Name = "Package"; Value = "0805"; VariantName = "[No Variations]"
Add component (AddParameter): Name = "Power"; Value = ""; VariantName = "[No Variations]"
Add component (AddParameter): Name = "Precision"; Value = "1%"; VariantName = "[No Variations]"
Add component (AddParameter): Name = "Temperature"; Value = ""; VariantName = "[No Variations]"
Add component (AddParameter): Name = "Value"; Value = "40.2"; VariantName = "[No Variations]"
Add component (AddParameter): Name = "VerifiedBy"; Value = ""; VariantName = "[No Variations]"
Add component (AddParameter): Name = "Voltage"; Value = ""; VariantName = "[No Variations]"
Added Component: Designator=R61(RES_0805)
Add component (AddParameter): Name = "CreatedBy"; Value = "Jonathan Bouchard"; VariantName = "[No Variations]"
Add component (AddParameter): Name = "Current"; Value = ""; VariantName = "[No Variations]"
Add component (AddParameter): Name = "FootprintNameOK"; Value = ""; VariantName = "[No Variations]"
Add component (AddParameter): Name = "HelpURL"; Value = ""; VariantName = "[No Variations]"
Add component (AddParameter): Name = "Mfg"; Value = ""; VariantName = "[No Variations]"
Add component (AddParameter): Name = "Mfg Part Number"; Value = ""; VariantName = "[No Variations]"
Add component (AddParameter): Name = "NI"; Value = ""; VariantName = "[No Variations]"
Add component (AddParameter): Name = "Package"; Value = "0805"; VariantName = "[No Variations]"
Add component (AddParameter): Name = "Power"; Value = ""; VariantName = "[No Variations]"
Add component (AddParameter): Name = "Precision"; Value = "1%"; VariantName = "[No Variations]"
Add component (AddParameter): Name = "Temperature"; Value = ""; VariantName = "[No Variations]"
Add component (AddParameter): Name = "Value"; Value = "40.2"; VariantName = "[No Variations]"
Add component (AddParameter): Name = "VerifiedBy"; Value = ""; VariantName = "[No Variations]"
Add component (AddParameter): Name = "Voltage"; Value = ""; VariantName = "[No Variations]"
Added Component: Designator=R62(RES_0805)
Add component (AddParameter): Name = "CreatedBy"; Value = "Jonathan Bouchard"; VariantName = "[No Variations]"
Add component (AddParameter): Name = "Current"; Value = ""; VariantName = "[No Variations]"
Add component (AddParameter): Name = "FootprintNameOK"; Value = ""; VariantName = "[No Variations]"
Add component (AddParameter): Name = "HelpURL"; Value = ""; VariantName = "[No Variations]"
Add component (AddParameter): Name = "Mfg"; Value = ""; VariantName = "[No Variations]"
Add component (AddParameter): Name = "Mfg Part Number"; Value = ""; VariantName = "[No Variations]"
Add component (AddParameter): Name = "NI"; Value = ""; VariantName = "[No Variations]"
Add component (AddParameter): Name = "Package"; Value = "0805"; VariantName = "[No Variations]"
Add component (AddParameter): Name = "Power"; Value = ""; VariantName = "[No Variations]"
Add component (AddParameter): Name = "Precision"; Value = "1%"; VariantName = "[No Variations]"
Add component (AddParameter): Name = "Temperature"; Value = ""; VariantName = "[No Variations]"
Add component (AddParameter): Name = "Value"; Value = "40.2"; VariantName = "[No Variations]"
Add component (AddParameter): Name = "VerifiedBy"; Value = ""; VariantName = "[No Variations]"
Add component (AddParameter): Name = "Voltage"; Value = ""; VariantName = "[No Variations]"
Added Component: Designator=R63(RES_0805)
Add component (AddParameter): Name = "CreatedBy"; Value = "Jonathan Bouchard"; VariantName = "[No Variations]"
Add component (AddParameter): Name = "Current"; Value = ""; VariantName = "[No Variations]"
Add component (AddParameter): Name = "FootprintNameOK"; Value = ""; VariantName = "[No Variations]"
Add component (AddParameter): Name = "HelpURL"; Value = ""; VariantName = "[No Variations]"
Add component (AddParameter): Name = "Mfg"; Value = ""; VariantName = "[No Variations]"
Add component (AddParameter): Name = "Mfg Part Number"; Value = ""; VariantName = "[No Variations]"
Add component (AddParameter): Name = "NI"; Value = ""; VariantName = "[No Variations]"
Add component (AddParameter): Name = "Package"; Value = "0805"; VariantName = "[No Variations]"
Add component (AddParameter): Name = "Power"; Value = ""; VariantName = "[No Variations]"
Add component (AddParameter): Name = "Precision"; Value = "1%"; VariantName = "[No Variations]"
Add component (AddParameter): Name = "Temperature"; Value = ""; VariantName = "[No Variations]"
Add component (AddParameter): Name = "Value"; Value = "40.2"; VariantName = "[No Variations]"
Add component (AddParameter): Name = "VerifiedBy"; Value = ""; VariantName = "[No Variations]"
Add component (AddParameter): Name = "Voltage"; Value = ""; VariantName = "[No Variations]"
Added Component: Designator=R64(RES_0805)
Add component (AddParameter): Name = "CreatedBy"; Value = "Jonathan Bouchard"; VariantName = "[No Variations]"
Add component (AddParameter): Name = "Current"; Value = ""; VariantName = "[No Variations]"
Add component (AddParameter): Name = "FootprintNameOK"; Value = ""; VariantName = "[No Variations]"
Add component (AddParameter): Name = "HelpURL"; Value = ""; VariantName = "[No Variations]"
Add component (AddParameter): Name = "Mfg"; Value = ""; VariantName = "[No Variations]"
Add component (AddParameter): Name = "Mfg Part Number"; Value = ""; VariantName = "[No Variations]"
Add component (AddParameter): Name = "NI"; Value = ""; VariantName = "[No Variations]"
Add component (AddParameter): Name = "Package"; Value = "0805"; VariantName = "[No Variations]"
Add component (AddParameter): Name = "Power"; Value = ""; VariantName = "[No Variations]"
Add component (AddParameter): Name = "Precision"; Value = "1%"; VariantName = "[No Variations]"
Add component (AddParameter): Name = "Temperature"; Value = ""; VariantName = "[No Variations]"
Add component (AddParameter): Name = "Value"; Value = "40.2"; VariantName = "[No Variations]"
Add component (AddParameter): Name = "VerifiedBy"; Value = ""; VariantName = "[No Variations]"
Add component (AddParameter): Name = "Voltage"; Value = ""; VariantName = "[No Variations]"
Added Component: Designator=R65(RES_0805)
Add component (AddParameter): Name = "CreatedBy"; Value = "Jonathan Bouchard"; VariantName = "[No Variations]"
Add component (AddParameter): Name = "Current"; Value = ""; VariantName = "[No Variations]"
Add component (AddParameter): Name = "FootprintNameOK"; Value = ""; VariantName = "[No Variations]"
Add component (AddParameter): Name = "HelpURL"; Value = ""; VariantName = "[No Variations]"
Add component (AddParameter): Name = "Mfg"; Value = ""; VariantName = "[No Variations]"
Add component (AddParameter): Name = "Mfg Part Number"; Value = ""; VariantName = "[No Variations]"
Add component (AddParameter): Name = "NI"; Value = ""; VariantName = "[No Variations]"
Add component (AddParameter): Name = "Package"; Value = "0805"; VariantName = "[No Variations]"
Add component (AddParameter): Name = "Power"; Value = ""; VariantName = "[No Variations]"
Add component (AddParameter): Name = "Precision"; Value = "1%"; VariantName = "[No Variations]"
Add component (AddParameter): Name = "Temperature"; Value = ""; VariantName = "[No Variations]"
Add component (AddParameter): Name = "Value"; Value = "40.2"; VariantName = "[No Variations]"
Add component (AddParameter): Name = "VerifiedBy"; Value = ""; VariantName = "[No Variations]"
Add component (AddParameter): Name = "Voltage"; Value = ""; VariantName = "[No Variations]"
Added Component: Designator=R66(RES_0805)
Add component (AddParameter): Name = "CreatedBy"; Value = "Jonathan Bouchard"; VariantName = "[No Variations]"
Add component (AddParameter): Name = "Current"; Value = ""; VariantName = "[No Variations]"
Add component (AddParameter): Name = "FootprintNameOK"; Value = ""; VariantName = "[No Variations]"
Add component (AddParameter): Name = "HelpURL"; Value = ""; VariantName = "[No Variations]"
Add component (AddParameter): Name = "Mfg"; Value = ""; VariantName = "[No Variations]"
Add component (AddParameter): Name = "Mfg Part Number"; Value = ""; VariantName = "[No Variations]"
Add component (AddParameter): Name = "NI"; Value = ""; VariantName = "[No Variations]"
Add component (AddParameter): Name = "Package"; Value = "0805"; VariantName = "[No Variations]"
Add component (AddParameter): Name = "Power"; Value = ""; VariantName = "[No Variations]"
Add component (AddParameter): Name = "Precision"; Value = "1%"; VariantName = "[No Variations]"
Add component (AddParameter): Name = "Temperature"; Value = ""; VariantName = "[No Variations]"
Add component (AddParameter): Name = "Value"; Value = "100"; VariantName = "[No Variations]"
Add component (AddParameter): Name = "VerifiedBy"; Value = ""; VariantName = "[No Variations]"
Add component (AddParameter): Name = "Voltage"; Value = ""; VariantName = "[No Variations]"
Added Component: Designator=R67(RES_0805)
Add component (AddParameter): Name = "CreatedBy"; Value = "Jonathan Bouchard"; VariantName = "[No Variations]"
Add component (AddParameter): Name = "Current"; Value = ""; VariantName = "[No Variations]"
Add component (AddParameter): Name = "FootprintNameOK"; Value = ""; VariantName = "[No Variations]"
Add component (AddParameter): Name = "HelpURL"; Value = ""; VariantName = "[No Variations]"
Add component (AddParameter): Name = "Mfg"; Value = ""; VariantName = "[No Variations]"
Add component (AddParameter): Name = "Mfg Part Number"; Value = ""; VariantName = "[No Variations]"
Add component (AddParameter): Name = "NI"; Value = ""; VariantName = "[No Variations]"
Add component (AddParameter): Name = "Package"; Value = "0805"; VariantName = "[No Variations]"
Add component (AddParameter): Name = "Power"; Value = ""; VariantName = "[No Variations]"
Add component (AddParameter): Name = "Precision"; Value = "1%"; VariantName = "[No Variations]"
Add component (AddParameter): Name = "Temperature"; Value = ""; VariantName = "[No Variations]"
Add component (AddParameter): Name = "Value"; Value = "240"; VariantName = "[No Variations]"
Add component (AddParameter): Name = "VerifiedBy"; Value = ""; VariantName = "[No Variations]"
Add component (AddParameter): Name = "Voltage"; Value = ""; VariantName = "[No Variations]"
Added Component: Designator=R68(RES_0603)
Add component (AddParameter): Name = "CreatedBy"; Value = "Jonathan Bouchard"; VariantName = "[No Variations]"
Add component (AddParameter): Name = "Current"; Value = ""; VariantName = "[No Variations]"
Add component (AddParameter): Name = "FootprintNameOK"; Value = ""; VariantName = "[No Variations]"
Add component (AddParameter): Name = "HelpURL"; Value = ""; VariantName = "[No Variations]"
Add component (AddParameter): Name = "Mfg"; Value = ""; VariantName = "[No Variations]"
Add component (AddParameter): Name = "Mfg Part Number"; Value = ""; VariantName = "[No Variations]"
Add component (AddParameter): Name = "NI"; Value = ""; VariantName = "[No Variations]"
Add component (AddParameter): Name = "Package"; Value = "0603"; VariantName = "[No Variations]"
Add component (AddParameter): Name = "Power"; Value = ""; VariantName = "[No Variations]"
Add component (AddParameter): Name = "Precision"; Value = "1%"; VariantName = "[No Variations]"
Add component (AddParameter): Name = "Temperature"; Value = ""; VariantName = "[No Variations]"
Add component (AddParameter): Name = "Value"; Value = "10k"; VariantName = "[No Variations]"
Add component (AddParameter): Name = "VerifiedBy"; Value = ""; VariantName = "[No Variations]"
Add component (AddParameter): Name = "Voltage"; Value = ""; VariantName = "[No Variations]"
Added Component: Designator=R69(RES_0603)
Add component (AddParameter): Name = "CreatedBy"; Value = "Jonathan Bouchard"; VariantName = "[No Variations]"
Add component (AddParameter): Name = "Current"; Value = ""; VariantName = "[No Variations]"
Add component (AddParameter): Name = "FootprintNameOK"; Value = ""; VariantName = "[No Variations]"
Add component (AddParameter): Name = "HelpURL"; Value = ""; VariantName = "[No Variations]"
Add component (AddParameter): Name = "Mfg"; Value = ""; VariantName = "[No Variations]"
Add component (AddParameter): Name = "Mfg Part Number"; Value = ""; VariantName = "[No Variations]"
Add component (AddParameter): Name = "NI"; Value = ""; VariantName = "[No Variations]"
Add component (AddParameter): Name = "Package"; Value = "0603"; VariantName = "[No Variations]"
Add component (AddParameter): Name = "Power"; Value = ""; VariantName = "[No Variations]"
Add component (AddParameter): Name = "Precision"; Value = "1%"; VariantName = "[No Variations]"
Add component (AddParameter): Name = "Temperature"; Value = ""; VariantName = "[No Variations]"
Add component (AddParameter): Name = "Value"; Value = "4.7k"; VariantName = "[No Variations]"
Add component (AddParameter): Name = "VerifiedBy"; Value = ""; VariantName = "[No Variations]"
Add component (AddParameter): Name = "Voltage"; Value = ""; VariantName = "[No Variations]"
Added Component: Designator=R70(RES_0603)
Add component (AddParameter): Name = "CreatedBy"; Value = "Jonathan Bouchard"; VariantName = "[No Variations]"
Add component (AddParameter): Name = "Current"; Value = ""; VariantName = "[No Variations]"
Add component (AddParameter): Name = "FootprintNameOK"; Value = ""; VariantName = "[No Variations]"
Add component (AddParameter): Name = "HelpURL"; Value = ""; VariantName = "[No Variations]"
Add component (AddParameter): Name = "Mfg"; Value = ""; VariantName = "[No Variations]"
Add component (AddParameter): Name = "Mfg Part Number"; Value = ""; VariantName = "[No Variations]"
Add component (AddParameter): Name = "NI"; Value = ""; VariantName = "[No Variations]"
Add component (AddParameter): Name = "Package"; Value = "0603"; VariantName = "[No Variations]"
Add component (AddParameter): Name = "Power"; Value = ""; VariantName = "[No Variations]"
Add component (AddParameter): Name = "Precision"; Value = "1%"; VariantName = "[No Variations]"
Add component (AddParameter): Name = "Temperature"; Value = ""; VariantName = "[No Variations]"
Add component (AddParameter): Name = "Value"; Value = "4.7k"; VariantName = "[No Variations]"
Add component (AddParameter): Name = "VerifiedBy"; Value = ""; VariantName = "[No Variations]"
Add component (AddParameter): Name = "Voltage"; Value = ""; VariantName = "[No Variations]"
Added Component: Designator=R71(RES_0603)
Add component (AddParameter): Name = "CreatedBy"; Value = "Jonathan Bouchard"; VariantName = "[No Variations]"
Add component (AddParameter): Name = "Current"; Value = ""; VariantName = "[No Variations]"
Add component (AddParameter): Name = "FootprintNameOK"; Value = ""; VariantName = "[No Variations]"
Add component (AddParameter): Name = "HelpURL"; Value = ""; VariantName = "[No Variations]"
Add component (AddParameter): Name = "Mfg"; Value = ""; VariantName = "[No Variations]"
Add component (AddParameter): Name = "Mfg Part Number"; Value = ""; VariantName = "[No Variations]"
Add component (AddParameter): Name = "NI"; Value = ""; VariantName = "[No Variations]"
Add component (AddParameter): Name = "Package"; Value = "0603"; VariantName = "[No Variations]"
Add component (AddParameter): Name = "Power"; Value = ""; VariantName = "[No Variations]"
Add component (AddParameter): Name = "Precision"; Value = "1%"; VariantName = "[No Variations]"
Add component (AddParameter): Name = "Temperature"; Value = ""; VariantName = "[No Variations]"
Add component (AddParameter): Name = "Value"; Value = "10k"; VariantName = "[No Variations]"
Add component (AddParameter): Name = "VerifiedBy"; Value = ""; VariantName = "[No Variations]"
Add component (AddParameter): Name = "Voltage"; Value = ""; VariantName = "[No Variations]"
Added Component: Designator=R72(RES_0603)
Add component (AddParameter): Name = "CreatedBy"; Value = "Jonathan Bouchard"; VariantName = "[No Variations]"
Add component (AddParameter): Name = "Current"; Value = ""; VariantName = "[No Variations]"
Add component (AddParameter): Name = "FootprintNameOK"; Value = ""; VariantName = "[No Variations]"
Add component (AddParameter): Name = "HelpURL"; Value = ""; VariantName = "[No Variations]"
Add component (AddParameter): Name = "Mfg"; Value = ""; VariantName = "[No Variations]"
Add component (AddParameter): Name = "Mfg Part Number"; Value = ""; VariantName = "[No Variations]"
Add component (AddParameter): Name = "NI"; Value = ""; VariantName = "[No Variations]"
Add component (AddParameter): Name = "Package"; Value = "0603"; VariantName = "[No Variations]"
Add component (AddParameter): Name = "Power"; Value = ""; VariantName = "[No Variations]"
Add component (AddParameter): Name = "Precision"; Value = "1%"; VariantName = "[No Variations]"
Add component (AddParameter): Name = "Temperature"; Value = ""; VariantName = "[No Variations]"
Add component (AddParameter): Name = "Value"; Value = "150"; VariantName = "[No Variations]"
Add component (AddParameter): Name = "VerifiedBy"; Value = ""; VariantName = "[No Variations]"
Add component (AddParameter): Name = "Voltage"; Value = ""; VariantName = "[No Variations]"
Added Component: Designator=R73(RES_0603)
Add component (AddParameter): Name = "CreatedBy"; Value = "Jonathan Bouchard"; VariantName = "[No Variations]"
Add component (AddParameter): Name = "Current"; Value = ""; VariantName = "[No Variations]"
Add component (AddParameter): Name = "FootprintNameOK"; Value = ""; VariantName = "[No Variations]"
Add component (AddParameter): Name = "HelpURL"; Value = ""; VariantName = "[No Variations]"
Add component (AddParameter): Name = "Mfg"; Value = ""; VariantName = "[No Variations]"
Add component (AddParameter): Name = "Mfg Part Number"; Value = ""; VariantName = "[No Variations]"
Add component (AddParameter): Name = "NI"; Value = ""; VariantName = "[No Variations]"
Add component (AddParameter): Name = "Package"; Value = "0603"; VariantName = "[No Variations]"
Add component (AddParameter): Name = "Power"; Value = ""; VariantName = "[No Variations]"
Add component (AddParameter): Name = "Precision"; Value = "1%"; VariantName = "[No Variations]"
Add component (AddParameter): Name = "Temperature"; Value = ""; VariantName = "[No Variations]"
Add component (AddParameter): Name = "Value"; Value = "150"; VariantName = "[No Variations]"
Add component (AddParameter): Name = "VerifiedBy"; Value = ""; VariantName = "[No Variations]"
Add component (AddParameter): Name = "Voltage"; Value = ""; VariantName = "[No Variations]"
Added Component: Designator=R74(RES_0603)
Add component (AddParameter): Name = "CreatedBy"; Value = "Jonathan Bouchard"; VariantName = "[No Variations]"
Add component (AddParameter): Name = "Current"; Value = ""; VariantName = "[No Variations]"
Add component (AddParameter): Name = "FootprintNameOK"; Value = ""; VariantName = "[No Variations]"
Add component (AddParameter): Name = "HelpURL"; Value = ""; VariantName = "[No Variations]"
Add component (AddParameter): Name = "Mfg"; Value = ""; VariantName = "[No Variations]"
Add component (AddParameter): Name = "Mfg Part Number"; Value = ""; VariantName = "[No Variations]"
Add component (AddParameter): Name = "NI"; Value = ""; VariantName = "[No Variations]"
Add component (AddParameter): Name = "Package"; Value = "0603"; VariantName = "[No Variations]"
Add component (AddParameter): Name = "Power"; Value = ""; VariantName = "[No Variations]"
Add component (AddParameter): Name = "Precision"; Value = "1%"; VariantName = "[No Variations]"
Add component (AddParameter): Name = "Temperature"; Value = ""; VariantName = "[No Variations]"
Add component (AddParameter): Name = "Value"; Value = "150"; VariantName = "[No Variations]"
Add component (AddParameter): Name = "VerifiedBy"; Value = ""; VariantName = "[No Variations]"
Add component (AddParameter): Name = "Voltage"; Value = ""; VariantName = "[No Variations]"
Added Component: Designator=R75(RES_0603)
Add component (AddParameter): Name = "CreatedBy"; Value = "Jonathan Bouchard"; VariantName = "[No Variations]"
Add component (AddParameter): Name = "Current"; Value = ""; VariantName = "[No Variations]"
Add component (AddParameter): Name = "FootprintNameOK"; Value = ""; VariantName = "[No Variations]"
Add component (AddParameter): Name = "HelpURL"; Value = ""; VariantName = "[No Variations]"
Add component (AddParameter): Name = "Mfg"; Value = ""; VariantName = "[No Variations]"
Add component (AddParameter): Name = "Mfg Part Number"; Value = ""; VariantName = "[No Variations]"
Add component (AddParameter): Name = "NI"; Value = ""; VariantName = "[No Variations]"
Add component (AddParameter): Name = "Package"; Value = "0603"; VariantName = "[No Variations]"
Add component (AddParameter): Name = "Power"; Value = ""; VariantName = "[No Variations]"
Add component (AddParameter): Name = "Precision"; Value = "1%"; VariantName = "[No Variations]"
Add component (AddParameter): Name = "Temperature"; Value = ""; VariantName = "[No Variations]"
Add component (AddParameter): Name = "Value"; Value = "150"; VariantName = "[No Variations]"
Add component (AddParameter): Name = "VerifiedBy"; Value = ""; VariantName = "[No Variations]"
Add component (AddParameter): Name = "Voltage"; Value = ""; VariantName = "[No Variations]"
Added Component: Designator=R76(RES_0603)
Add component (AddParameter): Name = "CreatedBy"; Value = "Jonathan Bouchard"; VariantName = "[No Variations]"
Add component (AddParameter): Name = "Current"; Value = ""; VariantName = "[No Variations]"
Add component (AddParameter): Name = "FootprintNameOK"; Value = ""; VariantName = "[No Variations]"
Add component (AddParameter): Name = "HelpURL"; Value = ""; VariantName = "[No Variations]"
Add component (AddParameter): Name = "Mfg"; Value = ""; VariantName = "[No Variations]"
Add component (AddParameter): Name = "Mfg Part Number"; Value = ""; VariantName = "[No Variations]"
Add component (AddParameter): Name = "NI"; Value = ""; VariantName = "[No Variations]"
Add component (AddParameter): Name = "Package"; Value = "0603"; VariantName = "[No Variations]"
Add component (AddParameter): Name = "Power"; Value = ""; VariantName = "[No Variations]"
Add component (AddParameter): Name = "Precision"; Value = "1%"; VariantName = "[No Variations]"
Add component (AddParameter): Name = "Temperature"; Value = ""; VariantName = "[No Variations]"
Add component (AddParameter): Name = "Value"; Value = "10k"; VariantName = "[No Variations]"
Add component (AddParameter): Name = "VerifiedBy"; Value = ""; VariantName = "[No Variations]"
Add component (AddParameter): Name = "Voltage"; Value = ""; VariantName = "[No Variations]"
Added Component: Designator=R77(RES_0603)
Add component (AddParameter): Name = "CreatedBy"; Value = "Jonathan Bouchard"; VariantName = "[No Variations]"
Add component (AddParameter): Name = "Current"; Value = ""; VariantName = "[No Variations]"
Add component (AddParameter): Name = "FootprintNameOK"; Value = ""; VariantName = "[No Variations]"
Add component (AddParameter): Name = "HelpURL"; Value = ""; VariantName = "[No Variations]"
Add component (AddParameter): Name = "Mfg"; Value = ""; VariantName = "[No Variations]"
Add component (AddParameter): Name = "Mfg Part Number"; Value = ""; VariantName = "[No Variations]"
Add component (AddParameter): Name = "NI"; Value = ""; VariantName = "[No Variations]"
Add component (AddParameter): Name = "Package"; Value = "0603"; VariantName = "[No Variations]"
Add component (AddParameter): Name = "Power"; Value = ""; VariantName = "[No Variations]"
Add component (AddParameter): Name = "Precision"; Value = "1%"; VariantName = "[No Variations]"
Add component (AddParameter): Name = "Temperature"; Value = ""; VariantName = "[No Variations]"
Add component (AddParameter): Name = "Value"; Value = "4.7k"; VariantName = "[No Variations]"
Add component (AddParameter): Name = "VerifiedBy"; Value = ""; VariantName = "[No Variations]"
Add component (AddParameter): Name = "Voltage"; Value = ""; VariantName = "[No Variations]"
Added Component: Designator=R78(RES_0603)
Add component (AddParameter): Name = "CreatedBy"; Value = "Jonathan Bouchard"; VariantName = "[No Variations]"
Add component (AddParameter): Name = "Current"; Value = ""; VariantName = "[No Variations]"
Add component (AddParameter): Name = "FootprintNameOK"; Value = ""; VariantName = "[No Variations]"
Add component (AddParameter): Name = "HelpURL"; Value = ""; VariantName = "[No Variations]"
Add component (AddParameter): Name = "Mfg"; Value = ""; VariantName = "[No Variations]"
Add component (AddParameter): Name = "Mfg Part Number"; Value = ""; VariantName = "[No Variations]"
Add component (AddParameter): Name = "NI"; Value = ""; VariantName = "[No Variations]"
Add component (AddParameter): Name = "Package"; Value = "0603"; VariantName = "[No Variations]"
Add component (AddParameter): Name = "Power"; Value = ""; VariantName = "[No Variations]"
Add component (AddParameter): Name = "Precision"; Value = "1%"; VariantName = "[No Variations]"
Add component (AddParameter): Name = "Temperature"; Value = ""; VariantName = "[No Variations]"
Add component (AddParameter): Name = "Value"; Value = "4.7k"; VariantName = "[No Variations]"
Add component (AddParameter): Name = "VerifiedBy"; Value = ""; VariantName = "[No Variations]"
Add component (AddParameter): Name = "Voltage"; Value = ""; VariantName = "[No Variations]"
Added Component: Designator=R79(RES_0603)
Add component (AddParameter): Name = "CreatedBy"; Value = "Jonathan Bouchard"; VariantName = "[No Variations]"
Add component (AddParameter): Name = "Current"; Value = ""; VariantName = "[No Variations]"
Add component (AddParameter): Name = "FootprintNameOK"; Value = ""; VariantName = "[No Variations]"
Add component (AddParameter): Name = "HelpURL"; Value = ""; VariantName = "[No Variations]"
Add component (AddParameter): Name = "Mfg"; Value = ""; VariantName = "[No Variations]"
Add component (AddParameter): Name = "Mfg Part Number"; Value = ""; VariantName = "[No Variations]"
Add component (AddParameter): Name = "NI"; Value = ""; VariantName = "[No Variations]"
Add component (AddParameter): Name = "Package"; Value = "0603"; VariantName = "[No Variations]"
Add component (AddParameter): Name = "Power"; Value = ""; VariantName = "[No Variations]"
Add component (AddParameter): Name = "Precision"; Value = "1%"; VariantName = "[No Variations]"
Add component (AddParameter): Name = "Temperature"; Value = ""; VariantName = "[No Variations]"
Add component (AddParameter): Name = "Value"; Value = "10k"; VariantName = "[No Variations]"
Add component (AddParameter): Name = "VerifiedBy"; Value = ""; VariantName = "[No Variations]"
Add component (AddParameter): Name = "Voltage"; Value = ""; VariantName = "[No Variations]"
Added Component: Designator=R80(RES_1206)
Add component (AddParameter): Name = "CreatedBy"; Value = "Jonathan Bouchard"; VariantName = "[No Variations]"
Add component (AddParameter): Name = "Current"; Value = ""; VariantName = "[No Variations]"
Add component (AddParameter): Name = "FootprintNameOK"; Value = ""; VariantName = "[No Variations]"
Add component (AddParameter): Name = "HelpURL"; Value = ""; VariantName = "[No Variations]"
Add component (AddParameter): Name = "Mfg"; Value = ""; VariantName = "[No Variations]"
Add component (AddParameter): Name = "Mfg Part Number"; Value = ""; VariantName = "[No Variations]"
Add component (AddParameter): Name = "NI"; Value = ""; VariantName = "[No Variations]"
Add component (AddParameter): Name = "Package"; Value = "1206"; VariantName = "[No Variations]"
Add component (AddParameter): Name = "Power"; Value = "0.4W"; VariantName = "[No Variations]"
Add component (AddParameter): Name = "Precision"; Value = "1%"; VariantName = "[No Variations]"
Add component (AddParameter): Name = "Temperature"; Value = ""; VariantName = "[No Variations]"
Add component (AddParameter): Name = "Value"; Value = "2.2k"; VariantName = "[No Variations]"
Add component (AddParameter): Name = "VerifiedBy"; Value = ""; VariantName = "[No Variations]"
Add component (AddParameter): Name = "Voltage"; Value = ""; VariantName = "[No Variations]"
Added Component: Designator=R81(RES_0603)
Add component (AddParameter): Name = "CreatedBy"; Value = "Jonathan Bouchard"; VariantName = "[No Variations]"
Add component (AddParameter): Name = "Current"; Value = ""; VariantName = "[No Variations]"
Add component (AddParameter): Name = "FootprintNameOK"; Value = ""; VariantName = "[No Variations]"
Add component (AddParameter): Name = "HelpURL"; Value = ""; VariantName = "[No Variations]"
Add component (AddParameter): Name = "Mfg"; Value = ""; VariantName = "[No Variations]"
Add component (AddParameter): Name = "Mfg Part Number"; Value = ""; VariantName = "[No Variations]"
Add component (AddParameter): Name = "NI"; Value = ""; VariantName = "[No Variations]"
Add component (AddParameter): Name = "Package"; Value = "0603"; VariantName = "[No Variations]"
Add component (AddParameter): Name = "Power"; Value = ""; VariantName = "[No Variations]"
Add component (AddParameter): Name = "Precision"; Value = "1%"; VariantName = "[No Variations]"
Add component (AddParameter): Name = "Temperature"; Value = ""; VariantName = "[No Variations]"
Add component (AddParameter): Name = "Value"; Value = "10k"; VariantName = "[No Variations]"
Add component (AddParameter): Name = "VerifiedBy"; Value = ""; VariantName = "[No Variations]"
Add component (AddParameter): Name = "Voltage"; Value = ""; VariantName = "[No Variations]"
Added Component: Designator=R82(RES_0603)
Add component (AddParameter): Name = "CreatedBy"; Value = "Jonathan Bouchard"; VariantName = "[No Variations]"
Add component (AddParameter): Name = "Current"; Value = ""; VariantName = "[No Variations]"
Add component (AddParameter): Name = "FootprintNameOK"; Value = ""; VariantName = "[No Variations]"
Add component (AddParameter): Name = "HelpURL"; Value = ""; VariantName = "[No Variations]"
Add component (AddParameter): Name = "Mfg"; Value = ""; VariantName = "[No Variations]"
Add component (AddParameter): Name = "Mfg Part Number"; Value = ""; VariantName = "[No Variations]"
Add component (AddParameter): Name = "NI"; Value = ""; VariantName = "[No Variations]"
Add component (AddParameter): Name = "Package"; Value = "0603"; VariantName = "[No Variations]"
Add component (AddParameter): Name = "Power"; Value = ""; VariantName = "[No Variations]"
Add component (AddParameter): Name = "Precision"; Value = "1%"; VariantName = "[No Variations]"
Add component (AddParameter): Name = "Temperature"; Value = ""; VariantName = "[No Variations]"
Add component (AddParameter): Name = "Value"; Value = "10k"; VariantName = "[No Variations]"
Add component (AddParameter): Name = "VerifiedBy"; Value = ""; VariantName = "[No Variations]"
Add component (AddParameter): Name = "Voltage"; Value = ""; VariantName = "[No Variations]"
Added Component: Designator=R83(RES_1210)
Add component (AddParameter): Name = "CreatedBy"; Value = "Jonathan Bouchard"; VariantName = "[No Variations]"
Add component (AddParameter): Name = "Current"; Value = ""; VariantName = "[No Variations]"
Add component (AddParameter): Name = "FootprintNameOK"; Value = ""; VariantName = "[No Variations]"
Add component (AddParameter): Name = "HelpURL"; Value = ""; VariantName = "[No Variations]"
Add component (AddParameter): Name = "Mfg"; Value = ""; VariantName = "[No Variations]"
Add component (AddParameter): Name = "Mfg Part Number"; Value = ""; VariantName = "[No Variations]"
Add component (AddParameter): Name = "NI"; Value = ""; VariantName = "[No Variations]"
Add component (AddParameter): Name = "Package"; Value = "1210"; VariantName = "[No Variations]"
Add component (AddParameter): Name = "Power"; Value = "1W"; VariantName = "[No Variations]"
Add component (AddParameter): Name = "Precision"; Value = "1%"; VariantName = "[No Variations]"
Add component (AddParameter): Name = "Temperature"; Value = ""; VariantName = "[No Variations]"
Add component (AddParameter): Name = "Value"; Value = "0.1"; VariantName = "[No Variations]"
Add component (AddParameter): Name = "VerifiedBy"; Value = ""; VariantName = "[No Variations]"
Add component (AddParameter): Name = "Voltage"; Value = ""; VariantName = "[No Variations]"
Added Component: Designator=R84(RES_0603)
Add component (AddParameter): Name = "CreatedBy"; Value = "Jonathan Bouchard"; VariantName = "[No Variations]"
Add component (AddParameter): Name = "Current"; Value = ""; VariantName = "[No Variations]"
Add component (AddParameter): Name = "FootprintNameOK"; Value = ""; VariantName = "[No Variations]"
Add component (AddParameter): Name = "HelpURL"; Value = ""; VariantName = "[No Variations]"
Add component (AddParameter): Name = "Mfg"; Value = ""; VariantName = "[No Variations]"
Add component (AddParameter): Name = "Mfg Part Number"; Value = ""; VariantName = "[No Variations]"
Add component (AddParameter): Name = "NI"; Value = ""; VariantName = "[No Variations]"
Add component (AddParameter): Name = "Package"; Value = "0603"; VariantName = "[No Variations]"
Add component (AddParameter): Name = "Power"; Value = ""; VariantName = "[No Variations]"
Add component (AddParameter): Name = "Precision"; Value = "1%"; VariantName = "[No Variations]"
Add component (AddParameter): Name = "Temperature"; Value = ""; VariantName = "[No Variations]"
Add component (AddParameter): Name = "Value"; Value = "10k"; VariantName = "[No Variations]"
Add component (AddParameter): Name = "VerifiedBy"; Value = ""; VariantName = "[No Variations]"
Add component (AddParameter): Name = "Voltage"; Value = ""; VariantName = "[No Variations]"
Added Component: Designator=R85(RES_0603)
Add component (AddParameter): Name = "CreatedBy"; Value = "Jonathan Bouchard"; VariantName = "[No Variations]"
Add component (AddParameter): Name = "Current"; Value = ""; VariantName = "[No Variations]"
Add component (AddParameter): Name = "FootprintNameOK"; Value = ""; VariantName = "[No Variations]"
Add component (AddParameter): Name = "HelpURL"; Value = ""; VariantName = "[No Variations]"
Add component (AddParameter): Name = "Mfg"; Value = ""; VariantName = "[No Variations]"
Add component (AddParameter): Name = "Mfg Part Number"; Value = ""; VariantName = "[No Variations]"
Add component (AddParameter): Name = "NI"; Value = ""; VariantName = "[No Variations]"
Add component (AddParameter): Name = "Package"; Value = "0603"; VariantName = "[No Variations]"
Add component (AddParameter): Name = "Power"; Value = ""; VariantName = "[No Variations]"
Add component (AddParameter): Name = "Precision"; Value = "1%"; VariantName = "[No Variations]"
Add component (AddParameter): Name = "Temperature"; Value = ""; VariantName = "[No Variations]"
Add component (AddParameter): Name = "Value"; Value = "10k"; VariantName = "[No Variations]"
Add component (AddParameter): Name = "VerifiedBy"; Value = ""; VariantName = "[No Variations]"
Add component (AddParameter): Name = "Voltage"; Value = ""; VariantName = "[No Variations]"
Added Component: Designator=R86(RES_0603)
Add component (AddParameter): Name = "CreatedBy"; Value = "Jonathan Bouchard"; VariantName = "[No Variations]"
Add component (AddParameter): Name = "Current"; Value = ""; VariantName = "[No Variations]"
Add component (AddParameter): Name = "FootprintNameOK"; Value = ""; VariantName = "[No Variations]"
Add component (AddParameter): Name = "HelpURL"; Value = ""; VariantName = "[No Variations]"
Add component (AddParameter): Name = "Mfg"; Value = ""; VariantName = "[No Variations]"
Add component (AddParameter): Name = "Mfg Part Number"; Value = ""; VariantName = "[No Variations]"
Add component (AddParameter): Name = "NI"; Value = ""; VariantName = "[No Variations]"
Add component (AddParameter): Name = "Package"; Value = "0603"; VariantName = "[No Variations]"
Add component (AddParameter): Name = "Power"; Value = ""; VariantName = "[No Variations]"
Add component (AddParameter): Name = "Precision"; Value = "1%"; VariantName = "[No Variations]"
Add component (AddParameter): Name = "Temperature"; Value = ""; VariantName = "[No Variations]"
Add component (AddParameter): Name = "Value"; Value = "47k"; VariantName = "[No Variations]"
Add component (AddParameter): Name = "VerifiedBy"; Value = ""; VariantName = "[No Variations]"
Add component (AddParameter): Name = "Voltage"; Value = ""; VariantName = "[No Variations]"
Added Component: Designator=R87(RES_0603)
Add component (AddParameter): Name = "CreatedBy"; Value = "Jonathan Bouchard"; VariantName = "[No Variations]"
Add component (AddParameter): Name = "Current"; Value = ""; VariantName = "[No Variations]"
Add component (AddParameter): Name = "FootprintNameOK"; Value = ""; VariantName = "[No Variations]"
Add component (AddParameter): Name = "HelpURL"; Value = ""; VariantName = "[No Variations]"
Add component (AddParameter): Name = "Mfg"; Value = ""; VariantName = "[No Variations]"
Add component (AddParameter): Name = "Mfg Part Number"; Value = ""; VariantName = "[No Variations]"
Add component (AddParameter): Name = "NI"; Value = ""; VariantName = "[No Variations]"
Add component (AddParameter): Name = "Package"; Value = "0603"; VariantName = "[No Variations]"
Add component (AddParameter): Name = "Power"; Value = ""; VariantName = "[No Variations]"
Add component (AddParameter): Name = "Precision"; Value = "1%"; VariantName = "[No Variations]"
Add component (AddParameter): Name = "Temperature"; Value = ""; VariantName = "[No Variations]"
Add component (AddParameter): Name = "Value"; Value = "47k"; VariantName = "[No Variations]"
Add component (AddParameter): Name = "VerifiedBy"; Value = ""; VariantName = "[No Variations]"
Add component (AddParameter): Name = "Voltage"; Value = ""; VariantName = "[No Variations]"
Added Component: Designator=R88(RES_1210)
Add component (AddParameter): Name = "CreatedBy"; Value = "Jonathan Bouchard"; VariantName = "[No Variations]"
Add component (AddParameter): Name = "Current"; Value = ""; VariantName = "[No Variations]"
Add component (AddParameter): Name = "FootprintNameOK"; Value = ""; VariantName = "[No Variations]"
Add component (AddParameter): Name = "HelpURL"; Value = ""; VariantName = "[No Variations]"
Add component (AddParameter): Name = "Mfg"; Value = ""; VariantName = "[No Variations]"
Add component (AddParameter): Name = "Mfg Part Number"; Value = ""; VariantName = "[No Variations]"
Add component (AddParameter): Name = "NI"; Value = ""; VariantName = "[No Variations]"
Add component (AddParameter): Name = "Package"; Value = "1210"; VariantName = "[No Variations]"
Add component (AddParameter): Name = "Power"; Value = "1W"; VariantName = "[No Variations]"
Add component (AddParameter): Name = "Precision"; Value = "1%"; VariantName = "[No Variations]"
Add component (AddParameter): Name = "Temperature"; Value = ""; VariantName = "[No Variations]"
Add component (AddParameter): Name = "Value"; Value = "0.1"; VariantName = "[No Variations]"
Add component (AddParameter): Name = "VerifiedBy"; Value = ""; VariantName = "[No Variations]"
Add component (AddParameter): Name = "Voltage"; Value = ""; VariantName = "[No Variations]"
Added Component: Designator=R89(RES_0603)
Add component (AddParameter): Name = "CreatedBy"; Value = "Jonathan Bouchard"; VariantName = "[No Variations]"
Add component (AddParameter): Name = "Current"; Value = ""; VariantName = "[No Variations]"
Add component (AddParameter): Name = "FootprintNameOK"; Value = ""; VariantName = "[No Variations]"
Add component (AddParameter): Name = "HelpURL"; Value = ""; VariantName = "[No Variations]"
Add component (AddParameter): Name = "Mfg"; Value = ""; VariantName = "[No Variations]"
Add component (AddParameter): Name = "Mfg Part Number"; Value = ""; VariantName = "[No Variations]"
Add component (AddParameter): Name = "NI"; Value = ""; VariantName = "[No Variations]"
Add component (AddParameter): Name = "Package"; Value = "0603"; VariantName = "[No Variations]"
Add component (AddParameter): Name = "Power"; Value = ""; VariantName = "[No Variations]"
Add component (AddParameter): Name = "Precision"; Value = "1%"; VariantName = "[No Variations]"
Add component (AddParameter): Name = "Temperature"; Value = ""; VariantName = "[No Variations]"
Add component (AddParameter): Name = "Value"; Value = "2.4K"; VariantName = "[No Variations]"
Add component (AddParameter): Name = "VerifiedBy"; Value = ""; VariantName = "[No Variations]"
Add component (AddParameter): Name = "Voltage"; Value = ""; VariantName = "[No Variations]"
Added Component: Designator=R90(RES_0603)
Add component (AddParameter): Name = "CreatedBy"; Value = "Jonathan Bouchard"; VariantName = "[No Variations]"
Add component (AddParameter): Name = "Current"; Value = ""; VariantName = "[No Variations]"
Add component (AddParameter): Name = "FootprintNameOK"; Value = ""; VariantName = "[No Variations]"
Add component (AddParameter): Name = "HelpURL"; Value = ""; VariantName = "[No Variations]"
Add component (AddParameter): Name = "Mfg"; Value = ""; VariantName = "[No Variations]"
Add component (AddParameter): Name = "Mfg Part Number"; Value = ""; VariantName = "[No Variations]"
Add component (AddParameter): Name = "NI"; Value = ""; VariantName = "[No Variations]"
Add component (AddParameter): Name = "Package"; Value = "0603"; VariantName = "[No Variations]"
Add component (AddParameter): Name = "Power"; Value = ""; VariantName = "[No Variations]"
Add component (AddParameter): Name = "Precision"; Value = "1%"; VariantName = "[No Variations]"
Add component (AddParameter): Name = "Temperature"; Value = ""; VariantName = "[No Variations]"
Add component (AddParameter): Name = "Value"; Value = "2.4K"; VariantName = "[No Variations]"
Add component (AddParameter): Name = "VerifiedBy"; Value = ""; VariantName = "[No Variations]"
Add component (AddParameter): Name = "Voltage"; Value = ""; VariantName = "[No Variations]"
Added Component: Designator=R91(RES_0603)
Add component (AddParameter): Name = "CreatedBy"; Value = "Jonathan Bouchard"; VariantName = "[No Variations]"
Add component (AddParameter): Name = "Current"; Value = ""; VariantName = "[No Variations]"
Add component (AddParameter): Name = "FootprintNameOK"; Value = ""; VariantName = "[No Variations]"
Add component (AddParameter): Name = "HelpURL"; Value = ""; VariantName = "[No Variations]"
Add component (AddParameter): Name = "Mfg"; Value = ""; VariantName = "[No Variations]"
Add component (AddParameter): Name = "Mfg Part Number"; Value = ""; VariantName = "[No Variations]"
Add component (AddParameter): Name = "NI"; Value = ""; VariantName = "[No Variations]"
Add component (AddParameter): Name = "Package"; Value = "0603"; VariantName = "[No Variations]"
Add component (AddParameter): Name = "Power"; Value = ""; VariantName = "[No Variations]"
Add component (AddParameter): Name = "Precision"; Value = "1%"; VariantName = "[No Variations]"
Add component (AddParameter): Name = "Temperature"; Value = ""; VariantName = "[No Variations]"
Add component (AddParameter): Name = "Value"; Value = "100"; VariantName = "[No Variations]"
Add component (AddParameter): Name = "VerifiedBy"; Value = ""; VariantName = "[No Variations]"
Add component (AddParameter): Name = "Voltage"; Value = ""; VariantName = "[No Variations]"
Added Component: Designator=R92(RES_0603)
Add component (AddParameter): Name = "CreatedBy"; Value = "Jonathan Bouchard"; VariantName = "[No Variations]"
Add component (AddParameter): Name = "Current"; Value = ""; VariantName = "[No Variations]"
Add component (AddParameter): Name = "FootprintNameOK"; Value = ""; VariantName = "[No Variations]"
Add component (AddParameter): Name = "HelpURL"; Value = ""; VariantName = "[No Variations]"
Add component (AddParameter): Name = "Mfg"; Value = ""; VariantName = "[No Variations]"
Add component (AddParameter): Name = "Mfg Part Number"; Value = ""; VariantName = "[No Variations]"
Add component (AddParameter): Name = "NI"; Value = ""; VariantName = "[No Variations]"
Add component (AddParameter): Name = "Package"; Value = "0603"; VariantName = "[No Variations]"
Add component (AddParameter): Name = "Power"; Value = ""; VariantName = "[No Variations]"
Add component (AddParameter): Name = "Precision"; Value = "1%"; VariantName = "[No Variations]"
Add component (AddParameter): Name = "Temperature"; Value = ""; VariantName = "[No Variations]"
Add component (AddParameter): Name = "Value"; Value = "2.4K"; VariantName = "[No Variations]"
Add component (AddParameter): Name = "VerifiedBy"; Value = ""; VariantName = "[No Variations]"
Add component (AddParameter): Name = "Voltage"; Value = ""; VariantName = "[No Variations]"
Added Component: Designator=R93(RES_0603)
Add component (AddParameter): Name = "CreatedBy"; Value = "Jonathan Bouchard"; VariantName = "[No Variations]"
Add component (AddParameter): Name = "Current"; Value = ""; VariantName = "[No Variations]"
Add component (AddParameter): Name = "FootprintNameOK"; Value = ""; VariantName = "[No Variations]"
Add component (AddParameter): Name = "HelpURL"; Value = ""; VariantName = "[No Variations]"
Add component (AddParameter): Name = "Mfg"; Value = ""; VariantName = "[No Variations]"
Add component (AddParameter): Name = "Mfg Part Number"; Value = ""; VariantName = "[No Variations]"
Add component (AddParameter): Name = "NI"; Value = ""; VariantName = "[No Variations]"
Add component (AddParameter): Name = "Package"; Value = "0603"; VariantName = "[No Variations]"
Add component (AddParameter): Name = "Power"; Value = ""; VariantName = "[No Variations]"
Add component (AddParameter): Name = "Precision"; Value = "1%"; VariantName = "[No Variations]"
Add component (AddParameter): Name = "Temperature"; Value = ""; VariantName = "[No Variations]"
Add component (AddParameter): Name = "Value"; Value = "10K"; VariantName = "[No Variations]"
Add component (AddParameter): Name = "VerifiedBy"; Value = ""; VariantName = "[No Variations]"
Add component (AddParameter): Name = "Voltage"; Value = ""; VariantName = "[No Variations]"
Added Component: Designator=R94(RES_0603)
Add component (AddParameter): Name = "CreatedBy"; Value = "Jonathan Bouchard"; VariantName = "[No Variations]"
Add component (AddParameter): Name = "Current"; Value = ""; VariantName = "[No Variations]"
Add component (AddParameter): Name = "FootprintNameOK"; Value = ""; VariantName = "[No Variations]"
Add component (AddParameter): Name = "HelpURL"; Value = ""; VariantName = "[No Variations]"
Add component (AddParameter): Name = "Mfg"; Value = ""; VariantName = "[No Variations]"
Add component (AddParameter): Name = "Mfg Part Number"; Value = ""; VariantName = "[No Variations]"
Add component (AddParameter): Name = "NI"; Value = ""; VariantName = "[No Variations]"
Add component (AddParameter): Name = "Package"; Value = "0603"; VariantName = "[No Variations]"
Add component (AddParameter): Name = "Power"; Value = ""; VariantName = "[No Variations]"
Add component (AddParameter): Name = "Precision"; Value = "1%"; VariantName = "[No Variations]"
Add component (AddParameter): Name = "Temperature"; Value = ""; VariantName = "[No Variations]"
Add component (AddParameter): Name = "Value"; Value = "2.4K"; VariantName = "[No Variations]"
Add component (AddParameter): Name = "VerifiedBy"; Value = ""; VariantName = "[No Variations]"
Add component (AddParameter): Name = "Voltage"; Value = ""; VariantName = "[No Variations]"
Added Component: Designator=R95(RES_0402)
Add component (AddParameter): Name = "CreatedBy"; Value = "Jonathan Bouchard"; VariantName = "[No Variations]"
Add component (AddParameter): Name = "Current"; Value = ""; VariantName = "[No Variations]"
Add component (AddParameter): Name = "FootprintNameOK"; Value = ""; VariantName = "[No Variations]"
Add component (AddParameter): Name = "HelpURL"; Value = ""; VariantName = "[No Variations]"
Add component (AddParameter): Name = "Mfg"; Value = ""; VariantName = "[No Variations]"
Add component (AddParameter): Name = "Mfg Part Number"; Value = ""; VariantName = "[No Variations]"
Add component (AddParameter): Name = "NI"; Value = ""; VariantName = "[No Variations]"
Add component (AddParameter): Name = "Package"; Value = "0402"; VariantName = "[No Variations]"
Add component (AddParameter): Name = "Power"; Value = "1/16W"; VariantName = "[No Variations]"
Add component (AddParameter): Name = "Precision"; Value = "1%"; VariantName = "[No Variations]"
Add component (AddParameter): Name = "Temperature"; Value = ""; VariantName = "[No Variations]"
Add component (AddParameter): Name = "Value"; Value = "100"; VariantName = "[No Variations]"
Add component (AddParameter): Name = "VerifiedBy"; Value = ""; VariantName = "[No Variations]"
Add component (AddParameter): Name = "Voltage"; Value = "50V"; VariantName = "[No Variations]"
Added Component: Designator=R96(RES_0402)
Add component (AddParameter): Name = "CreatedBy"; Value = "Jonathan Bouchard"; VariantName = "[No Variations]"
Add component (AddParameter): Name = "Current"; Value = ""; VariantName = "[No Variations]"
Add component (AddParameter): Name = "FootprintNameOK"; Value = ""; VariantName = "[No Variations]"
Add component (AddParameter): Name = "HelpURL"; Value = ""; VariantName = "[No Variations]"
Add component (AddParameter): Name = "Mfg"; Value = ""; VariantName = "[No Variations]"
Add component (AddParameter): Name = "Mfg Part Number"; Value = ""; VariantName = "[No Variations]"
Add component (AddParameter): Name = "NI"; Value = ""; VariantName = "[No Variations]"
Add component (AddParameter): Name = "Package"; Value = "0402"; VariantName = "[No Variations]"
Add component (AddParameter): Name = "Power"; Value = "1/16W"; VariantName = "[No Variations]"
Add component (AddParameter): Name = "Precision"; Value = "1%"; VariantName = "[No Variations]"
Add component (AddParameter): Name = "Temperature"; Value = ""; VariantName = "[No Variations]"
Add component (AddParameter): Name = "Value"; Value = "301"; VariantName = "[No Variations]"
Add component (AddParameter): Name = "VerifiedBy"; Value = ""; VariantName = "[No Variations]"
Add component (AddParameter): Name = "Voltage"; Value = "50V"; VariantName = "[No Variations]"
Added Component: Designator=R97(RES_0402)
Add component (AddParameter): Name = "CreatedBy"; Value = "Jonathan Bouchard"; VariantName = "[No Variations]"
Add component (AddParameter): Name = "Current"; Value = ""; VariantName = "[No Variations]"
Add component (AddParameter): Name = "FootprintNameOK"; Value = ""; VariantName = "[No Variations]"
Add component (AddParameter): Name = "HelpURL"; Value = ""; VariantName = "[No Variations]"
Add component (AddParameter): Name = "Mfg"; Value = ""; VariantName = "[No Variations]"
Add component (AddParameter): Name = "Mfg Part Number"; Value = ""; VariantName = "[No Variations]"
Add component (AddParameter): Name = "NI"; Value = ""; VariantName = "[No Variations]"
Add component (AddParameter): Name = "Package"; Value = "0402"; VariantName = "[No Variations]"
Add component (AddParameter): Name = "Power"; Value = "1/16W"; VariantName = "[No Variations]"
Add component (AddParameter): Name = "Precision"; Value = "1%"; VariantName = "[No Variations]"
Add component (AddParameter): Name = "Temperature"; Value = ""; VariantName = "[No Variations]"
Add component (AddParameter): Name = "Value"; Value = "301"; VariantName = "[No Variations]"
Add component (AddParameter): Name = "VerifiedBy"; Value = ""; VariantName = "[No Variations]"
Add component (AddParameter): Name = "Voltage"; Value = "50V"; VariantName = "[No Variations]"
Added Component: Designator=R98(RES_0402)
Add component (AddParameter): Name = "CreatedBy"; Value = "Jonathan Bouchard"; VariantName = "[No Variations]"
Add component (AddParameter): Name = "Current"; Value = ""; VariantName = "[No Variations]"
Add component (AddParameter): Name = "FootprintNameOK"; Value = ""; VariantName = "[No Variations]"
Add component (AddParameter): Name = "HelpURL"; Value = ""; VariantName = "[No Variations]"
Add component (AddParameter): Name = "Mfg"; Value = ""; VariantName = "[No Variations]"
Add component (AddParameter): Name = "Mfg Part Number"; Value = ""; VariantName = "[No Variations]"
Add component (AddParameter): Name = "NI"; Value = ""; VariantName = "[No Variations]"
Add component (AddParameter): Name = "Package"; Value = "0402"; VariantName = "[No Variations]"
Add component (AddParameter): Name = "Power"; Value = "1/16W"; VariantName = "[No Variations]"
Add component (AddParameter): Name = "Precision"; Value = "1%"; VariantName = "[No Variations]"
Add component (AddParameter): Name = "Temperature"; Value = ""; VariantName = "[No Variations]"
Add component (AddParameter): Name = "Value"; Value = "22"; VariantName = "[No Variations]"
Add component (AddParameter): Name = "VerifiedBy"; Value = ""; VariantName = "[No Variations]"
Add component (AddParameter): Name = "Voltage"; Value = "50V"; VariantName = "[No Variations]"
Added Component: Designator=R99(RES_0402)
Add component (AddParameter): Name = "CreatedBy"; Value = "Jonathan Bouchard"; VariantName = "[No Variations]"
Add component (AddParameter): Name = "Current"; Value = ""; VariantName = "[No Variations]"
Add component (AddParameter): Name = "FootprintNameOK"; Value = ""; VariantName = "[No Variations]"
Add component (AddParameter): Name = "HelpURL"; Value = ""; VariantName = "[No Variations]"
Add component (AddParameter): Name = "Mfg"; Value = ""; VariantName = "[No Variations]"
Add component (AddParameter): Name = "Mfg Part Number"; Value = ""; VariantName = "[No Variations]"
Add component (AddParameter): Name = "NI"; Value = ""; VariantName = "[No Variations]"
Add component (AddParameter): Name = "Package"; Value = "0402"; VariantName = "[No Variations]"
Add component (AddParameter): Name = "Power"; Value = "1/16W"; VariantName = "[No Variations]"
Add component (AddParameter): Name = "Precision"; Value = "1%"; VariantName = "[No Variations]"
Add component (AddParameter): Name = "Temperature"; Value = ""; VariantName = "[No Variations]"
Add component (AddParameter): Name = "Value"; Value = "56.2"; VariantName = "[No Variations]"
Add component (AddParameter): Name = "VerifiedBy"; Value = ""; VariantName = "[No Variations]"
Add component (AddParameter): Name = "Voltage"; Value = "50V"; VariantName = "[No Variations]"
Added Component: Designator=R100(RES_0402)
Add component (AddParameter): Name = "CreatedBy"; Value = "Jonathan Bouchard"; VariantName = "[No Variations]"
Add component (AddParameter): Name = "Current"; Value = ""; VariantName = "[No Variations]"
Add component (AddParameter): Name = "FootprintNameOK"; Value = ""; VariantName = "[No Variations]"
Add component (AddParameter): Name = "HelpURL"; Value = ""; VariantName = "[No Variations]"
Add component (AddParameter): Name = "Mfg"; Value = ""; VariantName = "[No Variations]"
Add component (AddParameter): Name = "Mfg Part Number"; Value = ""; VariantName = "[No Variations]"
Add component (AddParameter): Name = "NI"; Value = ""; VariantName = "[No Variations]"
Add component (AddParameter): Name = "Package"; Value = "0402"; VariantName = "[No Variations]"
Add component (AddParameter): Name = "Power"; Value = "1/16W"; VariantName = "[No Variations]"
Add component (AddParameter): Name = "Precision"; Value = "1%"; VariantName = "[No Variations]"
Add component (AddParameter): Name = "Temperature"; Value = ""; VariantName = "[No Variations]"
Add component (AddParameter): Name = "Value"; Value = "301"; VariantName = "[No Variations]"
Add component (AddParameter): Name = "VerifiedBy"; Value = ""; VariantName = "[No Variations]"
Add component (AddParameter): Name = "Voltage"; Value = "50V"; VariantName = "[No Variations]"
Added Component: Designator=R101(RES_0402)
Add component (AddParameter): Name = "CreatedBy"; Value = "Jonathan Bouchard"; VariantName = "[No Variations]"
Add component (AddParameter): Name = "Current"; Value = ""; VariantName = "[No Variations]"
Add component (AddParameter): Name = "FootprintNameOK"; Value = ""; VariantName = "[No Variations]"
Add component (AddParameter): Name = "HelpURL"; Value = ""; VariantName = "[No Variations]"
Add component (AddParameter): Name = "Mfg"; Value = ""; VariantName = "[No Variations]"
Add component (AddParameter): Name = "Mfg Part Number"; Value = ""; VariantName = "[No Variations]"
Add component (AddParameter): Name = "NI"; Value = ""; VariantName = "[No Variations]"
Add component (AddParameter): Name = "Package"; Value = "0402"; VariantName = "[No Variations]"
Add component (AddParameter): Name = "Power"; Value = "1/16W"; VariantName = "[No Variations]"
Add component (AddParameter): Name = "Precision"; Value = "1%"; VariantName = "[No Variations]"
Add component (AddParameter): Name = "Temperature"; Value = ""; VariantName = "[No Variations]"
Add component (AddParameter): Name = "Value"; Value = "22"; VariantName = "[No Variations]"
Add component (AddParameter): Name = "VerifiedBy"; Value = ""; VariantName = "[No Variations]"
Add component (AddParameter): Name = "Voltage"; Value = "50V"; VariantName = "[No Variations]"
Added Component: Designator=R102(RES_0402)
Add component (AddParameter): Name = "CreatedBy"; Value = "Jonathan Bouchard"; VariantName = "[No Variations]"
Add component (AddParameter): Name = "Current"; Value = ""; VariantName = "[No Variations]"
Add component (AddParameter): Name = "FootprintNameOK"; Value = ""; VariantName = "[No Variations]"
Add component (AddParameter): Name = "HelpURL"; Value = ""; VariantName = "[No Variations]"
Add component (AddParameter): Name = "Mfg"; Value = ""; VariantName = "[No Variations]"
Add component (AddParameter): Name = "Mfg Part Number"; Value = ""; VariantName = "[No Variations]"
Add component (AddParameter): Name = "NI"; Value = ""; VariantName = "[No Variations]"
Add component (AddParameter): Name = "Package"; Value = "0402"; VariantName = "[No Variations]"
Add component (AddParameter): Name = "Power"; Value = "1/16W"; VariantName = "[No Variations]"
Add component (AddParameter): Name = "Precision"; Value = "1%"; VariantName = "[No Variations]"
Add component (AddParameter): Name = "Temperature"; Value = ""; VariantName = "[No Variations]"
Add component (AddParameter): Name = "Value"; Value = "301"; VariantName = "[No Variations]"
Add component (AddParameter): Name = "VerifiedBy"; Value = ""; VariantName = "[No Variations]"
Add component (AddParameter): Name = "Voltage"; Value = "50V"; VariantName = "[No Variations]"
Added Component: Designator=R103(RES_0402)
Add component (AddParameter): Name = "CreatedBy"; Value = "Jonathan Bouchard"; VariantName = "[No Variations]"
Add component (AddParameter): Name = "Current"; Value = ""; VariantName = "[No Variations]"
Add component (AddParameter): Name = "FootprintNameOK"; Value = ""; VariantName = "[No Variations]"
Add component (AddParameter): Name = "HelpURL"; Value = ""; VariantName = "[No Variations]"
Add component (AddParameter): Name = "Mfg"; Value = ""; VariantName = "[No Variations]"
Add component (AddParameter): Name = "Mfg Part Number"; Value = ""; VariantName = "[No Variations]"
Add component (AddParameter): Name = "NI"; Value = ""; VariantName = "[No Variations]"
Add component (AddParameter): Name = "Package"; Value = "0402"; VariantName = "[No Variations]"
Add component (AddParameter): Name = "Power"; Value = "1/16W"; VariantName = "[No Variations]"
Add component (AddParameter): Name = "Precision"; Value = "1%"; VariantName = "[No Variations]"
Add component (AddParameter): Name = "Temperature"; Value = ""; VariantName = "[No Variations]"
Add component (AddParameter): Name = "Value"; Value = "301"; VariantName = "[No Variations]"
Add component (AddParameter): Name = "VerifiedBy"; Value = ""; VariantName = "[No Variations]"
Add component (AddParameter): Name = "Voltage"; Value = "50V"; VariantName = "[No Variations]"
Added Component: Designator=R104(RES_0402)
Add component (AddParameter): Name = "CreatedBy"; Value = "Jonathan Bouchard"; VariantName = "[No Variations]"
Add component (AddParameter): Name = "Current"; Value = ""; VariantName = "[No Variations]"
Add component (AddParameter): Name = "FootprintNameOK"; Value = ""; VariantName = "[No Variations]"
Add component (AddParameter): Name = "HelpURL"; Value = ""; VariantName = "[No Variations]"
Add component (AddParameter): Name = "Mfg"; Value = ""; VariantName = "[No Variations]"
Add component (AddParameter): Name = "Mfg Part Number"; Value = ""; VariantName = "[No Variations]"
Add component (AddParameter): Name = "NI"; Value = ""; VariantName = "[No Variations]"
Add component (AddParameter): Name = "Package"; Value = "0402"; VariantName = "[No Variations]"
Add component (AddParameter): Name = "Power"; Value = "1/16W"; VariantName = "[No Variations]"
Add component (AddParameter): Name = "Precision"; Value = "1%"; VariantName = "[No Variations]"
Add component (AddParameter): Name = "Temperature"; Value = ""; VariantName = "[No Variations]"
Add component (AddParameter): Name = "Value"; Value = "301"; VariantName = "[No Variations]"
Add component (AddParameter): Name = "VerifiedBy"; Value = ""; VariantName = "[No Variations]"
Add component (AddParameter): Name = "Voltage"; Value = "50V"; VariantName = "[No Variations]"
Added Component: Designator=R105(RES_0402)
Add component (AddParameter): Name = "CreatedBy"; Value = "Jonathan Bouchard"; VariantName = "[No Variations]"
Add component (AddParameter): Name = "Current"; Value = ""; VariantName = "[No Variations]"
Add component (AddParameter): Name = "FootprintNameOK"; Value = ""; VariantName = "[No Variations]"
Add component (AddParameter): Name = "HelpURL"; Value = ""; VariantName = "[No Variations]"
Add component (AddParameter): Name = "Mfg"; Value = ""; VariantName = "[No Variations]"
Add component (AddParameter): Name = "Mfg Part Number"; Value = ""; VariantName = "[No Variations]"
Add component (AddParameter): Name = "NI"; Value = ""; VariantName = "[No Variations]"
Add component (AddParameter): Name = "Package"; Value = "0402"; VariantName = "[No Variations]"
Add component (AddParameter): Name = "Power"; Value = "1/16W"; VariantName = "[No Variations]"
Add component (AddParameter): Name = "Precision"; Value = "1%"; VariantName = "[No Variations]"
Add component (AddParameter): Name = "Temperature"; Value = ""; VariantName = "[No Variations]"
Add component (AddParameter): Name = "Value"; Value = "22"; VariantName = "[No Variations]"
Add component (AddParameter): Name = "VerifiedBy"; Value = ""; VariantName = "[No Variations]"
Add component (AddParameter): Name = "Voltage"; Value = "50V"; VariantName = "[No Variations]"
Added Component: Designator=R106(RES_0402)
Add component (AddParameter): Name = "CreatedBy"; Value = "Jonathan Bouchard"; VariantName = "[No Variations]"
Add component (AddParameter): Name = "Current"; Value = ""; VariantName = "[No Variations]"
Add component (AddParameter): Name = "FootprintNameOK"; Value = ""; VariantName = "[No Variations]"
Add component (AddParameter): Name = "HelpURL"; Value = ""; VariantName = "[No Variations]"
Add component (AddParameter): Name = "Mfg"; Value = ""; VariantName = "[No Variations]"
Add component (AddParameter): Name = "Mfg Part Number"; Value = ""; VariantName = "[No Variations]"
Add component (AddParameter): Name = "NI"; Value = ""; VariantName = "[No Variations]"
Add component (AddParameter): Name = "Package"; Value = "0402"; VariantName = "[No Variations]"
Add component (AddParameter): Name = "Power"; Value = "1/16W"; VariantName = "[No Variations]"
Add component (AddParameter): Name = "Precision"; Value = "1%"; VariantName = "[No Variations]"
Add component (AddParameter): Name = "Temperature"; Value = ""; VariantName = "[No Variations]"
Add component (AddParameter): Name = "Value"; Value = "56.2"; VariantName = "[No Variations]"
Add component (AddParameter): Name = "VerifiedBy"; Value = ""; VariantName = "[No Variations]"
Add component (AddParameter): Name = "Voltage"; Value = "50V"; VariantName = "[No Variations]"
Added Component: Designator=R107(RES_0402)
Add component (AddParameter): Name = "CreatedBy"; Value = "Jonathan Bouchard"; VariantName = "[No Variations]"
Add component (AddParameter): Name = "Current"; Value = ""; VariantName = "[No Variations]"
Add component (AddParameter): Name = "FootprintNameOK"; Value = ""; VariantName = "[No Variations]"
Add component (AddParameter): Name = "HelpURL"; Value = ""; VariantName = "[No Variations]"
Add component (AddParameter): Name = "Mfg"; Value = ""; VariantName = "[No Variations]"
Add component (AddParameter): Name = "Mfg Part Number"; Value = ""; VariantName = "[No Variations]"
Add component (AddParameter): Name = "NI"; Value = ""; VariantName = "[No Variations]"
Add component (AddParameter): Name = "Package"; Value = "0402"; VariantName = "[No Variations]"
Add component (AddParameter): Name = "Power"; Value = "1/16W"; VariantName = "[No Variations]"
Add component (AddParameter): Name = "Precision"; Value = "1%"; VariantName = "[No Variations]"
Add component (AddParameter): Name = "Temperature"; Value = ""; VariantName = "[No Variations]"
Add component (AddParameter): Name = "Value"; Value = "301"; VariantName = "[No Variations]"
Add component (AddParameter): Name = "VerifiedBy"; Value = ""; VariantName = "[No Variations]"
Add component (AddParameter): Name = "Voltage"; Value = "50V"; VariantName = "[No Variations]"
Added Component: Designator=R108(RES_0402)
Add component (AddParameter): Name = "CreatedBy"; Value = "Jonathan Bouchard"; VariantName = "[No Variations]"
Add component (AddParameter): Name = "Current"; Value = ""; VariantName = "[No Variations]"
Add component (AddParameter): Name = "FootprintNameOK"; Value = ""; VariantName = "[No Variations]"
Add component (AddParameter): Name = "HelpURL"; Value = ""; VariantName = "[No Variations]"
Add component (AddParameter): Name = "Mfg"; Value = ""; VariantName = "[No Variations]"
Add component (AddParameter): Name = "Mfg Part Number"; Value = ""; VariantName = "[No Variations]"
Add component (AddParameter): Name = "NI"; Value = ""; VariantName = "[No Variations]"
Add component (AddParameter): Name = "Package"; Value = "0402"; VariantName = "[No Variations]"
Add component (AddParameter): Name = "Power"; Value = "1/16W"; VariantName = "[No Variations]"
Add component (AddParameter): Name = "Precision"; Value = "1%"; VariantName = "[No Variations]"
Add component (AddParameter): Name = "Temperature"; Value = ""; VariantName = "[No Variations]"
Add component (AddParameter): Name = "Value"; Value = "22"; VariantName = "[No Variations]"
Add component (AddParameter): Name = "VerifiedBy"; Value = ""; VariantName = "[No Variations]"
Add component (AddParameter): Name = "Voltage"; Value = "50V"; VariantName = "[No Variations]"
Added Component: Designator=R109(RES_0402)
Add component (AddParameter): Name = "CreatedBy"; Value = "Jonathan Bouchard"; VariantName = "[No Variations]"
Add component (AddParameter): Name = "Current"; Value = ""; VariantName = "[No Variations]"
Add component (AddParameter): Name = "FootprintNameOK"; Value = ""; VariantName = "[No Variations]"
Add component (AddParameter): Name = "HelpURL"; Value = ""; VariantName = "[No Variations]"
Add component (AddParameter): Name = "Mfg"; Value = ""; VariantName = "[No Variations]"
Add component (AddParameter): Name = "Mfg Part Number"; Value = ""; VariantName = "[No Variations]"
Add component (AddParameter): Name = "NI"; Value = ""; VariantName = "[No Variations]"
Add component (AddParameter): Name = "Package"; Value = "0402"; VariantName = "[No Variations]"
Add component (AddParameter): Name = "Power"; Value = "1/16W"; VariantName = "[No Variations]"
Add component (AddParameter): Name = "Precision"; Value = "1%"; VariantName = "[No Variations]"
Add component (AddParameter): Name = "Temperature"; Value = ""; VariantName = "[No Variations]"
Add component (AddParameter): Name = "Value"; Value = "301"; VariantName = "[No Variations]"
Add component (AddParameter): Name = "VerifiedBy"; Value = ""; VariantName = "[No Variations]"
Add component (AddParameter): Name = "Voltage"; Value = "50V"; VariantName = "[No Variations]"
Added Component: Designator=R110(RES_0603)
Add component (AddParameter): Name = "CreatedBy"; Value = "Jonathan Bouchard"; VariantName = "[No Variations]"
Add component (AddParameter): Name = "Current"; Value = ""; VariantName = "[No Variations]"
Add component (AddParameter): Name = "FootprintNameOK"; Value = ""; VariantName = "[No Variations]"
Add component (AddParameter): Name = "HelpURL"; Value = ""; VariantName = "[No Variations]"
Add component (AddParameter): Name = "Mfg"; Value = ""; VariantName = "[No Variations]"
Add component (AddParameter): Name = "Mfg Part Number"; Value = ""; VariantName = "[No Variations]"
Add component (AddParameter): Name = "NI"; Value = ""; VariantName = "[No Variations]"
Add component (AddParameter): Name = "Package"; Value = "0603"; VariantName = "[No Variations]"
Add component (AddParameter): Name = "Power"; Value = ""; VariantName = "[No Variations]"
Add component (AddParameter): Name = "Precision"; Value = "1%"; VariantName = "[No Variations]"
Add component (AddParameter): Name = "Temperature"; Value = ""; VariantName = "[No Variations]"
Add component (AddParameter): Name = "Value"; Value = "10K"; VariantName = "[No Variations]"
Add component (AddParameter): Name = "VerifiedBy"; Value = ""; VariantName = "[No Variations]"
Add component (AddParameter): Name = "Voltage"; Value = ""; VariantName = "[No Variations]"
Added Component: Designator=R111(RES_0603)
Add component (AddParameter): Name = "CreatedBy"; Value = "Jonathan Bouchard"; VariantName = "[No Variations]"
Add component (AddParameter): Name = "Current"; Value = ""; VariantName = "[No Variations]"
Add component (AddParameter): Name = "FootprintNameOK"; Value = ""; VariantName = "[No Variations]"
Add component (AddParameter): Name = "HelpURL"; Value = ""; VariantName = "[No Variations]"
Add component (AddParameter): Name = "Mfg"; Value = ""; VariantName = "[No Variations]"
Add component (AddParameter): Name = "Mfg Part Number"; Value = ""; VariantName = "[No Variations]"
Add component (AddParameter): Name = "NI"; Value = ""; VariantName = "[No Variations]"
Add component (AddParameter): Name = "Package"; Value = "0603"; VariantName = "[No Variations]"
Add component (AddParameter): Name = "Power"; Value = ""; VariantName = "[No Variations]"
Add component (AddParameter): Name = "Precision"; Value = "1%"; VariantName = "[No Variations]"
Add component (AddParameter): Name = "Temperature"; Value = ""; VariantName = "[No Variations]"
Add component (AddParameter): Name = "Value"; Value = "10K"; VariantName = "[No Variations]"
Add component (AddParameter): Name = "VerifiedBy"; Value = ""; VariantName = "[No Variations]"
Add component (AddParameter): Name = "Voltage"; Value = ""; VariantName = "[No Variations]"
Added Component: Designator=R112(RES_0402)
Add component (AddParameter): Name = "CreatedBy"; Value = "Jonathan Bouchard"; VariantName = "[No Variations]"
Add component (AddParameter): Name = "Current"; Value = ""; VariantName = "[No Variations]"
Add component (AddParameter): Name = "FootprintNameOK"; Value = ""; VariantName = "[No Variations]"
Add component (AddParameter): Name = "HelpURL"; Value = ""; VariantName = "[No Variations]"
Add component (AddParameter): Name = "Mfg"; Value = ""; VariantName = "[No Variations]"
Add component (AddParameter): Name = "Mfg Part Number"; Value = ""; VariantName = "[No Variations]"
Add component (AddParameter): Name = "NI"; Value = ""; VariantName = "[No Variations]"
Add component (AddParameter): Name = "Package"; Value = "0402"; VariantName = "[No Variations]"
Add component (AddParameter): Name = "Power"; Value = "1/16W"; VariantName = "[No Variations]"
Add component (AddParameter): Name = "Precision"; Value = "1%"; VariantName = "[No Variations]"
Add component (AddParameter): Name = "Temperature"; Value = ""; VariantName = "[No Variations]"
Add component (AddParameter): Name = "Value"; Value = "1.74K"; VariantName = "[No Variations]"
Add component (AddParameter): Name = "VerifiedBy"; Value = ""; VariantName = "[No Variations]"
Add component (AddParameter): Name = "Voltage"; Value = "50V"; VariantName = "[No Variations]"
Added Component: Designator=R113(RES_0603)
Add component (AddParameter): Name = "CreatedBy"; Value = "Jonathan Bouchard"; VariantName = "[No Variations]"
Add component (AddParameter): Name = "Current"; Value = ""; VariantName = "[No Variations]"
Add component (AddParameter): Name = "FootprintNameOK"; Value = ""; VariantName = "[No Variations]"
Add component (AddParameter): Name = "HelpURL"; Value = ""; VariantName = "[No Variations]"
Add component (AddParameter): Name = "Mfg"; Value = ""; VariantName = "[No Variations]"
Add component (AddParameter): Name = "Mfg Part Number"; Value = ""; VariantName = "[No Variations]"
Add component (AddParameter): Name = "NI"; Value = ""; VariantName = "[No Variations]"
Add component (AddParameter): Name = "Package"; Value = "0603"; VariantName = "[No Variations]"
Add component (AddParameter): Name = "Power"; Value = ""; VariantName = "[No Variations]"
Add component (AddParameter): Name = "Precision"; Value = "1%"; VariantName = "[No Variations]"
Add component (AddParameter): Name = "Temperature"; Value = ""; VariantName = "[No Variations]"
Add component (AddParameter): Name = "Value"; Value = "10K"; VariantName = "[No Variations]"
Add component (AddParameter): Name = "VerifiedBy"; Value = ""; VariantName = "[No Variations]"
Add component (AddParameter): Name = "Voltage"; Value = ""; VariantName = "[No Variations]"
Added Component: Designator=R114(RES_0402)
Add component (AddParameter): Name = "CreatedBy"; Value = "Jonathan Bouchard"; VariantName = "[No Variations]"
Add component (AddParameter): Name = "Current"; Value = ""; VariantName = "[No Variations]"
Add component (AddParameter): Name = "FootprintNameOK"; Value = ""; VariantName = "[No Variations]"
Add component (AddParameter): Name = "HelpURL"; Value = ""; VariantName = "[No Variations]"
Add component (AddParameter): Name = "Mfg"; Value = ""; VariantName = "[No Variations]"
Add component (AddParameter): Name = "Mfg Part Number"; Value = ""; VariantName = "[No Variations]"
Add component (AddParameter): Name = "NI"; Value = ""; VariantName = "[No Variations]"
Add component (AddParameter): Name = "Package"; Value = "0402"; VariantName = "[No Variations]"
Add component (AddParameter): Name = "Power"; Value = "1/16W"; VariantName = "[No Variations]"
Add component (AddParameter): Name = "Precision"; Value = "1%"; VariantName = "[No Variations]"
Add component (AddParameter): Name = "Temperature"; Value = ""; VariantName = "[No Variations]"
Add component (AddParameter): Name = "Value"; Value = "500"; VariantName = "[No Variations]"
Add component (AddParameter): Name = "VerifiedBy"; Value = ""; VariantName = "[No Variations]"
Add component (AddParameter): Name = "Voltage"; Value = "50V"; VariantName = "[No Variations]"
Added Component: Designator=R115(RES_0402)
Add component (AddParameter): Name = "CreatedBy"; Value = "Jonathan Bouchard"; VariantName = "[No Variations]"
Add component (AddParameter): Name = "Current"; Value = ""; VariantName = "[No Variations]"
Add component (AddParameter): Name = "FootprintNameOK"; Value = ""; VariantName = "[No Variations]"
Add component (AddParameter): Name = "HelpURL"; Value = ""; VariantName = "[No Variations]"
Add component (AddParameter): Name = "Mfg"; Value = ""; VariantName = "[No Variations]"
Add component (AddParameter): Name = "Mfg Part Number"; Value = ""; VariantName = "[No Variations]"
Add component (AddParameter): Name = "NI"; Value = ""; VariantName = "[No Variations]"
Add component (AddParameter): Name = "Package"; Value = "0402"; VariantName = "[No Variations]"
Add component (AddParameter): Name = "Power"; Value = "1/16W"; VariantName = "[No Variations]"
Add component (AddParameter): Name = "Precision"; Value = "1%"; VariantName = "[No Variations]"
Add component (AddParameter): Name = "Temperature"; Value = ""; VariantName = "[No Variations]"
Add component (AddParameter): Name = "Value"; Value = "25"; VariantName = "[No Variations]"
Add component (AddParameter): Name = "VerifiedBy"; Value = ""; VariantName = "[No Variations]"
Add component (AddParameter): Name = "Voltage"; Value = "50V"; VariantName = "[No Variations]"
Added Component: Designator=R116(RES_0603)
Add component (AddParameter): Name = "CreatedBy"; Value = "Jonathan Bouchard"; VariantName = "[No Variations]"
Add component (AddParameter): Name = "Current"; Value = ""; VariantName = "[No Variations]"
Add component (AddParameter): Name = "FootprintNameOK"; Value = ""; VariantName = "[No Variations]"
Add component (AddParameter): Name = "HelpURL"; Value = ""; VariantName = "[No Variations]"
Add component (AddParameter): Name = "Mfg"; Value = ""; VariantName = "[No Variations]"
Add component (AddParameter): Name = "Mfg Part Number"; Value = ""; VariantName = "[No Variations]"
Add component (AddParameter): Name = "NI"; Value = ""; VariantName = "[No Variations]"
Add component (AddParameter): Name = "Package"; Value = "0603"; VariantName = "[No Variations]"
Add component (AddParameter): Name = "Power"; Value = ""; VariantName = "[No Variations]"
Add component (AddParameter): Name = "Precision"; Value = "1%"; VariantName = "[No Variations]"
Add component (AddParameter): Name = "Temperature"; Value = ""; VariantName = "[No Variations]"
Add component (AddParameter): Name = "Value"; Value = "100"; VariantName = "[No Variations]"
Add component (AddParameter): Name = "VerifiedBy"; Value = ""; VariantName = "[No Variations]"
Add component (AddParameter): Name = "Voltage"; Value = ""; VariantName = "[No Variations]"
Added Component: Designator=R117(RES_0402)
Add component (AddParameter): Name = "CreatedBy"; Value = "Jonathan Bouchard"; VariantName = "[No Variations]"
Add component (AddParameter): Name = "Current"; Value = ""; VariantName = "[No Variations]"
Add component (AddParameter): Name = "FootprintNameOK"; Value = ""; VariantName = "[No Variations]"
Add component (AddParameter): Name = "HelpURL"; Value = ""; VariantName = "[No Variations]"
Add component (AddParameter): Name = "Mfg"; Value = ""; VariantName = "[No Variations]"
Add component (AddParameter): Name = "Mfg Part Number"; Value = ""; VariantName = "[No Variations]"
Add component (AddParameter): Name = "NI"; Value = ""; VariantName = "[No Variations]"
Add component (AddParameter): Name = "Package"; Value = "0402"; VariantName = "[No Variations]"
Add component (AddParameter): Name = "Power"; Value = "1/16W"; VariantName = "[No Variations]"
Add component (AddParameter): Name = "Precision"; Value = "1%"; VariantName = "[No Variations]"
Add component (AddParameter): Name = "Temperature"; Value = ""; VariantName = "[No Variations]"
Add component (AddParameter): Name = "Value"; Value = "500"; VariantName = "[No Variations]"
Add component (AddParameter): Name = "VerifiedBy"; Value = ""; VariantName = "[No Variations]"
Add component (AddParameter): Name = "Voltage"; Value = "50V"; VariantName = "[No Variations]"
Added Component: Designator=R118(RES_0402)
Add component (AddParameter): Name = "CreatedBy"; Value = "Jonathan Bouchard"; VariantName = "[No Variations]"
Add component (AddParameter): Name = "Current"; Value = ""; VariantName = "[No Variations]"
Add component (AddParameter): Name = "FootprintNameOK"; Value = ""; VariantName = "[No Variations]"
Add component (AddParameter): Name = "HelpURL"; Value = ""; VariantName = "[No Variations]"
Add component (AddParameter): Name = "Mfg"; Value = ""; VariantName = "[No Variations]"
Add component (AddParameter): Name = "Mfg Part Number"; Value = ""; VariantName = "[No Variations]"
Add component (AddParameter): Name = "NI"; Value = ""; VariantName = "[No Variations]"
Add component (AddParameter): Name = "Package"; Value = "0402"; VariantName = "[No Variations]"
Add component (AddParameter): Name = "Power"; Value = "1/16W"; VariantName = "[No Variations]"
Add component (AddParameter): Name = "Precision"; Value = "1%"; VariantName = "[No Variations]"
Add component (AddParameter): Name = "Temperature"; Value = ""; VariantName = "[No Variations]"
Add component (AddParameter): Name = "Value"; Value = "1.74K"; VariantName = "[No Variations]"
Add component (AddParameter): Name = "VerifiedBy"; Value = ""; VariantName = "[No Variations]"
Add component (AddParameter): Name = "Voltage"; Value = "50V"; VariantName = "[No Variations]"
Added Component: Designator=R119(RES_0603)
Add component (AddParameter): Name = "CreatedBy"; Value = "Jonathan Bouchard"; VariantName = "[No Variations]"
Add component (AddParameter): Name = "Current"; Value = ""; VariantName = "[No Variations]"
Add component (AddParameter): Name = "FootprintNameOK"; Value = ""; VariantName = "[No Variations]"
Add component (AddParameter): Name = "HelpURL"; Value = ""; VariantName = "[No Variations]"
Add component (AddParameter): Name = "Mfg"; Value = ""; VariantName = "[No Variations]"
Add component (AddParameter): Name = "Mfg Part Number"; Value = ""; VariantName = "[No Variations]"
Add component (AddParameter): Name = "NI"; Value = ""; VariantName = "[No Variations]"
Add component (AddParameter): Name = "Package"; Value = "0603"; VariantName = "[No Variations]"
Add component (AddParameter): Name = "Power"; Value = ""; VariantName = "[No Variations]"
Add component (AddParameter): Name = "Precision"; Value = "1%"; VariantName = "[No Variations]"
Add component (AddParameter): Name = "Temperature"; Value = ""; VariantName = "[No Variations]"
Add component (AddParameter): Name = "Value"; Value = "25"; VariantName = "[No Variations]"
Add component (AddParameter): Name = "VerifiedBy"; Value = ""; VariantName = "[No Variations]"
Add component (AddParameter): Name = "Voltage"; Value = ""; VariantName = "[No Variations]"
Added Component: Designator=R120(RES_0603)
Add component (AddParameter): Name = "CreatedBy"; Value = "Jonathan Bouchard"; VariantName = "[No Variations]"
Add component (AddParameter): Name = "Current"; Value = ""; VariantName = "[No Variations]"
Add component (AddParameter): Name = "FootprintNameOK"; Value = ""; VariantName = "[No Variations]"
Add component (AddParameter): Name = "HelpURL"; Value = ""; VariantName = "[No Variations]"
Add component (AddParameter): Name = "Mfg"; Value = ""; VariantName = "[No Variations]"
Add component (AddParameter): Name = "Mfg Part Number"; Value = ""; VariantName = "[No Variations]"
Add component (AddParameter): Name = "NI"; Value = ""; VariantName = "[No Variations]"
Add component (AddParameter): Name = "Package"; Value = "0603"; VariantName = "[No Variations]"
Add component (AddParameter): Name = "Power"; Value = ""; VariantName = "[No Variations]"
Add component (AddParameter): Name = "Precision"; Value = "1%"; VariantName = "[No Variations]"
Add component (AddParameter): Name = "Temperature"; Value = ""; VariantName = "[No Variations]"
Add component (AddParameter): Name = "Value"; Value = "25"; VariantName = "[No Variations]"
Add component (AddParameter): Name = "VerifiedBy"; Value = ""; VariantName = "[No Variations]"
Add component (AddParameter): Name = "Voltage"; Value = ""; VariantName = "[No Variations]"
Added Component: Designator=R121(RES_0402)
Add component (AddParameter): Name = "CreatedBy"; Value = "Jonathan Bouchard"; VariantName = "[No Variations]"
Add component (AddParameter): Name = "Current"; Value = ""; VariantName = "[No Variations]"
Add component (AddParameter): Name = "FootprintNameOK"; Value = ""; VariantName = "[No Variations]"
Add component (AddParameter): Name = "HelpURL"; Value = ""; VariantName = "[No Variations]"
Add component (AddParameter): Name = "Mfg"; Value = ""; VariantName = "[No Variations]"
Add component (AddParameter): Name = "Mfg Part Number"; Value = ""; VariantName = "[No Variations]"
Add component (AddParameter): Name = "NI"; Value = ""; VariantName = "[No Variations]"
Add component (AddParameter): Name = "Package"; Value = "0402"; VariantName = "[No Variations]"
Add component (AddParameter): Name = "Power"; Value = "1/16W"; VariantName = "[No Variations]"
Add component (AddParameter): Name = "Precision"; Value = "1%"; VariantName = "[No Variations]"
Add component (AddParameter): Name = "Temperature"; Value = ""; VariantName = "[No Variations]"
Add component (AddParameter): Name = "Value"; Value = "1.74K"; VariantName = "[No Variations]"
Add component (AddParameter): Name = "VerifiedBy"; Value = ""; VariantName = "[No Variations]"
Add component (AddParameter): Name = "Voltage"; Value = "50V"; VariantName = "[No Variations]"
Added Component: Designator=R122(RES_0402)
Add component (AddParameter): Name = "CreatedBy"; Value = "Jonathan Bouchard"; VariantName = "[No Variations]"
Add component (AddParameter): Name = "Current"; Value = ""; VariantName = "[No Variations]"
Add component (AddParameter): Name = "FootprintNameOK"; Value = ""; VariantName = "[No Variations]"
Add component (AddParameter): Name = "HelpURL"; Value = ""; VariantName = "[No Variations]"
Add component (AddParameter): Name = "Mfg"; Value = ""; VariantName = "[No Variations]"
Add component (AddParameter): Name = "Mfg Part Number"; Value = ""; VariantName = "[No Variations]"
Add component (AddParameter): Name = "NI"; Value = ""; VariantName = "[No Variations]"
Add component (AddParameter): Name = "Package"; Value = "0402"; VariantName = "[No Variations]"
Add component (AddParameter): Name = "Power"; Value = "1/16W"; VariantName = "[No Variations]"
Add component (AddParameter): Name = "Precision"; Value = "1%"; VariantName = "[No Variations]"
Add component (AddParameter): Name = "Temperature"; Value = ""; VariantName = "[No Variations]"
Add component (AddParameter): Name = "Value"; Value = "500"; VariantName = "[No Variations]"
Add component (AddParameter): Name = "VerifiedBy"; Value = ""; VariantName = "[No Variations]"
Add component (AddParameter): Name = "Voltage"; Value = "50V"; VariantName = "[No Variations]"
Added Component: Designator=R123(RES_0402)
Add component (AddParameter): Name = "CreatedBy"; Value = "Jonathan Bouchard"; VariantName = "[No Variations]"
Add component (AddParameter): Name = "Current"; Value = ""; VariantName = "[No Variations]"
Add component (AddParameter): Name = "FootprintNameOK"; Value = ""; VariantName = "[No Variations]"
Add component (AddParameter): Name = "HelpURL"; Value = ""; VariantName = "[No Variations]"
Add component (AddParameter): Name = "Mfg"; Value = ""; VariantName = "[No Variations]"
Add component (AddParameter): Name = "Mfg Part Number"; Value = ""; VariantName = "[No Variations]"
Add component (AddParameter): Name = "NI"; Value = ""; VariantName = "[No Variations]"
Add component (AddParameter): Name = "Package"; Value = "0402"; VariantName = "[No Variations]"
Add component (AddParameter): Name = "Power"; Value = "1/16W"; VariantName = "[No Variations]"
Add component (AddParameter): Name = "Precision"; Value = "1%"; VariantName = "[No Variations]"
Add component (AddParameter): Name = "Temperature"; Value = ""; VariantName = "[No Variations]"
Add component (AddParameter): Name = "Value"; Value = "25"; VariantName = "[No Variations]"
Add component (AddParameter): Name = "VerifiedBy"; Value = ""; VariantName = "[No Variations]"
Add component (AddParameter): Name = "Voltage"; Value = "50V"; VariantName = "[No Variations]"
Added Component: Designator=R124(RES_0402)
Add component (AddParameter): Name = "CreatedBy"; Value = "Jonathan Bouchard"; VariantName = "[No Variations]"
Add component (AddParameter): Name = "Current"; Value = ""; VariantName = "[No Variations]"
Add component (AddParameter): Name = "FootprintNameOK"; Value = ""; VariantName = "[No Variations]"
Add component (AddParameter): Name = "HelpURL"; Value = ""; VariantName = "[No Variations]"
Add component (AddParameter): Name = "Mfg"; Value = ""; VariantName = "[No Variations]"
Add component (AddParameter): Name = "Mfg Part Number"; Value = ""; VariantName = "[No Variations]"
Add component (AddParameter): Name = "NI"; Value = ""; VariantName = "[No Variations]"
Add component (AddParameter): Name = "Package"; Value = "0402"; VariantName = "[No Variations]"
Add component (AddParameter): Name = "Power"; Value = "1/16W"; VariantName = "[No Variations]"
Add component (AddParameter): Name = "Precision"; Value = "1%"; VariantName = "[No Variations]"
Add component (AddParameter): Name = "Temperature"; Value = ""; VariantName = "[No Variations]"
Add component (AddParameter): Name = "Value"; Value = "500"; VariantName = "[No Variations]"
Add component (AddParameter): Name = "VerifiedBy"; Value = ""; VariantName = "[No Variations]"
Add component (AddParameter): Name = "Voltage"; Value = "50V"; VariantName = "[No Variations]"
Added Component: Designator=R125(RES_0402)
Add component (AddParameter): Name = "CreatedBy"; Value = "Jonathan Bouchard"; VariantName = "[No Variations]"
Add component (AddParameter): Name = "Current"; Value = ""; VariantName = "[No Variations]"
Add component (AddParameter): Name = "FootprintNameOK"; Value = ""; VariantName = "[No Variations]"
Add component (AddParameter): Name = "HelpURL"; Value = ""; VariantName = "[No Variations]"
Add component (AddParameter): Name = "Mfg"; Value = ""; VariantName = "[No Variations]"
Add component (AddParameter): Name = "Mfg Part Number"; Value = ""; VariantName = "[No Variations]"
Add component (AddParameter): Name = "NI"; Value = ""; VariantName = "[No Variations]"
Add component (AddParameter): Name = "Package"; Value = "0402"; VariantName = "[No Variations]"
Add component (AddParameter): Name = "Power"; Value = "1/16W"; VariantName = "[No Variations]"
Add component (AddParameter): Name = "Precision"; Value = "1%"; VariantName = "[No Variations]"
Add component (AddParameter): Name = "Temperature"; Value = ""; VariantName = "[No Variations]"
Add component (AddParameter): Name = "Value"; Value = "1.74K"; VariantName = "[No Variations]"
Add component (AddParameter): Name = "VerifiedBy"; Value = ""; VariantName = "[No Variations]"
Add component (AddParameter): Name = "Voltage"; Value = "50V"; VariantName = "[No Variations]"
Added Component: Designator=R126(RES_0603)
Add component (AddParameter): Name = "CreatedBy"; Value = "Jonathan Bouchard"; VariantName = "[No Variations]"
Add component (AddParameter): Name = "Current"; Value = ""; VariantName = "[No Variations]"
Add component (AddParameter): Name = "FootprintNameOK"; Value = ""; VariantName = "[No Variations]"
Add component (AddParameter): Name = "HelpURL"; Value = ""; VariantName = "[No Variations]"
Add component (AddParameter): Name = "Mfg"; Value = ""; VariantName = "[No Variations]"
Add component (AddParameter): Name = "Mfg Part Number"; Value = ""; VariantName = "[No Variations]"
Add component (AddParameter): Name = "NI"; Value = ""; VariantName = "[No Variations]"
Add component (AddParameter): Name = "Package"; Value = "0603"; VariantName = "[No Variations]"
Add component (AddParameter): Name = "Power"; Value = ""; VariantName = "[No Variations]"
Add component (AddParameter): Name = "Precision"; Value = "1%"; VariantName = "[No Variations]"
Add component (AddParameter): Name = "Temperature"; Value = ""; VariantName = "[No Variations]"
Add component (AddParameter): Name = "Value"; Value = "25"; VariantName = "[No Variations]"
Add component (AddParameter): Name = "VerifiedBy"; Value = ""; VariantName = "[No Variations]"
Add component (AddParameter): Name = "Voltage"; Value = ""; VariantName = "[No Variations]"
Added Component: Designator=R127(RES_0603)
Add component (AddParameter): Name = "CreatedBy"; Value = "Jonathan Bouchard"; VariantName = "[No Variations]"
Add component (AddParameter): Name = "Current"; Value = ""; VariantName = "[No Variations]"
Add component (AddParameter): Name = "FootprintNameOK"; Value = ""; VariantName = "[No Variations]"
Add component (AddParameter): Name = "HelpURL"; Value = ""; VariantName = "[No Variations]"
Add component (AddParameter): Name = "Mfg"; Value = ""; VariantName = "[No Variations]"
Add component (AddParameter): Name = "Mfg Part Number"; Value = ""; VariantName = "[No Variations]"
Add component (AddParameter): Name = "NI"; Value = ""; VariantName = "[No Variations]"
Add component (AddParameter): Name = "Package"; Value = "0603"; VariantName = "[No Variations]"
Add component (AddParameter): Name = "Power"; Value = ""; VariantName = "[No Variations]"
Add component (AddParameter): Name = "Precision"; Value = "1%"; VariantName = "[No Variations]"
Add component (AddParameter): Name = "Temperature"; Value = ""; VariantName = "[No Variations]"
Add component (AddParameter): Name = "Value"; Value = "25"; VariantName = "[No Variations]"
Add component (AddParameter): Name = "VerifiedBy"; Value = ""; VariantName = "[No Variations]"
Add component (AddParameter): Name = "Voltage"; Value = ""; VariantName = "[No Variations]"
Added Component: Designator=R128(RES_0402)
Add component (AddParameter): Name = "CreatedBy"; Value = "Jonathan Bouchard"; VariantName = "[No Variations]"
Add component (AddParameter): Name = "Current"; Value = ""; VariantName = "[No Variations]"
Add component (AddParameter): Name = "FootprintNameOK"; Value = ""; VariantName = "[No Variations]"
Add component (AddParameter): Name = "HelpURL"; Value = ""; VariantName = "[No Variations]"
Add component (AddParameter): Name = "Mfg"; Value = ""; VariantName = "[No Variations]"
Add component (AddParameter): Name = "Mfg Part Number"; Value = ""; VariantName = "[No Variations]"
Add component (AddParameter): Name = "NI"; Value = ""; VariantName = "[No Variations]"
Add component (AddParameter): Name = "Package"; Value = "0402"; VariantName = "[No Variations]"
Add component (AddParameter): Name = "Power"; Value = "1/16W"; VariantName = "[No Variations]"
Add component (AddParameter): Name = "Precision"; Value = "1%"; VariantName = "[No Variations]"
Add component (AddParameter): Name = "Temperature"; Value = ""; VariantName = "[No Variations]"
Add component (AddParameter): Name = "Value"; Value = "249"; VariantName = "[No Variations]"
Add component (AddParameter): Name = "VerifiedBy"; Value = ""; VariantName = "[No Variations]"
Add component (AddParameter): Name = "Voltage"; Value = "50V"; VariantName = "[No Variations]"
Added Component: Designator=R129(RES_0402)
Add component (AddParameter): Name = "CreatedBy"; Value = "Jonathan Bouchard"; VariantName = "[No Variations]"
Add component (AddParameter): Name = "Current"; Value = ""; VariantName = "[No Variations]"
Add component (AddParameter): Name = "FootprintNameOK"; Value = ""; VariantName = "[No Variations]"
Add component (AddParameter): Name = "HelpURL"; Value = ""; VariantName = "[No Variations]"
Add component (AddParameter): Name = "Mfg"; Value = ""; VariantName = "[No Variations]"
Add component (AddParameter): Name = "Mfg Part Number"; Value = ""; VariantName = "[No Variations]"
Add component (AddParameter): Name = "NI"; Value = ""; VariantName = "[No Variations]"
Add component (AddParameter): Name = "Package"; Value = "0402"; VariantName = "[No Variations]"
Add component (AddParameter): Name = "Power"; Value = "1/16W"; VariantName = "[No Variations]"
Add component (AddParameter): Name = "Precision"; Value = "1%"; VariantName = "[No Variations]"
Add component (AddParameter): Name = "Temperature"; Value = ""; VariantName = "[No Variations]"
Add component (AddParameter): Name = "Value"; Value = "10K"; VariantName = "[No Variations]"
Add component (AddParameter): Name = "VerifiedBy"; Value = ""; VariantName = "[No Variations]"
Add component (AddParameter): Name = "Voltage"; Value = "50V"; VariantName = "[No Variations]"
Added Component: Designator=R130(RES_0402)
Add component (AddParameter): Name = "CreatedBy"; Value = "Jonathan Bouchard"; VariantName = "[No Variations]"
Add component (AddParameter): Name = "Current"; Value = ""; VariantName = "[No Variations]"
Add component (AddParameter): Name = "FootprintNameOK"; Value = ""; VariantName = "[No Variations]"
Add component (AddParameter): Name = "HelpURL"; Value = ""; VariantName = "[No Variations]"
Add component (AddParameter): Name = "Mfg"; Value = ""; VariantName = "[No Variations]"
Add component (AddParameter): Name = "Mfg Part Number"; Value = ""; VariantName = "[No Variations]"
Add component (AddParameter): Name = "NI"; Value = ""; VariantName = "[No Variations]"
Add component (AddParameter): Name = "Package"; Value = "0402"; VariantName = "[No Variations]"
Add component (AddParameter): Name = "Power"; Value = "1/16W"; VariantName = "[No Variations]"
Add component (AddParameter): Name = "Precision"; Value = "1%"; VariantName = "[No Variations]"
Add component (AddParameter): Name = "Temperature"; Value = ""; VariantName = "[No Variations]"
Add component (AddParameter): Name = "Value"; Value = "24"; VariantName = "[No Variations]"
Add component (AddParameter): Name = "VerifiedBy"; Value = ""; VariantName = "[No Variations]"
Add component (AddParameter): Name = "Voltage"; Value = "50V"; VariantName = "[No Variations]"
Added Component: Designator=R131(RES_0402)
Add component (AddParameter): Name = "CreatedBy"; Value = "Jonathan Bouchard"; VariantName = "[No Variations]"
Add component (AddParameter): Name = "Current"; Value = ""; VariantName = "[No Variations]"
Add component (AddParameter): Name = "FootprintNameOK"; Value = ""; VariantName = "[No Variations]"
Add component (AddParameter): Name = "HelpURL"; Value = ""; VariantName = "[No Variations]"
Add component (AddParameter): Name = "Mfg"; Value = ""; VariantName = "[No Variations]"
Add component (AddParameter): Name = "Mfg Part Number"; Value = ""; VariantName = "[No Variations]"
Add component (AddParameter): Name = "NI"; Value = ""; VariantName = "[No Variations]"
Add component (AddParameter): Name = "Package"; Value = "0402"; VariantName = "[No Variations]"
Add component (AddParameter): Name = "Power"; Value = "1/16W"; VariantName = "[No Variations]"
Add component (AddParameter): Name = "Precision"; Value = "1%"; VariantName = "[No Variations]"
Add component (AddParameter): Name = "Temperature"; Value = ""; VariantName = "[No Variations]"
Add component (AddParameter): Name = "Value"; Value = "24"; VariantName = "[No Variations]"
Add component (AddParameter): Name = "VerifiedBy"; Value = ""; VariantName = "[No Variations]"
Add component (AddParameter): Name = "Voltage"; Value = "50V"; VariantName = "[No Variations]"
Added Component: Designator=R132(RES_0402)
Add component (AddParameter): Name = "CreatedBy"; Value = "Jonathan Bouchard"; VariantName = "[No Variations]"
Add component (AddParameter): Name = "Current"; Value = ""; VariantName = "[No Variations]"
Add component (AddParameter): Name = "FootprintNameOK"; Value = ""; VariantName = "[No Variations]"
Add component (AddParameter): Name = "HelpURL"; Value = ""; VariantName = "[No Variations]"
Add component (AddParameter): Name = "Mfg"; Value = ""; VariantName = "[No Variations]"
Add component (AddParameter): Name = "Mfg Part Number"; Value = ""; VariantName = "[No Variations]"
Add component (AddParameter): Name = "NI"; Value = ""; VariantName = "[No Variations]"
Add component (AddParameter): Name = "Package"; Value = "0402"; VariantName = "[No Variations]"
Add component (AddParameter): Name = "Power"; Value = "1/16W"; VariantName = "[No Variations]"
Add component (AddParameter): Name = "Precision"; Value = "1%"; VariantName = "[No Variations]"
Add component (AddParameter): Name = "Temperature"; Value = ""; VariantName = "[No Variations]"
Add component (AddParameter): Name = "Value"; Value = "24"; VariantName = "[No Variations]"
Add component (AddParameter): Name = "VerifiedBy"; Value = ""; VariantName = "[No Variations]"
Add component (AddParameter): Name = "Voltage"; Value = "50V"; VariantName = "[No Variations]"
Added Component: Designator=R133(RES_0402)
Add component (AddParameter): Name = "CreatedBy"; Value = "Jonathan Bouchard"; VariantName = "[No Variations]"
Add component (AddParameter): Name = "Current"; Value = ""; VariantName = "[No Variations]"
Add component (AddParameter): Name = "FootprintNameOK"; Value = ""; VariantName = "[No Variations]"
Add component (AddParameter): Name = "HelpURL"; Value = ""; VariantName = "[No Variations]"
Add component (AddParameter): Name = "Mfg"; Value = ""; VariantName = "[No Variations]"
Add component (AddParameter): Name = "Mfg Part Number"; Value = ""; VariantName = "[No Variations]"
Add component (AddParameter): Name = "NI"; Value = ""; VariantName = "[No Variations]"
Add component (AddParameter): Name = "Package"; Value = "0402"; VariantName = "[No Variations]"
Add component (AddParameter): Name = "Power"; Value = "1/16W"; VariantName = "[No Variations]"
Add component (AddParameter): Name = "Precision"; Value = "1%"; VariantName = "[No Variations]"
Add component (AddParameter): Name = "Temperature"; Value = ""; VariantName = "[No Variations]"
Add component (AddParameter): Name = "Value"; Value = "24"; VariantName = "[No Variations]"
Add component (AddParameter): Name = "VerifiedBy"; Value = ""; VariantName = "[No Variations]"
Add component (AddParameter): Name = "Voltage"; Value = "50V"; VariantName = "[No Variations]"
Added Component: Designator=R134(RES_1210)
Add component (AddParameter): Name = "CreatedBy"; Value = "Jonathan Bouchard"; VariantName = "[No Variations]"
Add component (AddParameter): Name = "Current"; Value = ""; VariantName = "[No Variations]"
Add component (AddParameter): Name = "FootprintNameOK"; Value = ""; VariantName = "[No Variations]"
Add component (AddParameter): Name = "HelpURL"; Value = ""; VariantName = "[No Variations]"
Add component (AddParameter): Name = "Mfg"; Value = ""; VariantName = "[No Variations]"
Add component (AddParameter): Name = "Mfg Part Number"; Value = ""; VariantName = "[No Variations]"
Add component (AddParameter): Name = "NI"; Value = ""; VariantName = "[No Variations]"
Add component (AddParameter): Name = "Package"; Value = "1210"; VariantName = "[No Variations]"
Add component (AddParameter): Name = "Power"; Value = "1/16W"; VariantName = "[No Variations]"
Add component (AddParameter): Name = "Precision"; Value = "1%"; VariantName = "[No Variations]"
Add component (AddParameter): Name = "Temperature"; Value = ""; VariantName = "[No Variations]"
Add component (AddParameter): Name = "Value"; Value = "0"; VariantName = "[No Variations]"
Add component (AddParameter): Name = "VerifiedBy"; Value = ""; VariantName = "[No Variations]"
Add component (AddParameter): Name = "Voltage"; Value = ""; VariantName = "[No Variations]"
Added Component: Designator=S1(SWI_TACT_B3SN-3012P)
Add component (AddParameter): Name = "Assembly Note"; Value = ""; VariantName = "[No Variations]"
Add component (AddParameter): Name = "Assembly Type"; Value = "SMD"; VariantName = "[No Variations]"
Add component (AddParameter): Name = "CreatedBy/Date"; Value = "Olivier Bernard / 5/12/2017"; VariantName = "[No Variations]"
Add component (AddParameter): Name = "Cryo"; Value = "UNKNOWN"; VariantName = "[No Variations]"
Add component (AddParameter): Name = "Current Rating"; Value = "50mA"; VariantName = "[No Variations]"
Add component (AddParameter): Name = "GRAMS Lib Spec"; Value = "2.8"; VariantName = "[No Variations]"
Add component (AddParameter): Name = "HelpURL"; Value = "http://omronfs.omron.com/en_US/ecb/products/pdf/en-b3sn.pdf"; VariantName = "[No Variations]"
Add component (AddParameter): Name = "Magnetic Material"; Value = "UNKNOWN"; VariantName = "[No Variations]"
Add component (AddParameter): Name = "Manufacturer #1"; Value = "Omron Electronics Inc-EMC Div"; VariantName = "[No Variations]"
Add component (AddParameter): Name = "Manufacturer #2"; Value = ""; VariantName = "[No Variations]"
Add component (AddParameter): Name = "Note"; Value = ""; VariantName = "[No Variations]"
Add component (AddParameter): Name = "Package"; Value = "SMD"; VariantName = "[No Variations]"
Add component (AddParameter): Name = "Part Number #1"; Value = "B3SN-3012P"; VariantName = "[No Variations]"
Add component (AddParameter): Name = "Part Number #2"; Value = ""; VariantName = "[No Variations]"
Add component (AddParameter): Name = "Polarized"; Value = "No"; VariantName = "[No Variations]"
Add component (AddParameter): Name = "Power Max"; Value = ""; VariantName = "[No Variations]"
Add component (AddParameter): Name = "Supplier 1"; Value = "Digi-Key"; VariantName = "[No Variations]"
Add component (AddParameter): Name = "Supplier Part Number 1"; Value = "SW261CT-ND"; VariantName = "[No Variations]"
Add component (AddParameter): Name = "Temperature"; Value = "-25°C ~ 70°C"; VariantName = "[No Variations]"
Add component (AddParameter): Name = "Tolerance"; Value = ""; VariantName = "[No Variations]"
Add component (AddParameter): Name = "Value"; Value = "SPST-NO"; VariantName = "[No Variations]"
Add component (AddParameter): Name = "VerifiedBy"; Value = "Caroline Paulin / 11 juillet 2018"; VariantName = "[No Variations]"
Add component (AddParameter): Name = "Voltage rating"; Value = "24VDC"; VariantName = "[No Variations]"
Added Component: Designator=S2(SWI_TACT_B3SN-3012P)
Add component (AddParameter): Name = "Assembly Note"; Value = ""; VariantName = "[No Variations]"
Add component (AddParameter): Name = "Assembly Type"; Value = "SMD"; VariantName = "[No Variations]"
Add component (AddParameter): Name = "CreatedBy/Date"; Value = "Olivier Bernard / 5/12/2017"; VariantName = "[No Variations]"
Add component (AddParameter): Name = "Cryo"; Value = "UNKNOWN"; VariantName = "[No Variations]"
Add component (AddParameter): Name = "Current Rating"; Value = "50mA"; VariantName = "[No Variations]"
Add component (AddParameter): Name = "GRAMS Lib Spec"; Value = "2.8"; VariantName = "[No Variations]"
Add component (AddParameter): Name = "HelpURL"; Value = "http://omronfs.omron.com/en_US/ecb/products/pdf/en-b3sn.pdf"; VariantName = "[No Variations]"
Add component (AddParameter): Name = "Magnetic Material"; Value = "UNKNOWN"; VariantName = "[No Variations]"
Add component (AddParameter): Name = "Manufacturer #1"; Value = "Omron Electronics Inc-EMC Div"; VariantName = "[No Variations]"
Add component (AddParameter): Name = "Manufacturer #2"; Value = ""; VariantName = "[No Variations]"
Add component (AddParameter): Name = "Note"; Value = ""; VariantName = "[No Variations]"
Add component (AddParameter): Name = "Package"; Value = "SMD"; VariantName = "[No Variations]"
Add component (AddParameter): Name = "Part Number #1"; Value = "B3SN-3012P"; VariantName = "[No Variations]"
Add component (AddParameter): Name = "Part Number #2"; Value = ""; VariantName = "[No Variations]"
Add component (AddParameter): Name = "Polarized"; Value = "No"; VariantName = "[No Variations]"
Add component (AddParameter): Name = "Power Max"; Value = ""; VariantName = "[No Variations]"
Add component (AddParameter): Name = "Supplier 1"; Value = "Digi-Key"; VariantName = "[No Variations]"
Add component (AddParameter): Name = "Supplier Part Number 1"; Value = "SW261CT-ND"; VariantName = "[No Variations]"
Add component (AddParameter): Name = "Temperature"; Value = "-25°C ~ 70°C"; VariantName = "[No Variations]"
Add component (AddParameter): Name = "Tolerance"; Value = ""; VariantName = "[No Variations]"
Add component (AddParameter): Name = "Value"; Value = "SPST-NO"; VariantName = "[No Variations]"
Add component (AddParameter): Name = "VerifiedBy"; Value = "Caroline Paulin / 11 juillet 2018"; VariantName = "[No Variations]"
Add component (AddParameter): Name = "Voltage rating"; Value = "24VDC"; VariantName = "[No Variations]"
Added Component: Designator=SW1(SWI_TACT_B3SN-3012P)
Add component (AddParameter): Name = "CreatedBy"; Value = "Jonathan Bouchard"; VariantName = "[No Variations]"
Add component (AddParameter): Name = "Current"; Value = "50mA"; VariantName = "[No Variations]"
Add component (AddParameter): Name = "FootprintNameOK"; Value = ""; VariantName = "[No Variations]"
Add component (AddParameter): Name = "HelpURL"; Value = "http://www.omron.com/ecb/products/pdf/en-b3sn.pdf"; VariantName = "[No Variations]"
Add component (AddParameter): Name = "Mfg"; Value = "Omron"; VariantName = "[No Variations]"
Add component (AddParameter): Name = "Mfg Part Number"; Value = "B3SN-3012P"; VariantName = "[No Variations]"
Add component (AddParameter): Name = "NI"; Value = ""; VariantName = "[No Variations]"
Add component (AddParameter): Name = "Package"; Value = "4-SMD"; VariantName = "[No Variations]"
Add component (AddParameter): Name = "Power"; Value = ""; VariantName = "[No Variations]"
Add component (AddParameter): Name = "Precision"; Value = ""; VariantName = "[No Variations]"
Add component (AddParameter): Name = "Supplier 1"; Value = "Digikey"; VariantName = "[No Variations]"
Add component (AddParameter): Name = "Supplier Part Number 1"; Value = "SW261CT-ND"; VariantName = "[No Variations]"
Add component (AddParameter): Name = "Temperature"; Value = "-25°C ~ 70°C"; VariantName = "[No Variations]"
Add component (AddParameter): Name = "Value"; Value = ""; VariantName = "[No Variations]"
Add component (AddParameter): Name = "VerifiedBy"; Value = ""; VariantName = "[No Variations]"
Add component (AddParameter): Name = "Voltage"; Value = "24V"; VariantName = "[No Variations]"
Added Component: Designator=T1(TRANSFO_H1102NLT)
Add component (AddParameter): Name = "CreatedBy"; Value = "Jonathan Bouchard"; VariantName = "[No Variations]"
Add component (AddParameter): Name = "Current"; Value = ""; VariantName = "[No Variations]"
Add component (AddParameter): Name = "FootprintNameOK"; Value = ""; VariantName = "[No Variations]"
Add component (AddParameter): Name = "HelpURL"; Value = "http://media.digikey.com/pdf/Data%20Sheets/Pulse%20PDFs/10_100BASE-T%20Single%20Port%20SMD%20Magnetics_Rev2008.pdf"; VariantName = "[No Variations]"
Add component (AddParameter): Name = "Mfg"; Value = "Pulse Eng."; VariantName = "[No Variations]"
Add component (AddParameter): Name = "Mfg Part Number"; Value = "H1102NLT"; VariantName = "[No Variations]"
Add component (AddParameter): Name = "NI"; Value = ""; VariantName = "[No Variations]"
Add component (AddParameter): Name = "Package"; Value = "SMD-16"; VariantName = "[No Variations]"
Add component (AddParameter): Name = "Power"; Value = ""; VariantName = "[No Variations]"
Add component (AddParameter): Name = "Precision"; Value = ""; VariantName = "[No Variations]"
Add component (AddParameter): Name = "Supplier 1"; Value = "Digikey"; VariantName = "[No Variations]"
Add component (AddParameter): Name = "Supplier Part Number 1"; Value = "553-1532-1-ND"; VariantName = "[No Variations]"
Add component (AddParameter): Name = "Temperature"; Value = "-40°C to 85°C"; VariantName = "[No Variations]"
Add component (AddParameter): Name = "Value"; Value = "1:1 (350uH)"; VariantName = "[No Variations]"
Add component (AddParameter): Name = "VerifiedBy"; Value = ""; VariantName = "[No Variations]"
Add component (AddParameter): Name = "Voltage"; Value = ""; VariantName = "[No Variations]"
Added Component: Designator=TP1(TPO_SMD_5019)
Add component (AddParameter): Name = "Assembly Note"; Value = ""; VariantName = "[No Variations]"
Add component (AddParameter): Name = "Assembly Type"; Value = "SMD"; VariantName = "[No Variations]"
Add component (AddParameter): Name = "CreatedBy/Date"; Value = "Olivier Bernard / 5/12/2017"; VariantName = "[No Variations]"
Add component (AddParameter): Name = "Cryo"; Value = "UNKNOWN"; VariantName = "[No Variations]"
Add component (AddParameter): Name = "Current Rating"; Value = ""; VariantName = "[No Variations]"
Add component (AddParameter): Name = "GRAMS Lib Spec"; Value = "2.8"; VariantName = "[No Variations]"
Add component (AddParameter): Name = "HelpURL"; Value = "https://www.digikey.ca/product-detail/en/keystone-electronics/5019/36-5019CT-ND/3907344"; VariantName = "[No Variations]"
Add component (AddParameter): Name = "Magnetic Material"; Value = "UNKNOWN"; VariantName = "[No Variations]"
Add component (AddParameter): Name = "Manufacturer #1"; Value = "Keystone Electronics"; VariantName = "[No Variations]"
Add component (AddParameter): Name = "Manufacturer #2"; Value = ""; VariantName = "[No Variations]"
Add component (AddParameter): Name = "Note"; Value = ""; VariantName = "[No Variations]"
Add component (AddParameter): Name = "Package"; Value = "SMD"; VariantName = "[No Variations]"
Add component (AddParameter): Name = "Part Number #1"; Value = "5019"; VariantName = "[No Variations]"
Add component (AddParameter): Name = "Part Number #2"; Value = ""; VariantName = "[No Variations]"
Add component (AddParameter): Name = "Polarized"; Value = "No"; VariantName = "[No Variations]"
Add component (AddParameter): Name = "Power Max"; Value = ""; VariantName = "[No Variations]"
Add component (AddParameter): Name = "Supplier 1"; Value = "Digi-Key"; VariantName = "[No Variations]"
Add component (AddParameter): Name = "Supplier Part Number 1"; Value = "36-5019CT-ND"; VariantName = "[No Variations]"
Add component (AddParameter): Name = "Temperature"; Value = ""; VariantName = "[No Variations]"
Add component (AddParameter): Name = "Tolerance"; Value = ""; VariantName = "[No Variations]"
Add component (AddParameter): Name = "Value"; Value = "3.81mm x 2.03mm"; VariantName = "[No Variations]"
Add component (AddParameter): Name = "VerifiedBy"; Value = "Caroline Paulin / 5 juillet 2018"; VariantName = "[No Variations]"
Add component (AddParameter): Name = "Voltage Rating"; Value = ""; VariantName = "[No Variations]"
Added Component: Designator=TP2(TPO_SMD_5019)
Add component (AddParameter): Name = "Assembly Note"; Value = ""; VariantName = "[No Variations]"
Add component (AddParameter): Name = "Assembly Type"; Value = "SMD"; VariantName = "[No Variations]"
Add component (AddParameter): Name = "CreatedBy/Date"; Value = "Olivier Bernard / 5/12/2017"; VariantName = "[No Variations]"
Add component (AddParameter): Name = "Cryo"; Value = "UNKNOWN"; VariantName = "[No Variations]"
Add component (AddParameter): Name = "Current Rating"; Value = ""; VariantName = "[No Variations]"
Add component (AddParameter): Name = "GRAMS Lib Spec"; Value = "2.8"; VariantName = "[No Variations]"
Add component (AddParameter): Name = "HelpURL"; Value = "https://www.digikey.ca/product-detail/en/keystone-electronics/5019/36-5019CT-ND/3907344"; VariantName = "[No Variations]"
Add component (AddParameter): Name = "Magnetic Material"; Value = "UNKNOWN"; VariantName = "[No Variations]"
Add component (AddParameter): Name = "Manufacturer #1"; Value = "Keystone Electronics"; VariantName = "[No Variations]"
Add component (AddParameter): Name = "Manufacturer #2"; Value = ""; VariantName = "[No Variations]"
Add component (AddParameter): Name = "Note"; Value = ""; VariantName = "[No Variations]"
Add component (AddParameter): Name = "Package"; Value = "SMD"; VariantName = "[No Variations]"
Add component (AddParameter): Name = "Part Number #1"; Value = "5019"; VariantName = "[No Variations]"
Add component (AddParameter): Name = "Part Number #2"; Value = ""; VariantName = "[No Variations]"
Add component (AddParameter): Name = "Polarized"; Value = "No"; VariantName = "[No Variations]"
Add component (AddParameter): Name = "Power Max"; Value = ""; VariantName = "[No Variations]"
Add component (AddParameter): Name = "Supplier 1"; Value = "Digi-Key"; VariantName = "[No Variations]"
Add component (AddParameter): Name = "Supplier Part Number 1"; Value = "36-5019CT-ND"; VariantName = "[No Variations]"
Add component (AddParameter): Name = "Temperature"; Value = ""; VariantName = "[No Variations]"
Add component (AddParameter): Name = "Tolerance"; Value = ""; VariantName = "[No Variations]"
Add component (AddParameter): Name = "Value"; Value = "3.81mm x 2.03mm"; VariantName = "[No Variations]"
Add component (AddParameter): Name = "VerifiedBy"; Value = "Caroline Paulin / 5 juillet 2018"; VariantName = "[No Variations]"
Add component (AddParameter): Name = "Voltage Rating"; Value = ""; VariantName = "[No Variations]"
Added Component: Designator=TP3(TPO_SMD_5019)
Add component (AddParameter): Name = "Assembly Note"; Value = ""; VariantName = "[No Variations]"
Add component (AddParameter): Name = "Assembly Type"; Value = "SMD"; VariantName = "[No Variations]"
Add component (AddParameter): Name = "CreatedBy/Date"; Value = "Olivier Bernard / 5/12/2017"; VariantName = "[No Variations]"
Add component (AddParameter): Name = "Cryo"; Value = "UNKNOWN"; VariantName = "[No Variations]"
Add component (AddParameter): Name = "Current Rating"; Value = ""; VariantName = "[No Variations]"
Add component (AddParameter): Name = "GRAMS Lib Spec"; Value = "2.8"; VariantName = "[No Variations]"
Add component (AddParameter): Name = "HelpURL"; Value = "https://www.digikey.ca/product-detail/en/keystone-electronics/5019/36-5019CT-ND/3907344"; VariantName = "[No Variations]"
Add component (AddParameter): Name = "Magnetic Material"; Value = "UNKNOWN"; VariantName = "[No Variations]"
Add component (AddParameter): Name = "Manufacturer #1"; Value = "Keystone Electronics"; VariantName = "[No Variations]"
Add component (AddParameter): Name = "Manufacturer #2"; Value = ""; VariantName = "[No Variations]"
Add component (AddParameter): Name = "Note"; Value = ""; VariantName = "[No Variations]"
Add component (AddParameter): Name = "Package"; Value = "SMD"; VariantName = "[No Variations]"
Add component (AddParameter): Name = "Part Number #1"; Value = "5019"; VariantName = "[No Variations]"
Add component (AddParameter): Name = "Part Number #2"; Value = ""; VariantName = "[No Variations]"
Add component (AddParameter): Name = "Polarized"; Value = "No"; VariantName = "[No Variations]"
Add component (AddParameter): Name = "Power Max"; Value = ""; VariantName = "[No Variations]"
Add component (AddParameter): Name = "Supplier 1"; Value = "Digi-Key"; VariantName = "[No Variations]"
Add component (AddParameter): Name = "Supplier Part Number 1"; Value = "36-5019CT-ND"; VariantName = "[No Variations]"
Add component (AddParameter): Name = "Temperature"; Value = ""; VariantName = "[No Variations]"
Add component (AddParameter): Name = "Tolerance"; Value = ""; VariantName = "[No Variations]"
Add component (AddParameter): Name = "Value"; Value = "3.81mm x 2.03mm"; VariantName = "[No Variations]"
Add component (AddParameter): Name = "VerifiedBy"; Value = "Caroline Paulin / 5 juillet 2018"; VariantName = "[No Variations]"
Add component (AddParameter): Name = "Voltage Rating"; Value = ""; VariantName = "[No Variations]"
Added Component: Designator=TP4(TPO_SMD_5019)
Add component (AddParameter): Name = "Assembly Note"; Value = ""; VariantName = "[No Variations]"
Add component (AddParameter): Name = "Assembly Type"; Value = "SMD"; VariantName = "[No Variations]"
Add component (AddParameter): Name = "CreatedBy/Date"; Value = "Olivier Bernard / 5/12/2017"; VariantName = "[No Variations]"
Add component (AddParameter): Name = "Cryo"; Value = "UNKNOWN"; VariantName = "[No Variations]"
Add component (AddParameter): Name = "Current Rating"; Value = ""; VariantName = "[No Variations]"
Add component (AddParameter): Name = "GRAMS Lib Spec"; Value = "2.8"; VariantName = "[No Variations]"
Add component (AddParameter): Name = "HelpURL"; Value = "https://www.digikey.ca/product-detail/en/keystone-electronics/5019/36-5019CT-ND/3907344"; VariantName = "[No Variations]"
Add component (AddParameter): Name = "Magnetic Material"; Value = "UNKNOWN"; VariantName = "[No Variations]"
Add component (AddParameter): Name = "Manufacturer #1"; Value = "Keystone Electronics"; VariantName = "[No Variations]"
Add component (AddParameter): Name = "Manufacturer #2"; Value = ""; VariantName = "[No Variations]"
Add component (AddParameter): Name = "Note"; Value = ""; VariantName = "[No Variations]"
Add component (AddParameter): Name = "Package"; Value = "SMD"; VariantName = "[No Variations]"
Add component (AddParameter): Name = "Part Number #1"; Value = "5019"; VariantName = "[No Variations]"
Add component (AddParameter): Name = "Part Number #2"; Value = ""; VariantName = "[No Variations]"
Add component (AddParameter): Name = "Polarized"; Value = "No"; VariantName = "[No Variations]"
Add component (AddParameter): Name = "Power Max"; Value = ""; VariantName = "[No Variations]"
Add component (AddParameter): Name = "Supplier 1"; Value = "Digi-Key"; VariantName = "[No Variations]"
Add component (AddParameter): Name = "Supplier Part Number 1"; Value = "36-5019CT-ND"; VariantName = "[No Variations]"
Add component (AddParameter): Name = "Temperature"; Value = ""; VariantName = "[No Variations]"
Add component (AddParameter): Name = "Tolerance"; Value = ""; VariantName = "[No Variations]"
Add component (AddParameter): Name = "Value"; Value = "3.81mm x 2.03mm"; VariantName = "[No Variations]"
Add component (AddParameter): Name = "VerifiedBy"; Value = "Caroline Paulin / 5 juillet 2018"; VariantName = "[No Variations]"
Add component (AddParameter): Name = "Voltage Rating"; Value = ""; VariantName = "[No Variations]"
Added Component: Designator=TP5(TPO_SMD_5019)
Add component (AddParameter): Name = "Assembly Note"; Value = ""; VariantName = "[No Variations]"
Add component (AddParameter): Name = "Assembly Type"; Value = "SMD"; VariantName = "[No Variations]"
Add component (AddParameter): Name = "CreatedBy/Date"; Value = "Olivier Bernard / 5/12/2017"; VariantName = "[No Variations]"
Add component (AddParameter): Name = "Cryo"; Value = "UNKNOWN"; VariantName = "[No Variations]"
Add component (AddParameter): Name = "Current Rating"; Value = ""; VariantName = "[No Variations]"
Add component (AddParameter): Name = "GRAMS Lib Spec"; Value = "2.8"; VariantName = "[No Variations]"
Add component (AddParameter): Name = "HelpURL"; Value = "https://www.digikey.ca/product-detail/en/keystone-electronics/5019/36-5019CT-ND/3907344"; VariantName = "[No Variations]"
Add component (AddParameter): Name = "Magnetic Material"; Value = "UNKNOWN"; VariantName = "[No Variations]"
Add component (AddParameter): Name = "Manufacturer #1"; Value = "Keystone Electronics"; VariantName = "[No Variations]"
Add component (AddParameter): Name = "Manufacturer #2"; Value = ""; VariantName = "[No Variations]"
Add component (AddParameter): Name = "Note"; Value = ""; VariantName = "[No Variations]"
Add component (AddParameter): Name = "Package"; Value = "SMD"; VariantName = "[No Variations]"
Add component (AddParameter): Name = "Part Number #1"; Value = "5019"; VariantName = "[No Variations]"
Add component (AddParameter): Name = "Part Number #2"; Value = ""; VariantName = "[No Variations]"
Add component (AddParameter): Name = "Polarized"; Value = "No"; VariantName = "[No Variations]"
Add component (AddParameter): Name = "Power Max"; Value = ""; VariantName = "[No Variations]"
Add component (AddParameter): Name = "Supplier 1"; Value = "Digi-Key"; VariantName = "[No Variations]"
Add component (AddParameter): Name = "Supplier Part Number 1"; Value = "36-5019CT-ND"; VariantName = "[No Variations]"
Add component (AddParameter): Name = "Temperature"; Value = ""; VariantName = "[No Variations]"
Add component (AddParameter): Name = "Tolerance"; Value = ""; VariantName = "[No Variations]"
Add component (AddParameter): Name = "Value"; Value = "3.81mm x 2.03mm"; VariantName = "[No Variations]"
Add component (AddParameter): Name = "VerifiedBy"; Value = "Caroline Paulin / 5 juillet 2018"; VariantName = "[No Variations]"
Add component (AddParameter): Name = "Voltage Rating"; Value = ""; VariantName = "[No Variations]"
Added Component: Designator=TP6(TPO_SMD_5019)
Add component (AddParameter): Name = "Assembly Note"; Value = ""; VariantName = "[No Variations]"
Add component (AddParameter): Name = "Assembly Type"; Value = "SMD"; VariantName = "[No Variations]"
Add component (AddParameter): Name = "CreatedBy/Date"; Value = "Olivier Bernard / 5/12/2017"; VariantName = "[No Variations]"
Add component (AddParameter): Name = "Cryo"; Value = "UNKNOWN"; VariantName = "[No Variations]"
Add component (AddParameter): Name = "Current Rating"; Value = ""; VariantName = "[No Variations]"
Add component (AddParameter): Name = "GRAMS Lib Spec"; Value = "2.8"; VariantName = "[No Variations]"
Add component (AddParameter): Name = "HelpURL"; Value = "https://www.digikey.ca/product-detail/en/keystone-electronics/5019/36-5019CT-ND/3907344"; VariantName = "[No Variations]"
Add component (AddParameter): Name = "Magnetic Material"; Value = "UNKNOWN"; VariantName = "[No Variations]"
Add component (AddParameter): Name = "Manufacturer #1"; Value = "Keystone Electronics"; VariantName = "[No Variations]"
Add component (AddParameter): Name = "Manufacturer #2"; Value = ""; VariantName = "[No Variations]"
Add component (AddParameter): Name = "Note"; Value = ""; VariantName = "[No Variations]"
Add component (AddParameter): Name = "Package"; Value = "SMD"; VariantName = "[No Variations]"
Add component (AddParameter): Name = "Part Number #1"; Value = "5019"; VariantName = "[No Variations]"
Add component (AddParameter): Name = "Part Number #2"; Value = ""; VariantName = "[No Variations]"
Add component (AddParameter): Name = "Polarized"; Value = "No"; VariantName = "[No Variations]"
Add component (AddParameter): Name = "Power Max"; Value = ""; VariantName = "[No Variations]"
Add component (AddParameter): Name = "Supplier 1"; Value = "Digi-Key"; VariantName = "[No Variations]"
Add component (AddParameter): Name = "Supplier Part Number 1"; Value = "36-5019CT-ND"; VariantName = "[No Variations]"
Add component (AddParameter): Name = "Temperature"; Value = ""; VariantName = "[No Variations]"
Add component (AddParameter): Name = "Tolerance"; Value = ""; VariantName = "[No Variations]"
Add component (AddParameter): Name = "Value"; Value = "3.81mm x 2.03mm"; VariantName = "[No Variations]"
Add component (AddParameter): Name = "VerifiedBy"; Value = "Caroline Paulin / 5 juillet 2018"; VariantName = "[No Variations]"
Add component (AddParameter): Name = "Voltage Rating"; Value = ""; VariantName = "[No Variations]"
Added Component: Designator=TP7(TPO_SMD_5019)
Add component (AddParameter): Name = "Assembly Note"; Value = ""; VariantName = "[No Variations]"
Add component (AddParameter): Name = "Assembly Type"; Value = "SMD"; VariantName = "[No Variations]"
Add component (AddParameter): Name = "CreatedBy/Date"; Value = "Olivier Bernard / 5/12/2017"; VariantName = "[No Variations]"
Add component (AddParameter): Name = "Cryo"; Value = "UNKNOWN"; VariantName = "[No Variations]"
Add component (AddParameter): Name = "Current Rating"; Value = ""; VariantName = "[No Variations]"
Add component (AddParameter): Name = "GRAMS Lib Spec"; Value = "2.8"; VariantName = "[No Variations]"
Add component (AddParameter): Name = "HelpURL"; Value = "https://www.digikey.ca/product-detail/en/keystone-electronics/5019/36-5019CT-ND/3907344"; VariantName = "[No Variations]"
Add component (AddParameter): Name = "Magnetic Material"; Value = "UNKNOWN"; VariantName = "[No Variations]"
Add component (AddParameter): Name = "Manufacturer #1"; Value = "Keystone Electronics"; VariantName = "[No Variations]"
Add component (AddParameter): Name = "Manufacturer #2"; Value = ""; VariantName = "[No Variations]"
Add component (AddParameter): Name = "Note"; Value = ""; VariantName = "[No Variations]"
Add component (AddParameter): Name = "Package"; Value = "SMD"; VariantName = "[No Variations]"
Add component (AddParameter): Name = "Part Number #1"; Value = "5019"; VariantName = "[No Variations]"
Add component (AddParameter): Name = "Part Number #2"; Value = ""; VariantName = "[No Variations]"
Add component (AddParameter): Name = "Polarized"; Value = "No"; VariantName = "[No Variations]"
Add component (AddParameter): Name = "Power Max"; Value = ""; VariantName = "[No Variations]"
Add component (AddParameter): Name = "Supplier 1"; Value = "Digi-Key"; VariantName = "[No Variations]"
Add component (AddParameter): Name = "Supplier Part Number 1"; Value = "36-5019CT-ND"; VariantName = "[No Variations]"
Add component (AddParameter): Name = "Temperature"; Value = ""; VariantName = "[No Variations]"
Add component (AddParameter): Name = "Tolerance"; Value = ""; VariantName = "[No Variations]"
Add component (AddParameter): Name = "Value"; Value = "3.81mm x 2.03mm"; VariantName = "[No Variations]"
Add component (AddParameter): Name = "VerifiedBy"; Value = "Caroline Paulin / 5 juillet 2018"; VariantName = "[No Variations]"
Add component (AddParameter): Name = "Voltage Rating"; Value = ""; VariantName = "[No Variations]"
Added Component: Designator=TP8(TPO_SMD_5019)
Add component (AddParameter): Name = "Assembly Note"; Value = ""; VariantName = "[No Variations]"
Add component (AddParameter): Name = "Assembly Type"; Value = "SMD"; VariantName = "[No Variations]"
Add component (AddParameter): Name = "CreatedBy/Date"; Value = "Olivier Bernard / 5/12/2017"; VariantName = "[No Variations]"
Add component (AddParameter): Name = "Cryo"; Value = "UNKNOWN"; VariantName = "[No Variations]"
Add component (AddParameter): Name = "Current Rating"; Value = ""; VariantName = "[No Variations]"
Add component (AddParameter): Name = "GRAMS Lib Spec"; Value = "2.8"; VariantName = "[No Variations]"
Add component (AddParameter): Name = "HelpURL"; Value = "https://www.digikey.ca/product-detail/en/keystone-electronics/5019/36-5019CT-ND/3907344"; VariantName = "[No Variations]"
Add component (AddParameter): Name = "Magnetic Material"; Value = "UNKNOWN"; VariantName = "[No Variations]"
Add component (AddParameter): Name = "Manufacturer #1"; Value = "Keystone Electronics"; VariantName = "[No Variations]"
Add component (AddParameter): Name = "Manufacturer #2"; Value = ""; VariantName = "[No Variations]"
Add component (AddParameter): Name = "Note"; Value = ""; VariantName = "[No Variations]"
Add component (AddParameter): Name = "Package"; Value = "SMD"; VariantName = "[No Variations]"
Add component (AddParameter): Name = "Part Number #1"; Value = "5019"; VariantName = "[No Variations]"
Add component (AddParameter): Name = "Part Number #2"; Value = ""; VariantName = "[No Variations]"
Add component (AddParameter): Name = "Polarized"; Value = "No"; VariantName = "[No Variations]"
Add component (AddParameter): Name = "Power Max"; Value = ""; VariantName = "[No Variations]"
Add component (AddParameter): Name = "Supplier 1"; Value = "Digi-Key"; VariantName = "[No Variations]"
Add component (AddParameter): Name = "Supplier Part Number 1"; Value = "36-5019CT-ND"; VariantName = "[No Variations]"
Add component (AddParameter): Name = "Temperature"; Value = ""; VariantName = "[No Variations]"
Add component (AddParameter): Name = "Tolerance"; Value = ""; VariantName = "[No Variations]"
Add component (AddParameter): Name = "Value"; Value = "3.81mm x 2.03mm"; VariantName = "[No Variations]"
Add component (AddParameter): Name = "VerifiedBy"; Value = "Caroline Paulin / 5 juillet 2018"; VariantName = "[No Variations]"
Add component (AddParameter): Name = "Voltage Rating"; Value = ""; VariantName = "[No Variations]"
Added Component: Designator=TP9(TPO_SMD_5019)
Add component (AddParameter): Name = "Assembly Note"; Value = ""; VariantName = "[No Variations]"
Add component (AddParameter): Name = "Assembly Type"; Value = "SMD"; VariantName = "[No Variations]"
Add component (AddParameter): Name = "CreatedBy/Date"; Value = "Olivier Bernard / 5/12/2017"; VariantName = "[No Variations]"
Add component (AddParameter): Name = "Cryo"; Value = "UNKNOWN"; VariantName = "[No Variations]"
Add component (AddParameter): Name = "Current Rating"; Value = ""; VariantName = "[No Variations]"
Add component (AddParameter): Name = "GRAMS Lib Spec"; Value = "2.8"; VariantName = "[No Variations]"
Add component (AddParameter): Name = "HelpURL"; Value = "https://www.digikey.ca/product-detail/en/keystone-electronics/5019/36-5019CT-ND/3907344"; VariantName = "[No Variations]"
Add component (AddParameter): Name = "Magnetic Material"; Value = "UNKNOWN"; VariantName = "[No Variations]"
Add component (AddParameter): Name = "Manufacturer #1"; Value = "Keystone Electronics"; VariantName = "[No Variations]"
Add component (AddParameter): Name = "Manufacturer #2"; Value = ""; VariantName = "[No Variations]"
Add component (AddParameter): Name = "Note"; Value = ""; VariantName = "[No Variations]"
Add component (AddParameter): Name = "Package"; Value = "SMD"; VariantName = "[No Variations]"
Add component (AddParameter): Name = "Part Number #1"; Value = "5019"; VariantName = "[No Variations]"
Add component (AddParameter): Name = "Part Number #2"; Value = ""; VariantName = "[No Variations]"
Add component (AddParameter): Name = "Polarized"; Value = "No"; VariantName = "[No Variations]"
Add component (AddParameter): Name = "Power Max"; Value = ""; VariantName = "[No Variations]"
Add component (AddParameter): Name = "Supplier 1"; Value = "Digi-Key"; VariantName = "[No Variations]"
Add component (AddParameter): Name = "Supplier Part Number 1"; Value = "36-5019CT-ND"; VariantName = "[No Variations]"
Add component (AddParameter): Name = "Temperature"; Value = ""; VariantName = "[No Variations]"
Add component (AddParameter): Name = "Tolerance"; Value = ""; VariantName = "[No Variations]"
Add component (AddParameter): Name = "Value"; Value = "3.81mm x 2.03mm"; VariantName = "[No Variations]"
Add component (AddParameter): Name = "VerifiedBy"; Value = "Caroline Paulin / 5 juillet 2018"; VariantName = "[No Variations]"
Add component (AddParameter): Name = "Voltage Rating"; Value = ""; VariantName = "[No Variations]"
Added Component: Designator=TP10(TPO_SMD_5019)
Add component (AddParameter): Name = "Assembly Note"; Value = ""; VariantName = "[No Variations]"
Add component (AddParameter): Name = "Assembly Type"; Value = "SMD"; VariantName = "[No Variations]"
Add component (AddParameter): Name = "CreatedBy/Date"; Value = "Olivier Bernard / 5/12/2017"; VariantName = "[No Variations]"
Add component (AddParameter): Name = "Cryo"; Value = "UNKNOWN"; VariantName = "[No Variations]"
Add component (AddParameter): Name = "Current Rating"; Value = ""; VariantName = "[No Variations]"
Add component (AddParameter): Name = "GRAMS Lib Spec"; Value = "2.8"; VariantName = "[No Variations]"
Add component (AddParameter): Name = "HelpURL"; Value = "https://www.digikey.ca/product-detail/en/keystone-electronics/5019/36-5019CT-ND/3907344"; VariantName = "[No Variations]"
Add component (AddParameter): Name = "Magnetic Material"; Value = "UNKNOWN"; VariantName = "[No Variations]"
Add component (AddParameter): Name = "Manufacturer #1"; Value = "Keystone Electronics"; VariantName = "[No Variations]"
Add component (AddParameter): Name = "Manufacturer #2"; Value = ""; VariantName = "[No Variations]"
Add component (AddParameter): Name = "Note"; Value = ""; VariantName = "[No Variations]"
Add component (AddParameter): Name = "Package"; Value = "SMD"; VariantName = "[No Variations]"
Add component (AddParameter): Name = "Part Number #1"; Value = "5019"; VariantName = "[No Variations]"
Add component (AddParameter): Name = "Part Number #2"; Value = ""; VariantName = "[No Variations]"
Add component (AddParameter): Name = "Polarized"; Value = "No"; VariantName = "[No Variations]"
Add component (AddParameter): Name = "Power Max"; Value = ""; VariantName = "[No Variations]"
Add component (AddParameter): Name = "Supplier 1"; Value = "Digi-Key"; VariantName = "[No Variations]"
Add component (AddParameter): Name = "Supplier Part Number 1"; Value = "36-5019CT-ND"; VariantName = "[No Variations]"
Add component (AddParameter): Name = "Temperature"; Value = ""; VariantName = "[No Variations]"
Add component (AddParameter): Name = "Tolerance"; Value = ""; VariantName = "[No Variations]"
Add component (AddParameter): Name = "Value"; Value = "3.81mm x 2.03mm"; VariantName = "[No Variations]"
Add component (AddParameter): Name = "VerifiedBy"; Value = "Caroline Paulin / 5 juillet 2018"; VariantName = "[No Variations]"
Add component (AddParameter): Name = "Voltage Rating"; Value = ""; VariantName = "[No Variations]"
Added Component: Designator=TP11(TPO_SMD_5019)
Add component (AddParameter): Name = "Assembly Note"; Value = ""; VariantName = "[No Variations]"
Add component (AddParameter): Name = "Assembly Type"; Value = "SMD"; VariantName = "[No Variations]"
Add component (AddParameter): Name = "CreatedBy/Date"; Value = "Olivier Bernard / 5/12/2017"; VariantName = "[No Variations]"
Add component (AddParameter): Name = "Cryo"; Value = "UNKNOWN"; VariantName = "[No Variations]"
Add component (AddParameter): Name = "Current Rating"; Value = ""; VariantName = "[No Variations]"
Add component (AddParameter): Name = "GRAMS Lib Spec"; Value = "2.8"; VariantName = "[No Variations]"
Add component (AddParameter): Name = "HelpURL"; Value = "https://www.digikey.ca/product-detail/en/keystone-electronics/5019/36-5019CT-ND/3907344"; VariantName = "[No Variations]"
Add component (AddParameter): Name = "Magnetic Material"; Value = "UNKNOWN"; VariantName = "[No Variations]"
Add component (AddParameter): Name = "Manufacturer #1"; Value = "Keystone Electronics"; VariantName = "[No Variations]"
Add component (AddParameter): Name = "Manufacturer #2"; Value = ""; VariantName = "[No Variations]"
Add component (AddParameter): Name = "Note"; Value = ""; VariantName = "[No Variations]"
Add component (AddParameter): Name = "Package"; Value = "SMD"; VariantName = "[No Variations]"
Add component (AddParameter): Name = "Part Number #1"; Value = "5019"; VariantName = "[No Variations]"
Add component (AddParameter): Name = "Part Number #2"; Value = ""; VariantName = "[No Variations]"
Add component (AddParameter): Name = "Polarized"; Value = "No"; VariantName = "[No Variations]"
Add component (AddParameter): Name = "Power Max"; Value = ""; VariantName = "[No Variations]"
Add component (AddParameter): Name = "Supplier 1"; Value = "Digi-Key"; VariantName = "[No Variations]"
Add component (AddParameter): Name = "Supplier Part Number 1"; Value = "36-5019CT-ND"; VariantName = "[No Variations]"
Add component (AddParameter): Name = "Temperature"; Value = ""; VariantName = "[No Variations]"
Add component (AddParameter): Name = "Tolerance"; Value = ""; VariantName = "[No Variations]"
Add component (AddParameter): Name = "Value"; Value = "3.81mm x 2.03mm"; VariantName = "[No Variations]"
Add component (AddParameter): Name = "VerifiedBy"; Value = "Caroline Paulin / 5 juillet 2018"; VariantName = "[No Variations]"
Add component (AddParameter): Name = "Voltage Rating"; Value = ""; VariantName = "[No Variations]"
Added Component: Designator=TP12(TPO_SMD_5019)
Add component (AddParameter): Name = "Assembly Note"; Value = ""; VariantName = "[No Variations]"
Add component (AddParameter): Name = "Assembly Type"; Value = "SMD"; VariantName = "[No Variations]"
Add component (AddParameter): Name = "CreatedBy/Date"; Value = "Olivier Bernard / 5/12/2017"; VariantName = "[No Variations]"
Add component (AddParameter): Name = "Cryo"; Value = "UNKNOWN"; VariantName = "[No Variations]"
Add component (AddParameter): Name = "Current Rating"; Value = ""; VariantName = "[No Variations]"
Add component (AddParameter): Name = "GRAMS Lib Spec"; Value = "2.8"; VariantName = "[No Variations]"
Add component (AddParameter): Name = "HelpURL"; Value = "https://www.digikey.ca/product-detail/en/keystone-electronics/5019/36-5019CT-ND/3907344"; VariantName = "[No Variations]"
Add component (AddParameter): Name = "Magnetic Material"; Value = "UNKNOWN"; VariantName = "[No Variations]"
Add component (AddParameter): Name = "Manufacturer #1"; Value = "Keystone Electronics"; VariantName = "[No Variations]"
Add component (AddParameter): Name = "Manufacturer #2"; Value = ""; VariantName = "[No Variations]"
Add component (AddParameter): Name = "Note"; Value = ""; VariantName = "[No Variations]"
Add component (AddParameter): Name = "Package"; Value = "SMD"; VariantName = "[No Variations]"
Add component (AddParameter): Name = "Part Number #1"; Value = "5019"; VariantName = "[No Variations]"
Add component (AddParameter): Name = "Part Number #2"; Value = ""; VariantName = "[No Variations]"
Add component (AddParameter): Name = "Polarized"; Value = "No"; VariantName = "[No Variations]"
Add component (AddParameter): Name = "Power Max"; Value = ""; VariantName = "[No Variations]"
Add component (AddParameter): Name = "Supplier 1"; Value = "Digi-Key"; VariantName = "[No Variations]"
Add component (AddParameter): Name = "Supplier Part Number 1"; Value = "36-5019CT-ND"; VariantName = "[No Variations]"
Add component (AddParameter): Name = "Temperature"; Value = ""; VariantName = "[No Variations]"
Add component (AddParameter): Name = "Tolerance"; Value = ""; VariantName = "[No Variations]"
Add component (AddParameter): Name = "Value"; Value = "3.81mm x 2.03mm"; VariantName = "[No Variations]"
Add component (AddParameter): Name = "VerifiedBy"; Value = "Caroline Paulin / 5 juillet 2018"; VariantName = "[No Variations]"
Add component (AddParameter): Name = "Voltage Rating"; Value = ""; VariantName = "[No Variations]"
Added Component: Designator=U1(REG_SWR_LMZ23605TZE/NOPB)
Add component (AddParameter): Name = "Assembly Note"; Value = ""; VariantName = "[No Variations]"
Add component (AddParameter): Name = "Assembly Type"; Value = "SMD"; VariantName = "[No Variations]"
Add component (AddParameter): Name = "CreatedBy/Date"; Value = "Arnaud Samson - 05/07/18"; VariantName = "[No Variations]"
Add component (AddParameter): Name = "Cryo"; Value = "UNKNOWN"; VariantName = "[No Variations]"
Add component (AddParameter): Name = "Current Rating"; Value = "5A"; VariantName = "[No Variations]"
Add component (AddParameter): Name = "GRAMS Lib Spec"; Value = "2.8"; VariantName = "[No Variations]"
Add component (AddParameter): Name = "HelpURL"; Value = "http://www.ti.com/lit/ds/symlink/lmz23605.pdf"; VariantName = "[No Variations]"
Add component (AddParameter): Name = "Magnetic Material"; Value = "YES"; VariantName = "[No Variations]"
Add component (AddParameter): Name = "Manufacturer #1"; Value = "Texas Instruments"; VariantName = "[No Variations]"
Add component (AddParameter): Name = "Manufacturer #2"; Value = ""; VariantName = "[No Variations]"
Add component (AddParameter): Name = "Note"; Value = "One Reflow"; VariantName = "[No Variations]"
Add component (AddParameter): Name = "Package"; Value = "TO-PMOD-7"; VariantName = "[No Variations]"
Add component (AddParameter): Name = "Part Number #1"; Value = "LMZ23605TZE/NOPB"; VariantName = "[No Variations]"
Add component (AddParameter): Name = "Part Number #2"; Value = ""; VariantName = "[No Variations]"
Add component (AddParameter): Name = "Polarized"; Value = "YES"; VariantName = "[No Variations]"
Add component (AddParameter): Name = "Power Max"; Value = ""; VariantName = "[No Variations]"
Add component (AddParameter): Name = "Supplier 1"; Value = "Digi-Key"; VariantName = "[No Variations]"
Add component (AddParameter): Name = "Supplier Part Number 1"; Value = "296-35357-1-ND"; VariantName = "[No Variations]"
Add component (AddParameter): Name = "Temperature"; Value = "-40°C ~ 125°C"; VariantName = "[No Variations]"
Add component (AddParameter): Name = "Tolerance"; Value = ""; VariantName = "[No Variations]"
Add component (AddParameter): Name = "Value"; Value = "0.8 ~ 6 V"; VariantName = "[No Variations]"
Add component (AddParameter): Name = "VerifiedBy"; Value = "Jonathan Bouchard 2018-07-13"; VariantName = "[No Variations]"
Add component (AddParameter): Name = "Voltage Rating"; Value = "6 ~ 36 V"; VariantName = "[No Variations]"
Added Component: Designator=U2(REG_SWR_PTH08T241WAZ)
Add component (AddParameter): Name = "Assembly Note"; Value = ""; VariantName = "[No Variations]"
Add component (AddParameter): Name = "Assembly Type"; Value = "SMD"; VariantName = "[No Variations]"
Add component (AddParameter): Name = "CreatedBy/Date"; Value = "Olivier Bernard / 6/5/2018"; VariantName = "[No Variations]"
Add component (AddParameter): Name = "Cryo"; Value = "UNKNOWN"; VariantName = "[No Variations]"
Add component (AddParameter): Name = "Current Rating"; Value = "10A (out)"; VariantName = "[No Variations]"
Add component (AddParameter): Name = "HelpURL"; Value = "http://www.ti.com/lit/ds/symlink/pth08t241w.pdf"; VariantName = "[No Variations]"
Add component (AddParameter): Name = "Magnetic Material"; Value = "UNKNOWN"; VariantName = "[No Variations]"
Add component (AddParameter): Name = "Manufacturer #1"; Value = "Texas Instruments"; VariantName = "[No Variations]"
Add component (AddParameter): Name = "Manufacturer #2"; Value = ""; VariantName = "[No Variations]"
Add component (AddParameter): Name = "Note"; Value = ""; VariantName = "[No Variations]"
Add component (AddParameter): Name = "Package"; Value = "SMD"; VariantName = "[No Variations]"
Add component (AddParameter): Name = "Part Number #1"; Value = "PTH08T241WAZ"; VariantName = "[No Variations]"
Add component (AddParameter): Name = "Part Number #2"; Value = ""; VariantName = "[No Variations]"
Add component (AddParameter): Name = "Polarized"; Value = "Yes"; VariantName = "[No Variations]"
Add component (AddParameter): Name = "Power Max"; Value = ""; VariantName = "[No Variations]"
Add component (AddParameter): Name = "Supplier 1"; Value = "Digi-Key"; VariantName = "[No Variations]"
Add component (AddParameter): Name = "Supplier Part Number 1"; Value = "296-21339-ND"; VariantName = "[No Variations]"
Add component (AddParameter): Name = "Temperature"; Value = "-40°C ~ 85°C"; VariantName = "[No Variations]"
Add component (AddParameter): Name = "Value"; Value = ""; VariantName = "[No Variations]"
Add component (AddParameter): Name = "VerifiedBy"; Value = "Caroline Paulin / 10 juillet 2018"; VariantName = "[No Variations]"
Add component (AddParameter): Name = "Voltage rating"; Value = "4.5-14V (Input), 0.69 - 5.5V (Out)"; VariantName = "[No Variations]"
Added Component: Designator=U3(REG_SWR_PTN04050AAZT)
Add component (AddParameter): Name = "Assembly Note"; Value = ""; VariantName = "[No Variations]"
Add component (AddParameter): Name = "Assembly Type"; Value = "5-SMD"; VariantName = "[No Variations]"
Add component (AddParameter): Name = "CreatedBy/Date"; Value = "Ihsane Najahi 2019-09-25"; VariantName = "[No Variations]"
Add component (AddParameter): Name = "Cryo"; Value = "UNKNOWN"; VariantName = "[No Variations]"
Add component (AddParameter): Name = "Current Rating"; Value = "1A"; VariantName = "[No Variations]"
Add component (AddParameter): Name = "GRAMS Lib Spec"; Value = "2.8"; VariantName = "[No Variations]"
Add component (AddParameter): Name = "HelpURL"; Value = "http://www.ti.com/lit/ds/symlink/ptn04050a.pdf"; VariantName = "[No Variations]"
Add component (AddParameter): Name = "Magnetic Material"; Value = "Unknown"; VariantName = "[No Variations]"
Add component (AddParameter): Name = "Manufacturer #1"; Value = "Texas Instruments"; VariantName = "[No Variations]"
Add component (AddParameter): Name = "Manufacturer #2"; Value = ""; VariantName = "[No Variations]"
Add component (AddParameter): Name = "Note"; Value = ""; VariantName = "[No Variations]"
Add component (AddParameter): Name = "Package"; Value = "5-SMD"; VariantName = "[No Variations]"
Add component (AddParameter): Name = "Part Number #1"; Value = "PTN04050AAZT"; VariantName = "[No Variations]"
Add component (AddParameter): Name = "Part Number #2"; Value = ""; VariantName = "[No Variations]"
Add component (AddParameter): Name = "Polarized"; Value = "Yes"; VariantName = "[No Variations]"
Add component (AddParameter): Name = "Power Max"; Value = "6W"; VariantName = "[No Variations]"
Add component (AddParameter): Name = "Supplier 1"; Value = "Digi-Key"; VariantName = "[No Variations]"
Add component (AddParameter): Name = "Supplier Part Number 1"; Value = "296-32208-1-ND"; VariantName = "[No Variations]"
Add component (AddParameter): Name = "Temperature"; Value = "-40°C ~ 85°C"; VariantName = "[No Variations]"
Add component (AddParameter): Name = "Tolerance"; Value = ""; VariantName = "[No Variations]"
Add component (AddParameter): Name = "Value"; Value = "-15 ~ -3.3V"; VariantName = "[No Variations]"
Add component (AddParameter): Name = "VerifiedBy"; Value = "C.Paulin (9-10-2019)"; VariantName = "[No Variations]"
Add component (AddParameter): Name = "Voltage Rating"; Value = "2.9V~7Vin"; VariantName = "[No Variations]"
Added Component: Designator=U4(REG_SWR_LMZ23605TZE/NOPB)
Add component (AddParameter): Name = "Assembly Note"; Value = ""; VariantName = "[No Variations]"
Add component (AddParameter): Name = "Assembly Type"; Value = "SMD"; VariantName = "[No Variations]"
Add component (AddParameter): Name = "CreatedBy/Date"; Value = "Arnaud Samson - 05/07/18"; VariantName = "[No Variations]"
Add component (AddParameter): Name = "Cryo"; Value = "UNKNOWN"; VariantName = "[No Variations]"
Add component (AddParameter): Name = "Current Rating"; Value = "5A"; VariantName = "[No Variations]"
Add component (AddParameter): Name = "GRAMS Lib Spec"; Value = "2.8"; VariantName = "[No Variations]"
Add component (AddParameter): Name = "HelpURL"; Value = "http://www.ti.com/lit/ds/symlink/lmz23605.pdf"; VariantName = "[No Variations]"
Add component (AddParameter): Name = "Magnetic Material"; Value = "YES"; VariantName = "[No Variations]"
Add component (AddParameter): Name = "Manufacturer #1"; Value = "Texas Instruments"; VariantName = "[No Variations]"
Add component (AddParameter): Name = "Manufacturer #2"; Value = ""; VariantName = "[No Variations]"
Add component (AddParameter): Name = "Note"; Value = "One Reflow"; VariantName = "[No Variations]"
Add component (AddParameter): Name = "Package"; Value = "TO-PMOD-7"; VariantName = "[No Variations]"
Add component (AddParameter): Name = "Part Number #1"; Value = "LMZ23605TZE/NOPB"; VariantName = "[No Variations]"
Add component (AddParameter): Name = "Part Number #2"; Value = ""; VariantName = "[No Variations]"
Add component (AddParameter): Name = "Polarized"; Value = "YES"; VariantName = "[No Variations]"
Add component (AddParameter): Name = "Power Max"; Value = ""; VariantName = "[No Variations]"
Add component (AddParameter): Name = "Supplier 1"; Value = "Digi-Key"; VariantName = "[No Variations]"
Add component (AddParameter): Name = "Supplier Part Number 1"; Value = "296-35357-1-ND"; VariantName = "[No Variations]"
Add component (AddParameter): Name = "Temperature"; Value = "-40°C ~ 125°C"; VariantName = "[No Variations]"
Add component (AddParameter): Name = "Tolerance"; Value = ""; VariantName = "[No Variations]"
Add component (AddParameter): Name = "Value"; Value = "0.8 ~ 6 V"; VariantName = "[No Variations]"
Add component (AddParameter): Name = "VerifiedBy"; Value = "Jonathan Bouchard 2018-07-13"; VariantName = "[No Variations]"
Add component (AddParameter): Name = "Voltage Rating"; Value = "6 ~ 36 V"; VariantName = "[No Variations]"
Added Component: Designator=U5(REG_TPS7A4701RGWR)
Add component (AddParameter): Name = "Assembly Note"; Value = ""; VariantName = "[No Variations]"
Add component (AddParameter): Name = "Assembly Type"; Value = "SMD"; VariantName = "[No Variations]"
Add component (AddParameter): Name = "CreatedBy/Date"; Value = "L-P Gauthier / 2018-05-29"; VariantName = "[No Variations]"
Add component (AddParameter): Name = "Cryo"; Value = "UNKNOWN"; VariantName = "[No Variations]"
Add component (AddParameter): Name = "Current Rating"; Value = "1A"; VariantName = "[No Variations]"
Add component (AddParameter): Name = "GRAMS Lib Spec"; Value = "2.8"; VariantName = "[No Variations]"
Add component (AddParameter): Name = "HelpURL"; Value = "http://www.ti.com/lit/ds/symlink/tps7a47.pdf"; VariantName = "[No Variations]"
Add component (AddParameter): Name = "Magnetic Material"; Value = "Unknown"; VariantName = "[No Variations]"
Add component (AddParameter): Name = "Manufacturer #1"; Value = "Texas Instruments"; VariantName = "[No Variations]"
Add component (AddParameter): Name = "Manufacturer #2"; Value = "TBD"; VariantName = "[No Variations]"
Add component (AddParameter): Name = "Note"; Value = ""; VariantName = "[No Variations]"
Add component (AddParameter): Name = "Package"; Value = "20-VQFN Exposed Pad"; VariantName = "[No Variations]"
Add component (AddParameter): Name = "Part Number #1"; Value = "TPS7A4701RGWR"; VariantName = "[No Variations]"
Add component (AddParameter): Name = "Part Number #2"; Value = "TBD"; VariantName = "[No Variations]"
Add component (AddParameter): Name = "Polarized"; Value = "Yes"; VariantName = "[No Variations]"
Add component (AddParameter): Name = "Power Max"; Value = ""; VariantName = "[No Variations]"
Add component (AddParameter): Name = "Supplier 1"; Value = "Digi-Key"; VariantName = "[No Variations]"
Add component (AddParameter): Name = "Supplier Part Number 1"; Value = "296-37224-1-ND"; VariantName = "[No Variations]"
Add component (AddParameter): Name = "Temperature"; Value = "-40°C ~ 125°C"; VariantName = "[No Variations]"
Add component (AddParameter): Name = "Tolerance"; Value = "-"; VariantName = "[No Variations]"
Add component (AddParameter): Name = "Value"; Value = "1.4 à 34V"; VariantName = "[No Variations]"
Add component (AddParameter): Name = "VerifiedBy"; Value = "Caroline Paulin - 28 sept 2018"; VariantName = "[No Variations]"
Add component (AddParameter): Name = "Voltage rating"; Value = "35V max"; VariantName = "[No Variations]"
Added Component: Designator=U6(REG_LDO_TPS7A3301RGWR)
Add component (AddParameter): Name = "Assembly Note"; Value = ""; VariantName = "[No Variations]"
Add component (AddParameter): Name = "Assembly Type"; Value = "SMD"; VariantName = "[No Variations]"
Add component (AddParameter): Name = "CreatedBy/Date"; Value = "Keven Deslandes - 2018/10/11"; VariantName = "[No Variations]"
Add component (AddParameter): Name = "Cryo"; Value = "UNKNOWN"; VariantName = "[No Variations]"
Add component (AddParameter): Name = "Current Rating"; Value = "1A"; VariantName = "[No Variations]"
Add component (AddParameter): Name = "GRAMS Lib Spec"; Value = "2.8"; VariantName = "[No Variations]"
Add component (AddParameter): Name = "HelpURL"; Value = "http://www.ti.com/lit/ds/symlink/tps7a33.pdf"; VariantName = "[No Variations]"
Add component (AddParameter): Name = "Magnetic Material"; Value = "Unknown"; VariantName = "[No Variations]"
Add component (AddParameter): Name = "Manufacturer #1"; Value = "Texas Instruments"; VariantName = "[No Variations]"
Add component (AddParameter): Name = "Manufacturer #2"; Value = ""; VariantName = "[No Variations]"
Add component (AddParameter): Name = "Note"; Value = ""; VariantName = "[No Variations]"
Add component (AddParameter): Name = "Package"; Value = "20-VQFN"; VariantName = "[No Variations]"
Add component (AddParameter): Name = "Part Number #1"; Value = "TPS7A3301RGWR"; VariantName = "[No Variations]"
Add component (AddParameter): Name = "Part Number #2"; Value = ""; VariantName = "[No Variations]"
Add component (AddParameter): Name = "Polarized"; Value = "Yes"; VariantName = "[No Variations]"
Add component (AddParameter): Name = "Power Max"; Value = ""; VariantName = "[No Variations]"
Add component (AddParameter): Name = "Supplier 1"; Value = "Digi-Key"; VariantName = "[No Variations]"
Add component (AddParameter): Name = "Supplier Part Number 1"; Value = "296-39502-1-ND"; VariantName = "[No Variations]"
Add component (AddParameter): Name = "Temperature"; Value = "-40°C ~ 125°C"; VariantName = "[No Variations]"
Add component (AddParameter): Name = "Tolerance"; Value = ""; VariantName = "[No Variations]"
Add component (AddParameter): Name = "Value"; Value = "-1.18V~-33V"; VariantName = "[No Variations]"
Add component (AddParameter): Name = "VerifiedBy"; Value = "Caroline Paulin - 11/12/2018"; VariantName = "[No Variations]"
Add component (AddParameter): Name = "Voltage Rating"; Value = "-36V"; VariantName = "[No Variations]"
Added Component: Designator=U7(REG_LDO_NCP59744MN1ADJTBG)
Add component (AddParameter): Name = "Assembly Note"; Value = ""; VariantName = "[No Variations]"
Add component (AddParameter): Name = "Assembly Type"; Value = "SMD"; VariantName = "[No Variations]"
Add component (AddParameter): Name = "CreatedBy/Date"; Value = "Raphael Bouchard / 2019-06-07"; VariantName = "[No Variations]"
Add component (AddParameter): Name = "Cryo"; Value = "UNKNOWN"; VariantName = "[No Variations]"
Add component (AddParameter): Name = "Current Rating"; Value = "3A"; VariantName = "[No Variations]"
Add component (AddParameter): Name = "GRAMS Lib Spec"; Value = "2.8"; VariantName = "[No Variations]"
Add component (AddParameter): Name = "HelpURL"; Value = "https://www.onsemi.com/pub/Collateral/NCP59744-D.PDF"; VariantName = "[No Variations]"
Add component (AddParameter): Name = "Magnetic Material"; Value = "Unknown"; VariantName = "[No Variations]"
Add component (AddParameter): Name = "Manufacturer #1"; Value = "ON Semiconductor"; VariantName = "[No Variations]"
Add component (AddParameter): Name = "Manufacturer #2"; Value = "-"; VariantName = "[No Variations]"
Add component (AddParameter): Name = "Note"; Value = "-"; VariantName = "[No Variations]"
Add component (AddParameter): Name = "Package"; Value = "10-VFDFN"; VariantName = "[No Variations]"
Add component (AddParameter): Name = "Part Number #1"; Value = "NCP59744MN1ADJTBG"; VariantName = "[No Variations]"
Add component (AddParameter): Name = "Part Number #2"; Value = "-"; VariantName = "[No Variations]"
Add component (AddParameter): Name = "Polarized"; Value = "Yes"; VariantName = "[No Variations]"
Add component (AddParameter): Name = "Power Max"; Value = "10.8W"; VariantName = "[No Variations]"
Add component (AddParameter): Name = "Supplier 1"; Value = "Digi-Key"; VariantName = "[No Variations]"
Add component (AddParameter): Name = "Supplier Part Number 1"; Value = "NCP59744MN1ADJTBGOSCT-ND"; VariantName = "[No Variations]"
Add component (AddParameter): Name = "Temperature"; Value = "-40°C ~ 125°C (TJ)"; VariantName = "[No Variations]"
Add component (AddParameter): Name = "Tolerance"; Value = "-"; VariantName = "[No Variations]"
Add component (AddParameter): Name = "Value"; Value = "0.8V ~ 3.6V"; VariantName = "[No Variations]"
Add component (AddParameter): Name = "VerifiedBy"; Value = "C.Paulin - 13/06/2019"; VariantName = "[No Variations]"
Add component (AddParameter): Name = "Voltage Rating"; Value = "(Vout+VDO) ~ 5.5V"; VariantName = "[No Variations]"
Added Component: Designator=U8(REG_LDO_NCP59744MN1ADJTBG)
Add component (AddParameter): Name = "Assembly Note"; Value = ""; VariantName = "[No Variations]"
Add component (AddParameter): Name = "Assembly Type"; Value = "SMD"; VariantName = "[No Variations]"
Add component (AddParameter): Name = "CreatedBy/Date"; Value = "Raphael Bouchard / 2019-06-07"; VariantName = "[No Variations]"
Add component (AddParameter): Name = "Cryo"; Value = "UNKNOWN"; VariantName = "[No Variations]"
Add component (AddParameter): Name = "Current Rating"; Value = "3A"; VariantName = "[No Variations]"
Add component (AddParameter): Name = "GRAMS Lib Spec"; Value = "2.8"; VariantName = "[No Variations]"
Add component (AddParameter): Name = "HelpURL"; Value = "https://www.onsemi.com/pub/Collateral/NCP59744-D.PDF"; VariantName = "[No Variations]"
Add component (AddParameter): Name = "Magnetic Material"; Value = "Unknown"; VariantName = "[No Variations]"
Add component (AddParameter): Name = "Manufacturer #1"; Value = "ON Semiconductor"; VariantName = "[No Variations]"
Add component (AddParameter): Name = "Manufacturer #2"; Value = "-"; VariantName = "[No Variations]"
Add component (AddParameter): Name = "Note"; Value = "-"; VariantName = "[No Variations]"
Add component (AddParameter): Name = "Package"; Value = "10-VFDFN"; VariantName = "[No Variations]"
Add component (AddParameter): Name = "Part Number #1"; Value = "NCP59744MN1ADJTBG"; VariantName = "[No Variations]"
Add component (AddParameter): Name = "Part Number #2"; Value = "-"; VariantName = "[No Variations]"
Add component (AddParameter): Name = "Polarized"; Value = "Yes"; VariantName = "[No Variations]"
Add component (AddParameter): Name = "Power Max"; Value = "10.8W"; VariantName = "[No Variations]"
Add component (AddParameter): Name = "Supplier 1"; Value = "Digi-Key"; VariantName = "[No Variations]"
Add component (AddParameter): Name = "Supplier Part Number 1"; Value = "NCP59744MN1ADJTBGOSCT-ND"; VariantName = "[No Variations]"
Add component (AddParameter): Name = "Temperature"; Value = "-40°C ~ 125°C (TJ)"; VariantName = "[No Variations]"
Add component (AddParameter): Name = "Tolerance"; Value = "-"; VariantName = "[No Variations]"
Add component (AddParameter): Name = "Value"; Value = "0.8V ~ 3.6V"; VariantName = "[No Variations]"
Add component (AddParameter): Name = "VerifiedBy"; Value = "C.Paulin - 13/06/2019"; VariantName = "[No Variations]"
Add component (AddParameter): Name = "Voltage Rating"; Value = "(Vout+VDO) ~ 5.5V"; VariantName = "[No Variations]"
Added Component: Designator=U9(REG_LDO_NCP59744MN1ADJTBG)
Add component (AddParameter): Name = "Assembly Note"; Value = ""; VariantName = "[No Variations]"
Add component (AddParameter): Name = "Assembly Type"; Value = "SMD"; VariantName = "[No Variations]"
Add component (AddParameter): Name = "CreatedBy/Date"; Value = "Raphael Bouchard / 2019-06-07"; VariantName = "[No Variations]"
Add component (AddParameter): Name = "Cryo"; Value = "UNKNOWN"; VariantName = "[No Variations]"
Add component (AddParameter): Name = "Current Rating"; Value = "3A"; VariantName = "[No Variations]"
Add component (AddParameter): Name = "GRAMS Lib Spec"; Value = "2.8"; VariantName = "[No Variations]"
Add component (AddParameter): Name = "HelpURL"; Value = "https://www.onsemi.com/pub/Collateral/NCP59744-D.PDF"; VariantName = "[No Variations]"
Add component (AddParameter): Name = "Magnetic Material"; Value = "Unknown"; VariantName = "[No Variations]"
Add component (AddParameter): Name = "Manufacturer #1"; Value = "ON Semiconductor"; VariantName = "[No Variations]"
Add component (AddParameter): Name = "Manufacturer #2"; Value = "-"; VariantName = "[No Variations]"
Add component (AddParameter): Name = "Note"; Value = "-"; VariantName = "[No Variations]"
Add component (AddParameter): Name = "Package"; Value = "10-VFDFN"; VariantName = "[No Variations]"
Add component (AddParameter): Name = "Part Number #1"; Value = "NCP59744MN1ADJTBG"; VariantName = "[No Variations]"
Add component (AddParameter): Name = "Part Number #2"; Value = "-"; VariantName = "[No Variations]"
Add component (AddParameter): Name = "Polarized"; Value = "Yes"; VariantName = "[No Variations]"
Add component (AddParameter): Name = "Power Max"; Value = "10.8W"; VariantName = "[No Variations]"
Add component (AddParameter): Name = "Supplier 1"; Value = "Digi-Key"; VariantName = "[No Variations]"
Add component (AddParameter): Name = "Supplier Part Number 1"; Value = "NCP59744MN1ADJTBGOSCT-ND"; VariantName = "[No Variations]"
Add component (AddParameter): Name = "Temperature"; Value = "-40°C ~ 125°C (TJ)"; VariantName = "[No Variations]"
Add component (AddParameter): Name = "Tolerance"; Value = "-"; VariantName = "[No Variations]"
Add component (AddParameter): Name = "Value"; Value = "0.8V ~ 3.6V"; VariantName = "[No Variations]"
Add component (AddParameter): Name = "VerifiedBy"; Value = "C.Paulin - 13/06/2019"; VariantName = "[No Variations]"
Add component (AddParameter): Name = "Voltage Rating"; Value = "(Vout+VDO) ~ 5.5V"; VariantName = "[No Variations]"
Added Component: Designator=U10(REG_LDO_NCP59744MN1ADJTBG)
Add component (AddParameter): Name = "Assembly Note"; Value = ""; VariantName = "[No Variations]"
Add component (AddParameter): Name = "Assembly Type"; Value = "SMD"; VariantName = "[No Variations]"
Add component (AddParameter): Name = "CreatedBy/Date"; Value = "Raphael Bouchard / 2019-06-07"; VariantName = "[No Variations]"
Add component (AddParameter): Name = "Cryo"; Value = "UNKNOWN"; VariantName = "[No Variations]"
Add component (AddParameter): Name = "Current Rating"; Value = "3A"; VariantName = "[No Variations]"
Add component (AddParameter): Name = "GRAMS Lib Spec"; Value = "2.8"; VariantName = "[No Variations]"
Add component (AddParameter): Name = "HelpURL"; Value = "https://www.onsemi.com/pub/Collateral/NCP59744-D.PDF"; VariantName = "[No Variations]"
Add component (AddParameter): Name = "Magnetic Material"; Value = "Unknown"; VariantName = "[No Variations]"
Add component (AddParameter): Name = "Manufacturer #1"; Value = "ON Semiconductor"; VariantName = "[No Variations]"
Add component (AddParameter): Name = "Manufacturer #2"; Value = "-"; VariantName = "[No Variations]"
Add component (AddParameter): Name = "Note"; Value = "-"; VariantName = "[No Variations]"
Add component (AddParameter): Name = "Package"; Value = "10-VFDFN"; VariantName = "[No Variations]"
Add component (AddParameter): Name = "Part Number #1"; Value = "NCP59744MN1ADJTBG"; VariantName = "[No Variations]"
Add component (AddParameter): Name = "Part Number #2"; Value = "-"; VariantName = "[No Variations]"
Add component (AddParameter): Name = "Polarized"; Value = "Yes"; VariantName = "[No Variations]"
Add component (AddParameter): Name = "Power Max"; Value = "10.8W"; VariantName = "[No Variations]"
Add component (AddParameter): Name = "Supplier 1"; Value = "Digi-Key"; VariantName = "[No Variations]"
Add component (AddParameter): Name = "Supplier Part Number 1"; Value = "NCP59744MN1ADJTBGOSCT-ND"; VariantName = "[No Variations]"
Add component (AddParameter): Name = "Temperature"; Value = "-40°C ~ 125°C (TJ)"; VariantName = "[No Variations]"
Add component (AddParameter): Name = "Tolerance"; Value = "-"; VariantName = "[No Variations]"
Add component (AddParameter): Name = "Value"; Value = "0.8V ~ 3.6V"; VariantName = "[No Variations]"
Add component (AddParameter): Name = "VerifiedBy"; Value = "C.Paulin - 13/06/2019"; VariantName = "[No Variations]"
Add component (AddParameter): Name = "Voltage Rating"; Value = "(Vout+VDO) ~ 5.5V"; VariantName = "[No Variations]"
Added Component: Designator=U11(REG_LDO_NCP59744MN1ADJTBG)
Add component (AddParameter): Name = "Assembly Note"; Value = ""; VariantName = "[No Variations]"
Add component (AddParameter): Name = "Assembly Type"; Value = "SMD"; VariantName = "[No Variations]"
Add component (AddParameter): Name = "CreatedBy/Date"; Value = "Raphael Bouchard / 2019-06-07"; VariantName = "[No Variations]"
Add component (AddParameter): Name = "Cryo"; Value = "UNKNOWN"; VariantName = "[No Variations]"
Add component (AddParameter): Name = "Current Rating"; Value = "3A"; VariantName = "[No Variations]"
Add component (AddParameter): Name = "GRAMS Lib Spec"; Value = "2.8"; VariantName = "[No Variations]"
Add component (AddParameter): Name = "HelpURL"; Value = "https://www.onsemi.com/pub/Collateral/NCP59744-D.PDF"; VariantName = "[No Variations]"
Add component (AddParameter): Name = "Magnetic Material"; Value = "Unknown"; VariantName = "[No Variations]"
Add component (AddParameter): Name = "Manufacturer #1"; Value = "ON Semiconductor"; VariantName = "[No Variations]"
Add component (AddParameter): Name = "Manufacturer #2"; Value = "-"; VariantName = "[No Variations]"
Add component (AddParameter): Name = "Note"; Value = "-"; VariantName = "[No Variations]"
Add component (AddParameter): Name = "Package"; Value = "10-VFDFN"; VariantName = "[No Variations]"
Add component (AddParameter): Name = "Part Number #1"; Value = "NCP59744MN1ADJTBG"; VariantName = "[No Variations]"
Add component (AddParameter): Name = "Part Number #2"; Value = "-"; VariantName = "[No Variations]"
Add component (AddParameter): Name = "Polarized"; Value = "Yes"; VariantName = "[No Variations]"
Add component (AddParameter): Name = "Power Max"; Value = "10.8W"; VariantName = "[No Variations]"
Add component (AddParameter): Name = "Supplier 1"; Value = "Digi-Key"; VariantName = "[No Variations]"
Add component (AddParameter): Name = "Supplier Part Number 1"; Value = "NCP59744MN1ADJTBGOSCT-ND"; VariantName = "[No Variations]"
Add component (AddParameter): Name = "Temperature"; Value = "-40°C ~ 125°C (TJ)"; VariantName = "[No Variations]"
Add component (AddParameter): Name = "Tolerance"; Value = "-"; VariantName = "[No Variations]"
Add component (AddParameter): Name = "Value"; Value = "0.8V ~ 3.6V"; VariantName = "[No Variations]"
Add component (AddParameter): Name = "VerifiedBy"; Value = "C.Paulin - 13/06/2019"; VariantName = "[No Variations]"
Add component (AddParameter): Name = "Voltage Rating"; Value = "(Vout+VDO) ~ 5.5V"; VariantName = "[No Variations]"
Added Component: Designator=U12(SON50P300X300X80-11N)
Add component (AddParameter): Name = "Check_prices"; Value = "https://www.snapeda.com/parts/MAX15027ATB+T/Maxim+Integrated/view-part/?ref=eda"; VariantName = "[No Variations]"
Add component (AddParameter): Name = "MF"; Value = "Maxim Integrated Products"; VariantName = "[No Variations]"
Add component (AddParameter): Name = "MP"; Value = "MAX15027ATB+T"; VariantName = "[No Variations]"
Add component (AddParameter): Name = "Package"; Value = "TDFN-EP-10 Maxim"; VariantName = "[No Variations]"
Add component (AddParameter): Name = "SnapEDA_Link"; Value = "https://www.snapeda.com/parts/MAX15027ATB+T/Maxim+Integrated/view-part/?ref=snap"; VariantName = "[No Variations]"
Add component (AddParameter): Name = "Value"; Value = ""; VariantName = "[No Variations]"
Added Component: Designator=U13(FPGA_XILINX_FGG676)
Add component (AddParameter): Name = "CreatedBy"; Value = "Jonathan Bouchard"; VariantName = "[No Variations]"
Add component (AddParameter): Name = "Current"; Value = ""; VariantName = "[No Variations]"
Add component (AddParameter): Name = "FootprintNameOK"; Value = ""; VariantName = "[No Variations]"
Add component (AddParameter): Name = "HelpURL"; Value = "https://www.xilinx.com/support/documentation/data_sheets/ds162.pdf"; VariantName = "[No Variations]"
Add component (AddParameter): Name = "Mfg"; Value = "Xilinx"; VariantName = "[No Variations]"
Add component (AddParameter): Name = "Mfg Part Number"; Value = "XC6SLX100-3FGG676C"; VariantName = "[No Variations]"
Add component (AddParameter): Name = "NI"; Value = ""; VariantName = "[No Variations]"
Add component (AddParameter): Name = "Package"; Value = "BGA-676"; VariantName = "[No Variations]"
Add component (AddParameter): Name = "Power"; Value = ""; VariantName = "[No Variations]"
Add component (AddParameter): Name = "Precision"; Value = ""; VariantName = "[No Variations]"
Add component (AddParameter): Name = "Supplier 1"; Value = "Digikey"; VariantName = "[No Variations]"
Add component (AddParameter): Name = "Supplier Part Number 1"; Value = "122-1760-ND"; VariantName = "[No Variations]"
Add component (AddParameter): Name = "Temperature"; Value = "0°C ~ 85°C (TJ)"; VariantName = "[No Variations]"
Add component (AddParameter): Name = "Value"; Value = ""; VariantName = "[No Variations]"
Add component (AddParameter): Name = "VerifiedBy"; Value = ""; VariantName = "[No Variations]"
Add component (AddParameter): Name = "Voltage"; Value = "1.14 V ~ 1.26 V"; VariantName = "[No Variations]"
Added Component: Designator=U14(TIM_CDCE62005RGZT)
Add component (AddParameter): Name = "CreatedBy"; Value = "Jonathan Bouchard"; VariantName = "[No Variations]"
Add component (AddParameter): Name = "Current"; Value = ""; VariantName = "[No Variations]"
Add component (AddParameter): Name = "FootprintNameOK"; Value = ""; VariantName = "[No Variations]"
Add component (AddParameter): Name = "HelpURL"; Value = "http://www.ti.com/lit/ds/symlink/cdce62005.pdf"; VariantName = "[No Variations]"
Add component (AddParameter): Name = "Mfg"; Value = "Texas Instruments"; VariantName = "[No Variations]"
Add component (AddParameter): Name = "Mfg Part Number"; Value = "CDCE62005RGZT"; VariantName = "[No Variations]"
Add component (AddParameter): Name = "NI"; Value = ""; VariantName = "[No Variations]"
Add component (AddParameter): Name = "Package"; Value = "QFN-48"; VariantName = "[No Variations]"
Add component (AddParameter): Name = "Power"; Value = ""; VariantName = "[No Variations]"
Add component (AddParameter): Name = "Precision"; Value = ""; VariantName = "[No Variations]"
Add component (AddParameter): Name = "Supplier 1"; Value = "Digikey"; VariantName = "[No Variations]"
Add component (AddParameter): Name = "Supplier Part Number 1"; Value = "296-23947-1-ND"; VariantName = "[No Variations]"
Add component (AddParameter): Name = "Temperature"; Value = "-40°C ~ 85°C"; VariantName = "[No Variations]"
Add component (AddParameter): Name = "Value"; Value = ""; VariantName = "[No Variations]"
Add component (AddParameter): Name = "VerifiedBy"; Value = ""; VariantName = "[No Variations]"
Add component (AddParameter): Name = "Voltage"; Value = "3 V ~ 3.6 V"; VariantName = "[No Variations]"
Added Component: Designator=U15(COM_ETH_PHY_KSZ8091MNXCA)
Add component (AddParameter): Name = "CreatedBy"; Value = "Jonathan Bouchard"; VariantName = "[No Variations]"
Add component (AddParameter): Name = "Current"; Value = ""; VariantName = "[No Variations]"
Add component (AddParameter): Name = "FootprintNameOK"; Value = ""; VariantName = "[No Variations]"
Add component (AddParameter): Name = "HelpURL"; Value = "http://ww1.microchip.com/downloads/en/DeviceDoc/00002275A.pdf"; VariantName = "[No Variations]"
Add component (AddParameter): Name = "Mfg"; Value = "Micrel"; VariantName = "[No Variations]"
Add component (AddParameter): Name = "Mfg Part Number"; Value = "KSZ8091MNXCA"; VariantName = "[No Variations]"
Add component (AddParameter): Name = "NI"; Value = ""; VariantName = "[No Variations]"
Add component (AddParameter): Name = "Package"; Value = "QFN-32"; VariantName = "[No Variations]"
Add component (AddParameter): Name = "Power"; Value = ""; VariantName = "[No Variations]"
Add component (AddParameter): Name = "Precision"; Value = ""; VariantName = "[No Variations]"
Add component (AddParameter): Name = "Supplier 1"; Value = "Digikey"; VariantName = "[No Variations]"
Add component (AddParameter): Name = "Supplier Part Number 1"; Value = "576-4356-ND"; VariantName = "[No Variations]"
Add component (AddParameter): Name = "Temperature"; Value = "0°C ~ 70°C"; VariantName = "[No Variations]"
Add component (AddParameter): Name = "Value"; Value = ""; VariantName = "[No Variations]"
Add component (AddParameter): Name = "VerifiedBy"; Value = ""; VariantName = "[No Variations]"
Add component (AddParameter): Name = "Voltage"; Value = "1.8V, 2.5V, 3.3V"; VariantName = "[No Variations]"
Added Component: Designator=U16(MEM_DDR3_MT41J128M16JT-125)
Add component (AddParameter): Name = "CreatedBy"; Value = "Jonathan Bouchard"; VariantName = "[No Variations]"
Add component (AddParameter): Name = "Current"; Value = ""; VariantName = "[No Variations]"
Add component (AddParameter): Name = "FootprintNameOK"; Value = ""; VariantName = "[No Variations]"
Add component (AddParameter): Name = "HelpURL"; Value = "http://www.micron.com/~/media/Documents/Products/Data%20Sheet/DRAM/DDR3/2Gb_DDR3_SDRAM.pdf"; VariantName = "[No Variations]"
Add component (AddParameter): Name = "Mfg"; Value = "Micrel"; VariantName = "[No Variations]"
Add component (AddParameter): Name = "Mfg Part Number"; Value = "MT41J128M16JT-125"; VariantName = "[No Variations]"
Add component (AddParameter): Name = "NI"; Value = ""; VariantName = "[No Variations]"
Add component (AddParameter): Name = "Package"; Value = "TFBGA-96"; VariantName = "[No Variations]"
Add component (AddParameter): Name = "Power"; Value = ""; VariantName = "[No Variations]"
Add component (AddParameter): Name = "Precision"; Value = ""; VariantName = "[No Variations]"
Add component (AddParameter): Name = "Supplier 1"; Value = "Digikey"; VariantName = "[No Variations]"
Add component (AddParameter): Name = "Supplier Part Number 1"; Value = "557-1611-1-ND"; VariantName = "[No Variations]"
Add component (AddParameter): Name = "Temperature"; Value = "0°C ~ 95°C (TC)"; VariantName = "[No Variations]"
Add component (AddParameter): Name = "Value"; Value = ""; VariantName = "[No Variations]"
Add component (AddParameter): Name = "VerifiedBy"; Value = ""; VariantName = "[No Variations]"
Add component (AddParameter): Name = "Voltage"; Value = "1.425 V ~ 1.575 V"; VariantName = "[No Variations]"
Added Component: Designator=U17(SEN_TEMP_TC74A0-3.3VCTTR)
Add component (AddParameter): Name = "CreatedBy"; Value = "Jonathan Bouchard"; VariantName = "[No Variations]"
Add component (AddParameter): Name = "Current"; Value = ""; VariantName = "[No Variations]"
Add component (AddParameter): Name = "FootprintNameOK"; Value = ""; VariantName = "[No Variations]"
Add component (AddParameter): Name = "HelpURL"; Value = "http://ww1.microchip.com/downloads/en/DeviceDoc/21462D.pdf"; VariantName = "[No Variations]"
Add component (AddParameter): Name = "Mfg"; Value = "Microchip"; VariantName = "[No Variations]"
Add component (AddParameter): Name = "Mfg Part Number"; Value = "TC74A0-3.3VCTTR"; VariantName = "[No Variations]"
Add component (AddParameter): Name = "NI"; Value = ""; VariantName = "[No Variations]"
Add component (AddParameter): Name = "Package"; Value = "SOT23-5"; VariantName = "[No Variations]"
Add component (AddParameter): Name = "Power"; Value = ""; VariantName = "[No Variations]"
Add component (AddParameter): Name = "Precision"; Value = "±2°C (±3°C)"; VariantName = "[No Variations]"
Add component (AddParameter): Name = "Supplier 1"; Value = "Digikey"; VariantName = "[No Variations]"
Add component (AddParameter): Name = "Supplier Part Number 1"; Value = "TC74A0-3.3VCTDKR-ND"; VariantName = "[No Variations]"
Add component (AddParameter): Name = "Temperature"; Value = "-40°C ~ 125°C"; VariantName = "[No Variations]"
Add component (AddParameter): Name = "Value"; Value = ""; VariantName = "[No Variations]"
Add component (AddParameter): Name = "VerifiedBy"; Value = ""; VariantName = "[No Variations]"
Add component (AddParameter): Name = "Voltage"; Value = "2.7 V ~ 5.5 V"; VariantName = "[No Variations]"
Added Component: Designator=U18(SEN_TEMP_TC74A0-3.3VCTTR)
Add component (AddParameter): Name = "CreatedBy"; Value = "Jonathan Bouchard"; VariantName = "[No Variations]"
Add component (AddParameter): Name = "Current"; Value = ""; VariantName = "[No Variations]"
Add component (AddParameter): Name = "FootprintNameOK"; Value = ""; VariantName = "[No Variations]"
Add component (AddParameter): Name = "HelpURL"; Value = "http://ww1.microchip.com/downloads/en/DeviceDoc/21462D.pdf"; VariantName = "[No Variations]"
Add component (AddParameter): Name = "Mfg"; Value = "Microchip"; VariantName = "[No Variations]"
Add component (AddParameter): Name = "Mfg Part Number"; Value = "TC74A0-3.3VCTTR"; VariantName = "[No Variations]"
Add component (AddParameter): Name = "NI"; Value = ""; VariantName = "[No Variations]"
Add component (AddParameter): Name = "Package"; Value = "SOT23-5"; VariantName = "[No Variations]"
Add component (AddParameter): Name = "Power"; Value = ""; VariantName = "[No Variations]"
Add component (AddParameter): Name = "Precision"; Value = "±2°C (±3°C)"; VariantName = "[No Variations]"
Add component (AddParameter): Name = "Supplier 1"; Value = "Digikey"; VariantName = "[No Variations]"
Add component (AddParameter): Name = "Supplier Part Number 1"; Value = "TC74A0-3.3VCTDKR-ND"; VariantName = "[No Variations]"
Add component (AddParameter): Name = "Temperature"; Value = "-40°C ~ 125°C"; VariantName = "[No Variations]"
Add component (AddParameter): Name = "Value"; Value = ""; VariantName = "[No Variations]"
Add component (AddParameter): Name = "VerifiedBy"; Value = ""; VariantName = "[No Variations]"
Add component (AddParameter): Name = "Voltage"; Value = "2.7 V ~ 5.5 V"; VariantName = "[No Variations]"
Added Component: Designator=U19(POW_MOTOR_DRV8811PWPR)
Add component (AddParameter): Name = "CreatedBy"; Value = "Jonathan Bouchard"; VariantName = "[No Variations]"
Add component (AddParameter): Name = "Current"; Value = ""; VariantName = "[No Variations]"
Add component (AddParameter): Name = "FootprintNameOK"; Value = ""; VariantName = "[No Variations]"
Add component (AddParameter): Name = "HelpURL"; Value = "http://www.ti.com/lit/ds/symlink/drv8811.pdf"; VariantName = "[No Variations]"
Add component (AddParameter): Name = "Mfg"; Value = "Texas Instrument"; VariantName = "[No Variations]"
Add component (AddParameter): Name = "Mfg Part Number"; Value = "DRV8811PWPR"; VariantName = "[No Variations]"
Add component (AddParameter): Name = "NI"; Value = ""; VariantName = "[No Variations]"
Add component (AddParameter): Name = "Package"; Value = "SOP-28"; VariantName = "[No Variations]"
Add component (AddParameter): Name = "Power"; Value = ""; VariantName = "[No Variations]"
Add component (AddParameter): Name = "Precision"; Value = ""; VariantName = "[No Variations]"
Add component (AddParameter): Name = "Supplier 1"; Value = "Digikey"; VariantName = "[No Variations]"
Add component (AddParameter): Name = "Supplier Part Number 1"; Value = "296-24591-1-ND"; VariantName = "[No Variations]"
Add component (AddParameter): Name = "Temperature"; Value = "-40°C ~ 150°C (TJ)"; VariantName = "[No Variations]"
Add component (AddParameter): Name = "Value"; Value = ""; VariantName = "[No Variations]"
Add component (AddParameter): Name = "VerifiedBy"; Value = ""; VariantName = "[No Variations]"
Add component (AddParameter): Name = "Voltage"; Value = "3 V ~ 5.5 V / 8 V ~ 38 V"; VariantName = "[No Variations]"
Added Component: Designator=U20(SOP8L_200MIL_6110-1406_MAC)
Add component (AddParameter): Name = "Copyright"; Value = "Copyright (C) 2025 Ultra Librarian. All rights reserved."; VariantName = "[No Variations]"
Add component (AddParameter): Name = "Manufacturer_Name"; Value = "Macronix"; VariantName = "[No Variations]"
Add component (AddParameter): Name = "Manufacturer_Part_Number"; Value = "MX25L3206EM2I-12G"; VariantName = "[No Variations]"
Add component (AddParameter): Name = "RefDes"; Value = "RefDes"; VariantName = "[No Variations]"
Add component (AddParameter): Name = "Type"; Value = "Type"; VariantName = "[No Variations]"
Added Component: Designator=U21(ADC_ADS62P48IRGCT)
Add component (AddParameter): Name = "CreatedBy"; Value = "Jonathan Bouchard"; VariantName = "[No Variations]"
Add component (AddParameter): Name = "Current"; Value = ""; VariantName = "[No Variations]"
Add component (AddParameter): Name = "FootprintNameOK"; Value = ""; VariantName = "[No Variations]"
Add component (AddParameter): Name = "HelpURL"; Value = "http://www.ti.com/lit/ds/symlink/ads62p48.pdf"; VariantName = "[No Variations]"
Add component (AddParameter): Name = "Mfg"; Value = "Texas Instruments"; VariantName = "[No Variations]"
Add component (AddParameter): Name = "Mfg Part Number"; Value = "ADS62P48IRGCT"; VariantName = "[No Variations]"
Add component (AddParameter): Name = "NI"; Value = ""; VariantName = "[No Variations]"
Add component (AddParameter): Name = "Package"; Value = "VQFN-64"; VariantName = "[No Variations]"
Add component (AddParameter): Name = "Power"; Value = ""; VariantName = "[No Variations]"
Add component (AddParameter): Name = "Precision"; Value = "14 Bit"; VariantName = "[No Variations]"
Add component (AddParameter): Name = "Supplier 1"; Value = "Digikey"; VariantName = "[No Variations]"
Add component (AddParameter): Name = "Supplier Part Number 1"; Value = "296-24611-1-ND"; VariantName = "[No Variations]"
Add component (AddParameter): Name = "Temperature"; Value = "-40°C ~ 85°C"; VariantName = "[No Variations]"
Add component (AddParameter): Name = "Value"; Value = ""; VariantName = "[No Variations]"
Add component (AddParameter): Name = "VerifiedBy"; Value = ""; VariantName = "[No Variations]"
Add component (AddParameter): Name = "Voltage"; Value = "3.15 V ~ 3.6 V / 1.7 V ~ 1.9 V"; VariantName = "[No Variations]"
Added Component: Designator=U22(OPAMP_ADA4927-2YCPZ-R2)
Add component (AddParameter): Name = "CreatedBy"; Value = "Jonathan Bouchard"; VariantName = "[No Variations]"
Add component (AddParameter): Name = "Current"; Value = "65mA"; VariantName = "[No Variations]"
Add component (AddParameter): Name = "FootprintNameOK"; Value = ""; VariantName = "[No Variations]"
Add component (AddParameter): Name = "HelpURL"; Value = "http://www.analog.com/media/en/technical-documentation/data-sheets/ADA4927-1_4927-2.pdf"; VariantName = "[No Variations]"
Add component (AddParameter): Name = "Mfg"; Value = "Analog Devices"; VariantName = "[No Variations]"
Add component (AddParameter): Name = "Mfg Part Number"; Value = "ADA4927-2YCPZ-R2"; VariantName = "[No Variations]"
Add component (AddParameter): Name = "NI"; Value = ""; VariantName = "[No Variations]"
Add component (AddParameter): Name = "Package"; Value = "QFN-24"; VariantName = "[No Variations]"
Add component (AddParameter): Name = "Power"; Value = ""; VariantName = "[No Variations]"
Add component (AddParameter): Name = "Precision"; Value = ""; VariantName = "[No Variations]"
Add component (AddParameter): Name = "Supplier 1"; Value = "Digikey"; VariantName = "[No Variations]"
Add component (AddParameter): Name = "Supplier Part Number 1"; Value = "ADA4927-2YCPZ-R2CT-ND"; VariantName = "[No Variations]"
Add component (AddParameter): Name = "Temperature"; Value = "-40°C ~ 105°C"; VariantName = "[No Variations]"
Add component (AddParameter): Name = "Value"; Value = ""; VariantName = "[No Variations]"
Add component (AddParameter): Name = "VerifiedBy"; Value = ""; VariantName = "[No Variations]"
Add component (AddParameter): Name = "Voltage"; Value = "4.5 V ~ 11 V, ±2.25 V ~ 5.5 V"; VariantName = "[No Variations]"
Added Component: Designator=U23(DAC_AD9146BCPZ)
Add component (AddParameter): Name = "CreatedBy"; Value = "Jonathan Bouchard"; VariantName = "[No Variations]"
Add component (AddParameter): Name = "Current"; Value = ""; VariantName = "[No Variations]"
Add component (AddParameter): Name = "FootprintNameOK"; Value = ""; VariantName = "[No Variations]"
Add component (AddParameter): Name = "HelpURL"; Value = "http://www.analog.com/media/en/technical-documentation/data-sheets/AD9146.PDF"; VariantName = "[No Variations]"
Add component (AddParameter): Name = "Mfg"; Value = "Analog Devices Inc."; VariantName = "[No Variations]"
Add component (AddParameter): Name = "Mfg Part Number"; Value = "AD9146BCPZ"; VariantName = "[No Variations]"
Add component (AddParameter): Name = "NI"; Value = ""; VariantName = "[No Variations]"
Add component (AddParameter): Name = "Package"; Value = "QFN-48"; VariantName = "[No Variations]"
Add component (AddParameter): Name = "Power"; Value = ""; VariantName = "[No Variations]"
Add component (AddParameter): Name = "Precision"; Value = "16 Bit"; VariantName = "[No Variations]"
Add component (AddParameter): Name = "Supplier 1"; Value = "Digikey"; VariantName = "[No Variations]"
Add component (AddParameter): Name = "Supplier Part Number 1"; Value = "AD9146BCPZ-ND"; VariantName = "[No Variations]"
Add component (AddParameter): Name = "Temperature"; Value = "-40°C ~ 85°C"; VariantName = "[No Variations]"
Add component (AddParameter): Name = "Value"; Value = ""; VariantName = "[No Variations]"
Add component (AddParameter): Name = "VerifiedBy"; Value = ""; VariantName = "[No Variations]"
Add component (AddParameter): Name = "Voltage"; Value = "3.13 V ~ 3.47 V / 1.71 V ~ 1.89 V"; VariantName = "[No Variations]"
Added Component: Designator=U24(OPAMP_AD8056ARMZ)
Add component (AddParameter): Name = "CreatedBy"; Value = "Jonathan Bouchard"; VariantName = "[No Variations]"
Add component (AddParameter): Name = "Current"; Value = "60mA"; VariantName = "[No Variations]"
Add component (AddParameter): Name = "FootprintNameOK"; Value = ""; VariantName = "[No Variations]"
Add component (AddParameter): Name = "HelpURL"; Value = "http://www.analog.com/media/en/technical-documentation/data-sheets/AD8055_8056.pdf"; VariantName = "[No Variations]"
Add component (AddParameter): Name = "Mfg"; Value = "Analog Devices"; VariantName = "[No Variations]"
Add component (AddParameter): Name = "Mfg Part Number"; Value = "AD8056ARMZ"; VariantName = "[No Variations]"
Add component (AddParameter): Name = "NI"; Value = ""; VariantName = "[No Variations]"
Add component (AddParameter): Name = "Package"; Value = "MSOP-8"; VariantName = "[No Variations]"
Add component (AddParameter): Name = "Power"; Value = ""; VariantName = "[No Variations]"
Add component (AddParameter): Name = "Precision"; Value = ""; VariantName = "[No Variations]"
Add component (AddParameter): Name = "Supplier 1"; Value = "Digikey"; VariantName = "[No Variations]"
Add component (AddParameter): Name = "Supplier Part Number 1"; Value = "AD8056ARMZ-REEL7CT-ND"; VariantName = "[No Variations]"
Add component (AddParameter): Name = "Temperature"; Value = "-40°C ~ 125°C"; VariantName = "[No Variations]"
Add component (AddParameter): Name = "Value"; Value = ""; VariantName = "[No Variations]"
Add component (AddParameter): Name = "VerifiedBy"; Value = ""; VariantName = "[No Variations]"
Add component (AddParameter): Name = "Voltage"; Value = "8 V ~ 12 V, ±4 V ~ 6 V"; VariantName = "[No Variations]"
Added Component: Designator=U25(SOIC127P700X200-4N)
Add component (AddParameter): Name = "Check_prices"; Value = "https://www.snapeda.com/parts/EL3H7(TA)-VG/Everlight/view-part/?ref=eda"; VariantName = "[No Variations]"
Add component (AddParameter): Name = "MF"; Value = "Everlight Electronics"; VariantName = "[No Variations]"
Add component (AddParameter): Name = "MP"; Value = "EL3H7(TA)-VG"; VariantName = "[No Variations]"
Add component (AddParameter): Name = "Package"; Value = "SSOP-4 Everlight"; VariantName = "[No Variations]"
Add component (AddParameter): Name = "SnapEDA_Link"; Value = "https://www.snapeda.com/parts/EL3H7(TA)-VG/Everlight/view-part/?ref=snap"; VariantName = "[No Variations]"
Add component (AddParameter): Name = "Value"; Value = ""; VariantName = "[No Variations]"
Added Component: Designator=Y1(OSC_590BD-BDG)
Add component (AddParameter): Name = "Assembly Note"; Value = ""; VariantName = "[No Variations]"
Add component (AddParameter): Name = "Assembly Type"; Value = "SMD"; VariantName = "[No Variations]"
Add component (AddParameter): Name = "CreatedBy/Date"; Value = "from 590BD-CDG"; VariantName = "[No Variations]"
Add component (AddParameter): Name = "Cryo"; Value = "UNKNOWN"; VariantName = "[No Variations]"
Add component (AddParameter): Name = "Current Rating"; Value = "100 mA (supply)"; VariantName = "[No Variations]"
Add component (AddParameter): Name = "GRAMS Lib Spec"; Value = "2.8"; VariantName = "[No Variations]"
Add component (AddParameter): Name = "HelpURL"; Value = "https://www.silabs.com/documents/public/data-sheets/Si590-591.pdf"; VariantName = "[No Variations]"
Add component (AddParameter): Name = "Magnetic Material"; Value = "UNKNOWN"; VariantName = "[No Variations]"
Add component (AddParameter): Name = "Manufacturer #1"; Value = "Silicon Labs"; VariantName = "[No Variations]"
Add component (AddParameter): Name = "Manufacturer #2"; Value = ""; VariantName = "[No Variations]"
Add component (AddParameter): Name = "Note"; Value = "Spécifié la fréquence lors de la commande"; VariantName = "[No Variations]"
Add component (AddParameter): Name = "Package"; Value = "6-SMD"; VariantName = "[No Variations]"
Add component (AddParameter): Name = "Part Number #1"; Value = "590BD-BDG"; VariantName = "[No Variations]"
Add component (AddParameter): Name = "Part Number #2"; Value = ""; VariantName = "[No Variations]"
Add component (AddParameter): Name = "Polarized"; Value = "Yes"; VariantName = "[No Variations]"
Add component (AddParameter): Name = "Power Max"; Value = ""; VariantName = "[No Variations]"
Add component (AddParameter): Name = "Supplier 1"; Value = "Digi-Key"; VariantName = "[No Variations]"
Add component (AddParameter): Name = "Supplier Part Number 1"; Value = "590BD-BDG-ND"; VariantName = "[No Variations]"
Add component (AddParameter): Name = "Temperature"; Value = "-40°C ~ 85°C"; VariantName = "[No Variations]"
Add component (AddParameter): Name = "Tolerance"; Value = ""; VariantName = "[No Variations]"
Add component (AddParameter): Name = "Value"; Value = "±7ppm (freq Stability), ±20ppm (freq stability total)"; VariantName = "[No Variations]"
Add component (AddParameter): Name = "VerifiedBy"; Value = "Caroline Paulin / 3/10/2019"; VariantName = "[No Variations]"
Add component (AddParameter): Name = "Voltage rating"; Value = "3.3V (supply)"; VariantName = "[No Variations]"
Added Component: Designator=Y2(OSC_ASDMB-25.000MHZ-LC-T)
Add component (AddParameter): Name = "Assembly Note"; Value = ""; VariantName = "[No Variations]"
Add component (AddParameter): Name = "Assembly Type"; Value = "SMD"; VariantName = "[No Variations]"
Add component (AddParameter): Name = "CreatedBy/Date"; Value = "Joël Lemay 2019-03-29"; VariantName = "[No Variations]"
Add component (AddParameter): Name = "Cryo"; Value = "UNKNOWN"; VariantName = "[No Variations]"
Add component (AddParameter): Name = "Current Rating"; Value = ""; VariantName = "[No Variations]"
Add component (AddParameter): Name = "GRAMS Lib Spec"; Value = "2.8"; VariantName = "[No Variations]"
Add component (AddParameter): Name = "HelpURL"; Value = "https://abracon.com/Oscillators/ASDMB.pdf"; VariantName = "[No Variations]"
Add component (AddParameter): Name = "Magnetic Material"; Value = "Unknown"; VariantName = "[No Variations]"
Add component (AddParameter): Name = "Manufacturer #1"; Value = "Abracon LLC"; VariantName = "[No Variations]"
Add component (AddParameter): Name = "Manufacturer #2"; Value = ""; VariantName = "[No Variations]"
Add component (AddParameter): Name = "Note"; Value = ""; VariantName = "[No Variations]"
Add component (AddParameter): Name = "Package"; Value = "4-SMD, No Lead"; VariantName = "[No Variations]"
Add component (AddParameter): Name = "Part Number #1"; Value = "ASDMB-25.000MHZ-LC-T"; VariantName = "[No Variations]"
Add component (AddParameter): Name = "Part Number #2"; Value = ""; VariantName = "[No Variations]"
Add component (AddParameter): Name = "Polarized"; Value = "Yes"; VariantName = "[No Variations]"
Add component (AddParameter): Name = "Power Max"; Value = ""; VariantName = "[No Variations]"
Add component (AddParameter): Name = "Supplier 1"; Value = "Digi-Key"; VariantName = "[No Variations]"
Add component (AddParameter): Name = "Supplier Part Number 1"; Value = "535-11730-1-ND"; VariantName = "[No Variations]"
Add component (AddParameter): Name = "Temperature"; Value = "-40°C ~ +85°C"; VariantName = "[No Variations]"
Add component (AddParameter): Name = "Tolerance"; Value = "±50ppm"; VariantName = "[No Variations]"
Add component (AddParameter): Name = "Value"; Value = "25MHz"; VariantName = "[No Variations]"
Add component (AddParameter): Name = "VerifiedBy"; Value = "C. Paulin - 29 mai 2019"; VariantName = "[No Variations]"
Add component (AddParameter): Name = "Voltage Rating"; Value = "1.8V ~ 3.3V"; VariantName = "[No Variations]"
Added Pin To Net: NetName=-5V5 Pin=C11-2
Added Pin To Net: NetName=-5V5 Pin=C22-2
Added Pin To Net: NetName=-5V5 Pin=TP3-1
Added Pin To Net: NetName=-5V5 Pin=U3-5
Added Pin To Net: NetName=-5V5 Pin=U6-15
Added Pin To Net: NetName=-5V5 Pin=U6-16
Added Net: Name=-5V5
Added Pin To Net: NetName=-5V Pin=C23-2
Added Pin To Net: NetName=-5V Pin=C24-2
Added Pin To Net: NetName=-5V Pin=C174-2
Added Pin To Net: NetName=-5V Pin=C175-2
Added Pin To Net: NetName=-5V Pin=C176-2
Added Pin To Net: NetName=-5V Pin=C177-2
Added Pin To Net: NetName=-5V Pin=C178-2
Added Pin To Net: NetName=-5V Pin=R12-2
Added Pin To Net: NetName=-5V Pin=TP6-1
Added Pin To Net: NetName=-5V Pin=U6-1
Added Pin To Net: NetName=-5V Pin=U6-20
Added Pin To Net: NetName=-5V Pin=U22-15
Added Pin To Net: NetName=-5V Pin=U22-16
Added Pin To Net: NetName=-5V Pin=U22-21
Added Pin To Net: NetName=-5V Pin=U22-22
Added Pin To Net: NetName=-5V Pin=U24-4
Added Net: Name=-5V
Added Pin To Net: NetName=-5VA Pin=C231-2
Added Pin To Net: NetName=-5VA Pin=C232-2
Added Net: Name=-5VA
Added Pin To Net: NetName=1V2 Pin=C15-2
Added Pin To Net: NetName=1V2 Pin=C16-2
Added Pin To Net: NetName=1V2 Pin=C17-1
Added Pin To Net: NetName=1V2 Pin=R9-2
Added Pin To Net: NetName=1V2 Pin=TP4-1
Added Pin To Net: NetName=1V2 Pin=U4-7
Added Net: Name=1V2
Added Pin To Net: NetName=1V2D Pin=C72-2
Added Pin To Net: NetName=1V2D Pin=C73-2
Added Pin To Net: NetName=1V2D Pin=C74-2
Added Pin To Net: NetName=1V2D Pin=C75-2
Added Pin To Net: NetName=1V2D Pin=C76-2
Added Pin To Net: NetName=1V2D Pin=C77-2
Added Pin To Net: NetName=1V2D Pin=C78-2
Added Pin To Net: NetName=1V2D Pin=C125-2
Added Pin To Net: NetName=1V2D Pin=C126-2
Added Pin To Net: NetName=1V2D Pin=U13-K11
Added Pin To Net: NetName=1V2D Pin=U13-K17
Added Pin To Net: NetName=1V2D Pin=U13-L10
Added Pin To Net: NetName=1V2D Pin=U13-L12
Added Pin To Net: NetName=1V2D Pin=U13-L14
Added Pin To Net: NetName=1V2D Pin=U13-L16
Added Pin To Net: NetName=1V2D Pin=U13-M11
Added Pin To Net: NetName=1V2D Pin=U13-M13
Added Pin To Net: NetName=1V2D Pin=U13-M15
Added Pin To Net: NetName=1V2D Pin=U13-N12
Added Pin To Net: NetName=1V2D Pin=U13-N14
Added Pin To Net: NetName=1V2D Pin=U13-N16
Added Pin To Net: NetName=1V2D Pin=U13-P11
Added Pin To Net: NetName=1V2D Pin=U13-P13
Added Pin To Net: NetName=1V2D Pin=U13-P15
Added Pin To Net: NetName=1V2D Pin=U13-R12
Added Pin To Net: NetName=1V2D Pin=U13-R14
Added Pin To Net: NetName=1V2D Pin=U13-R16
Added Pin To Net: NetName=1V2D Pin=U13-T11
Added Pin To Net: NetName=1V2D Pin=U13-T13
Added Pin To Net: NetName=1V2D Pin=U13-T15
Added Pin To Net: NetName=1V2D Pin=U13-T17
Added Pin To Net: NetName=1V2D Pin=U13-U10
Added Pin To Net: NetName=1V2D Pin=U13-U16
Added Pin To Net: NetName=1V2D Pin=U15-2
Added Net: Name=1V2D
Added Pin To Net: NetName=1V5D Pin=C131-2
Added Pin To Net: NetName=1V5D Pin=C132-2
Added Pin To Net: NetName=1V5D Pin=C133-2
Added Pin To Net: NetName=1V5D Pin=C134-2
Added Pin To Net: NetName=1V5D Pin=C135-2
Added Pin To Net: NetName=1V5D Pin=C136-2
Added Pin To Net: NetName=1V5D Pin=C137-2
Added Pin To Net: NetName=1V5D Pin=C138-2
Added Pin To Net: NetName=1V5D Pin=C139-2
Added Pin To Net: NetName=1V5D Pin=R40-2
Added Pin To Net: NetName=1V5D Pin=U13-AC6
Added Pin To Net: NetName=1V5D Pin=U13-AD2
Added Pin To Net: NetName=1V5D Pin=U13-M7
Added Pin To Net: NetName=1V5D Pin=U13-P4
Added Pin To Net: NetName=1V5D Pin=U13-P9
Added Pin To Net: NetName=1V5D Pin=U13-T2
Added Pin To Net: NetName=1V5D Pin=U13-T7
Added Pin To Net: NetName=1V5D Pin=U13-W4
Added Pin To Net: NetName=1V5D Pin=U13-W6
Added Pin To Net: NetName=1V5D Pin=U13-Y2
Added Pin To Net: NetName=1V5D Pin=U16-A1
Added Pin To Net: NetName=1V5D Pin=U16-A8
Added Pin To Net: NetName=1V5D Pin=U16-B2
Added Pin To Net: NetName=1V5D Pin=U16-C1
Added Pin To Net: NetName=1V5D Pin=U16-C9
Added Pin To Net: NetName=1V5D Pin=U16-D2
Added Pin To Net: NetName=1V5D Pin=U16-D9
Added Pin To Net: NetName=1V5D Pin=U16-E9
Added Pin To Net: NetName=1V5D Pin=U16-F1
Added Pin To Net: NetName=1V5D Pin=U16-G7
Added Pin To Net: NetName=1V5D Pin=U16-H2
Added Pin To Net: NetName=1V5D Pin=U16-H9
Added Pin To Net: NetName=1V5D Pin=U16-K2
Added Pin To Net: NetName=1V5D Pin=U16-K8
Added Pin To Net: NetName=1V5D Pin=U16-N1
Added Pin To Net: NetName=1V5D Pin=U16-N9
Added Pin To Net: NetName=1V5D Pin=U16-R1
Added Pin To Net: NetName=1V5D Pin=U16-R9
Added Net: Name=1V5D
Added Pin To Net: NetName=1V8 Pin=C34-2
Added Pin To Net: NetName=1V8 Pin=C39-2
Added Pin To Net: NetName=1V8 Pin=R19-2
Added Pin To Net: NetName=1V8 Pin=R23-2
Added Pin To Net: NetName=1V8 Pin=TP10-1
Added Pin To Net: NetName=1V8 Pin=TP11-1
Added Pin To Net: NetName=1V8 Pin=U10-9
Added Pin To Net: NetName=1V8 Pin=U10-10
Added Pin To Net: NetName=1V8 Pin=U11-9
Added Pin To Net: NetName=1V8 Pin=U11-10
Added Net: Name=1V8
Added Pin To Net: NetName=1V8D Pin=C179-2
Added Pin To Net: NetName=1V8D Pin=C180-2
Added Pin To Net: NetName=1V8D Pin=C181-2
Added Pin To Net: NetName=1V8D Pin=C182-2
Added Pin To Net: NetName=1V8D Pin=C183-2
Added Pin To Net: NetName=1V8D Pin=C184-2
Added Pin To Net: NetName=1V8D Pin=C185-2
Added Pin To Net: NetName=1V8D Pin=C186-2
Added Pin To Net: NetName=1V8D Pin=C187-2
Added Pin To Net: NetName=1V8D Pin=C188-2
Added Pin To Net: NetName=1V8D Pin=C189-2
Added Pin To Net: NetName=1V8D Pin=C190-2
Added Pin To Net: NetName=1V8D Pin=C191-2
Added Pin To Net: NetName=1V8D Pin=C202-2
Added Pin To Net: NetName=1V8D Pin=C203-2
Added Pin To Net: NetName=1V8D Pin=C204-2
Added Pin To Net: NetName=1V8D Pin=C205-2
Added Pin To Net: NetName=1V8D Pin=C206-2
Added Pin To Net: NetName=1V8D Pin=C207-2
Added Pin To Net: NetName=1V8D Pin=C216-2
Added Pin To Net: NetName=1V8D Pin=C217-2
Added Pin To Net: NetName=1V8D Pin=C219-2
Added Pin To Net: NetName=1V8D Pin=C220-2
Added Pin To Net: NetName=1V8D Pin=C221-2
Added Pin To Net: NetName=1V8D Pin=C222-2
Added Pin To Net: NetName=1V8D Pin=C223-2
Added Pin To Net: NetName=1V8D Pin=C224-2
Added Pin To Net: NetName=1V8D Pin=U21-1
Added Pin To Net: NetName=1V8D Pin=U21-38
Added Pin To Net: NetName=1V8D Pin=U21-48
Added Pin To Net: NetName=1V8D Pin=U21-58
Added Pin To Net: NetName=1V8D Pin=U23-1
Added Pin To Net: NetName=1V8D Pin=U23-2
Added Pin To Net: NetName=1V8D Pin=U23-8
Added Pin To Net: NetName=1V8D Pin=U23-29
Added Pin To Net: NetName=1V8D Pin=U23-35
Added Net: Name=1V8D
Added Pin To Net: NetName=3V3 Pin=C237-2
Added Pin To Net: NetName=3V3 Pin=C238-2
Added Pin To Net: NetName=3V3 Pin=C239-2
Added Pin To Net: NetName=3V3 Pin=C240-2
Added Pin To Net: NetName=3V3 Pin=C241-2
Added Pin To Net: NetName=3V3 Pin=C242-2
Added Pin To Net: NetName=3V3 Pin=Y2-4
Added Net: Name=3V3
Added Pin To Net: NetName=3V3A Pin=C97-2
Added Pin To Net: NetName=3V3A Pin=L2-2
Added Pin To Net: NetName=3V3A Pin=L7-2
Added Pin To Net: NetName=3V3A Pin=L12-2
Added Pin To Net: NetName=3V3A Pin=L17-2
Added Net: Name=3V3A
Added Pin To Net: NetName=3V3A_PLL Pin=C98-2
Added Pin To Net: NetName=3V3A_PLL Pin=C99-2
Added Pin To Net: NetName=3V3A_PLL Pin=C100-2
Added Pin To Net: NetName=3V3A_PLL Pin=C101-2
Added Pin To Net: NetName=3V3A_PLL Pin=C103-2
Added Pin To Net: NetName=3V3A_PLL Pin=C104-2
Added Pin To Net: NetName=3V3A_PLL Pin=C105-2
Added Pin To Net: NetName=3V3A_PLL Pin=C106-2
Added Pin To Net: NetName=3V3A_PLL Pin=C108-2
Added Pin To Net: NetName=3V3A_PLL Pin=C109-2
Added Pin To Net: NetName=3V3A_PLL Pin=C110-2
Added Pin To Net: NetName=3V3A_PLL Pin=C111-2
Added Pin To Net: NetName=3V3A_PLL Pin=C113-2
Added Pin To Net: NetName=3V3A_PLL Pin=C114-2
Added Pin To Net: NetName=3V3A_PLL Pin=C115-2
Added Pin To Net: NetName=3V3A_PLL Pin=C116-2
Added Pin To Net: NetName=3V3A_PLL Pin=C118-2
Added Pin To Net: NetName=3V3A_PLL Pin=C119-2
Added Pin To Net: NetName=3V3A_PLL Pin=C120-2
Added Pin To Net: NetName=3V3A_PLL Pin=C121-2
Added Pin To Net: NetName=3V3A_PLL Pin=L2-1
Added Pin To Net: NetName=3V3A_PLL Pin=U14-1
Added Pin To Net: NetName=3V3A_PLL Pin=U14-5
Added Pin To Net: NetName=3V3A_PLL Pin=U14-34
Added Pin To Net: NetName=3V3A_PLL Pin=U14-35
Added Pin To Net: NetName=3V3A_PLL Pin=U14-39
Added Pin To Net: NetName=3V3A_PLL Pin=U14-42
Added Pin To Net: NetName=3V3A_PLL Pin=U14-47
Added Net: Name=3V3A_PLL
Added Pin To Net: NetName=3V3D Pin=C26-2
Added Pin To Net: NetName=3V3D Pin=C30-2
Added Pin To Net: NetName=3V3D Pin=C32-2
Added Pin To Net: NetName=3V3D Pin=C44-2
Added Pin To Net: NetName=3V3D Pin=C45-2
Added Pin To Net: NetName=3V3D Pin=C46-2
Added Pin To Net: NetName=3V3D Pin=C47-2
Added Pin To Net: NetName=3V3D Pin=C48-2
Added Pin To Net: NetName=3V3D Pin=C49-2
Added Pin To Net: NetName=3V3D Pin=C50-2
Added Pin To Net: NetName=3V3D Pin=C51-2
Added Pin To Net: NetName=3V3D Pin=C52-2
Added Pin To Net: NetName=3V3D Pin=C53-2
Added Pin To Net: NetName=3V3D Pin=C54-2
Added Pin To Net: NetName=3V3D Pin=C55-2
Added Pin To Net: NetName=3V3D Pin=C56-2
Added Pin To Net: NetName=3V3D Pin=C57-2
Added Pin To Net: NetName=3V3D Pin=C58-2
Added Pin To Net: NetName=3V3D Pin=C59-2
Added Pin To Net: NetName=3V3D Pin=C60-2
Added Pin To Net: NetName=3V3D Pin=C61-2
Added Pin To Net: NetName=3V3D Pin=C62-2
Added Pin To Net: NetName=3V3D Pin=C63-2
Added Pin To Net: NetName=3V3D Pin=C64-2
Added Pin To Net: NetName=3V3D Pin=C65-2
Added Pin To Net: NetName=3V3D Pin=C66-2
Added Pin To Net: NetName=3V3D Pin=C67-2
Added Pin To Net: NetName=3V3D Pin=C68-2
Added Pin To Net: NetName=3V3D Pin=C69-2
Added Pin To Net: NetName=3V3D Pin=C70-2
Added Pin To Net: NetName=3V3D Pin=C71-2
Added Pin To Net: NetName=3V3D Pin=C79-2
Added Pin To Net: NetName=3V3D Pin=C80-2
Added Pin To Net: NetName=3V3D Pin=C81-2
Added Pin To Net: NetName=3V3D Pin=C82-2
Added Pin To Net: NetName=3V3D Pin=C83-2
Added Pin To Net: NetName=3V3D Pin=C84-2
Added Pin To Net: NetName=3V3D Pin=C85-2
Added Pin To Net: NetName=3V3D Pin=C86-2
Added Pin To Net: NetName=3V3D Pin=C87-2
Added Pin To Net: NetName=3V3D Pin=C88-2
Added Pin To Net: NetName=3V3D Pin=C89-2
Added Pin To Net: NetName=3V3D Pin=C90-2
Added Pin To Net: NetName=3V3D Pin=C127-2
Added Pin To Net: NetName=3V3D Pin=C128-2
Added Pin To Net: NetName=3V3D Pin=C149-2
Added Pin To Net: NetName=3V3D Pin=C150-2
Added Pin To Net: NetName=3V3D Pin=ISO1-12
Added Pin To Net: NetName=3V3D Pin=ISO1-13
Added Pin To Net: NetName=3V3D Pin=ISO1-14
Added Pin To Net: NetName=3V3D Pin=ISO1-16
Added Pin To Net: NetName=3V3D Pin=L1-2
Added Pin To Net: NetName=3V3D Pin=M1-2
Added Pin To Net: NetName=3V3D Pin=M1-8
Added Pin To Net: NetName=3V3D Pin=M1-15
Added Pin To Net: NetName=3V3D Pin=R13-2
Added Pin To Net: NetName=3V3D Pin=R16-2
Added Pin To Net: NetName=3V3D Pin=R17-2
Added Pin To Net: NetName=3V3D Pin=R18-2
Added Pin To Net: NetName=3V3D Pin=R28-2
Added Pin To Net: NetName=3V3D Pin=R29-2
Added Pin To Net: NetName=3V3D Pin=R30-2
Added Pin To Net: NetName=3V3D Pin=R33-2
Added Pin To Net: NetName=3V3D Pin=R34-2
Added Pin To Net: NetName=3V3D Pin=R69-2
Added Pin To Net: NetName=3V3D Pin=R70-2
Added Pin To Net: NetName=3V3D Pin=R72-2
Added Pin To Net: NetName=3V3D Pin=R73-2
Added Pin To Net: NetName=3V3D Pin=R74-2
Added Pin To Net: NetName=3V3D Pin=R75-2
Added Pin To Net: NetName=3V3D Pin=R77-2
Added Pin To Net: NetName=3V3D Pin=R78-2
Added Pin To Net: NetName=3V3D Pin=R81-2
Added Pin To Net: NetName=3V3D Pin=R84-2
Added Pin To Net: NetName=3V3D Pin=R110-2
Added Pin To Net: NetName=3V3D Pin=R111-2
Added Pin To Net: NetName=3V3D Pin=S1-3
Added Pin To Net: NetName=3V3D Pin=S1-4
Added Pin To Net: NetName=3V3D Pin=S2-3
Added Pin To Net: NetName=3V3D Pin=S2-4
Added Pin To Net: NetName=3V3D Pin=TP7-1
Added Pin To Net: NetName=3V3D Pin=TP8-1
Added Pin To Net: NetName=3V3D Pin=TP9-1
Added Pin To Net: NetName=3V3D Pin=U7-9
Added Pin To Net: NetName=3V3D Pin=U7-10
Added Pin To Net: NetName=3V3D Pin=U8-9
Added Pin To Net: NetName=3V3D Pin=U8-10
Added Pin To Net: NetName=3V3D Pin=U9-9
Added Pin To Net: NetName=3V3D Pin=U9-10
Added Pin To Net: NetName=3V3D Pin=U13-AA6
Added Pin To Net: NetName=3V3D Pin=U13-AA10
Added Pin To Net: NetName=3V3D Pin=U13-AA16
Added Pin To Net: NetName=3V3D Pin=U13-AA21
Added Pin To Net: NetName=3V3D Pin=U13-AB14
Added Pin To Net: NetName=3V3D Pin=U13-AB23
Added Pin To Net: NetName=3V3D Pin=U13-AC10
Added Pin To Net: NetName=3V3D Pin=U13-AC18
Added Pin To Net: NetName=3V3D Pin=U13-AC21
Added Pin To Net: NetName=3V3D Pin=U13-AD25
Added Pin To Net: NetName=3V3D Pin=U13-AE8
Added Pin To Net: NetName=3V3D Pin=U13-AE12
Added Pin To Net: NetName=3V3D Pin=U13-AE16
Added Pin To Net: NetName=3V3D Pin=U13-AE20
Added Pin To Net: NetName=3V3D Pin=U13-AF22
Added Pin To Net: NetName=3V3D Pin=U13-B3
Added Pin To Net: NetName=3V3D Pin=U13-B7
Added Pin To Net: NetName=3V3D Pin=U13-B11
Added Pin To Net: NetName=3V3D Pin=U13-B15
Added Pin To Net: NetName=3V3D Pin=U13-B19
Added Pin To Net: NetName=3V3D Pin=U13-C22
Added Pin To Net: NetName=3V3D Pin=U13-D2
Added Pin To Net: NetName=3V3D Pin=U13-D9
Added Pin To Net: NetName=3V3D Pin=U13-D17
Added Pin To Net: NetName=3V3D Pin=U13-D25
Added Pin To Net: NetName=3V3D Pin=U13-E13
Added Pin To Net: NetName=3V3D Pin=U13-F4
Added Pin To Net: NetName=3V3D Pin=U13-F6
Added Pin To Net: NetName=3V3D Pin=U13-F21
Added Pin To Net: NetName=3V3D Pin=U13-F23
Added Pin To Net: NetName=3V3D Pin=U13-G10
Added Pin To Net: NetName=3V3D Pin=U13-G12
Added Pin To Net: NetName=3V3D Pin=U13-G15
Added Pin To Net: NetName=3V3D Pin=U13-G18
Added Pin To Net: NetName=3V3D Pin=U13-H2
Added Pin To Net: NetName=3V3D Pin=U13-H14
Added Pin To Net: NetName=3V3D Pin=U13-H25
Added Pin To Net: NetName=3V3D Pin=U13-J6
Added Pin To Net: NetName=3V3D Pin=U13-J9
Added Pin To Net: NetName=3V3D Pin=U13-J18
Added Pin To Net: NetName=3V3D Pin=U13-J21
Added Pin To Net: NetName=3V3D Pin=U13-K4
Added Pin To Net: NetName=3V3D Pin=U13-K13
Added Pin To Net: NetName=3V3D Pin=U13-K23
Added Pin To Net: NetName=3V3D Pin=U13-L5
Added Pin To Net: NetName=3V3D Pin=U13-L22
Added Pin To Net: NetName=3V3D Pin=U13-M2
Added Pin To Net: NetName=3V3D Pin=U13-M17
Added Pin To Net: NetName=3V3D Pin=U13-M20
Added Pin To Net: NetName=3V3D Pin=U13-M25
Added Pin To Net: NetName=3V3D Pin=U13-N10
Added Pin To Net: NetName=3V3D Pin=U13-P23
Added Pin To Net: NetName=3V3D Pin=U13-T25
Added Pin To Net: NetName=3V3D Pin=U13-U6
Added Pin To Net: NetName=3V3D Pin=U13-U14
Added Pin To Net: NetName=3V3D Pin=U13-U18
Added Pin To Net: NetName=3V3D Pin=U13-V9
Added Pin To Net: NetName=3V3D Pin=U13-V21
Added Pin To Net: NetName=3V3D Pin=U13-W23
Added Pin To Net: NetName=3V3D Pin=U13-Y12
Added Pin To Net: NetName=3V3D Pin=U13-Y17
Added Pin To Net: NetName=3V3D Pin=U13-Y19
Added Pin To Net: NetName=3V3D Pin=U13-Y25
Added Pin To Net: NetName=3V3D Pin=U14-8
Added Pin To Net: NetName=3V3D Pin=U14-11
Added Pin To Net: NetName=3V3D Pin=U14-18
Added Pin To Net: NetName=3V3D Pin=U14-21
Added Pin To Net: NetName=3V3D Pin=U14-26
Added Pin To Net: NetName=3V3D Pin=U14-29
Added Pin To Net: NetName=3V3D Pin=U14-32
Added Pin To Net: NetName=3V3D Pin=U15-17
Added Pin To Net: NetName=3V3D Pin=U17-3
Added Pin To Net: NetName=3V3D Pin=U18-3
Added Pin To Net: NetName=3V3D Pin=U19-10
Added Pin To Net: NetName=3V3D Pin=U25-4
Added Net: Name=3V3D
Added Pin To Net: NetName=3V3FLASH Pin=C102-2
Added Pin To Net: NetName=3V3FLASH Pin=R89-2
Added Pin To Net: NetName=3V3FLASH Pin=R90-2
Added Pin To Net: NetName=3V3FLASH Pin=R92-2
Added Pin To Net: NetName=3V3FLASH Pin=R93-2
Added Pin To Net: NetName=3V3FLASH Pin=U20-8
Added Net: Name=3V3FLASH
Added Pin To Net: NetName=3V6 Pin=C10-1
Added Pin To Net: NetName=3V6 Pin=C25-2
Added Pin To Net: NetName=3V6 Pin=C29-2
Added Pin To Net: NetName=3V6 Pin=C31-2
Added Pin To Net: NetName=3V6 Pin=C33-2
Added Pin To Net: NetName=3V6 Pin=C38-2
Added Pin To Net: NetName=3V6 Pin=C40-2
Added Pin To Net: NetName=3V6 Pin=TP2-1
Added Pin To Net: NetName=3V6 Pin=U2-5
Added Pin To Net: NetName=3V6 Pin=U2-6
Added Pin To Net: NetName=3V6 Pin=U7-1
Added Pin To Net: NetName=3V6 Pin=U7-2
Added Pin To Net: NetName=3V6 Pin=U7-4
Added Pin To Net: NetName=3V6 Pin=U8-1
Added Pin To Net: NetName=3V6 Pin=U8-2
Added Pin To Net: NetName=3V6 Pin=U8-4
Added Pin To Net: NetName=3V6 Pin=U8-5
Added Pin To Net: NetName=3V6 Pin=U9-1
Added Pin To Net: NetName=3V6 Pin=U9-2
Added Pin To Net: NetName=3V6 Pin=U9-4
Added Pin To Net: NetName=3V6 Pin=U10-1
Added Pin To Net: NetName=3V6 Pin=U10-2
Added Pin To Net: NetName=3V6 Pin=U10-4
Added Pin To Net: NetName=3V6 Pin=U11-1
Added Pin To Net: NetName=3V6 Pin=U11-2
Added Pin To Net: NetName=3V6 Pin=U11-4
Added Pin To Net: NetName=3V6 Pin=U12-1
Added Pin To Net: NetName=3V6 Pin=U12-2
Added Pin To Net: NetName=3V6 Pin=U12-3
Added Net: Name=3V6
Added Pin To Net: NetName=5V8 Pin=C4-2
Added Pin To Net: NetName=5V8 Pin=C5-2
Added Pin To Net: NetName=5V8 Pin=C6-1
Added Pin To Net: NetName=5V8 Pin=C8-1
Added Pin To Net: NetName=5V8 Pin=C9-2
Added Pin To Net: NetName=5V8 Pin=C12-2
Added Pin To Net: NetName=5V8 Pin=C13-2
Added Pin To Net: NetName=5V8 Pin=C14-2
Added Pin To Net: NetName=5V8 Pin=C19-2
Added Pin To Net: NetName=5V8 Pin=R2-2
Added Pin To Net: NetName=5V8 Pin=R8-2
Added Pin To Net: NetName=5V8 Pin=TP1-1
Added Pin To Net: NetName=5V8 Pin=U1-7
Added Pin To Net: NetName=5V8 Pin=U2-2
Added Pin To Net: NetName=5V8 Pin=U2-10
Added Pin To Net: NetName=5V8 Pin=U3-2
Added Pin To Net: NetName=5V8 Pin=U4-1
Added Pin To Net: NetName=5V8 Pin=U5-15
Added Pin To Net: NetName=5V8 Pin=U5-16
Added Net: Name=5V8
Added Pin To Net: NetName=5V Pin=C20-2
Added Pin To Net: NetName=5V Pin=C192-2
Added Pin To Net: NetName=5V Pin=C193-2
Added Pin To Net: NetName=5V Pin=C194-2
Added Pin To Net: NetName=5V Pin=C195-2
Added Pin To Net: NetName=5V Pin=C196-2
Added Pin To Net: NetName=5V Pin=TP5-1
Added Pin To Net: NetName=5V Pin=U5-1
Added Pin To Net: NetName=5V Pin=U5-3
Added Pin To Net: NetName=5V Pin=U5-20
Added Pin To Net: NetName=5V Pin=U22-3
Added Pin To Net: NetName=5V Pin=U22-4
Added Pin To Net: NetName=5V Pin=U22-9
Added Pin To Net: NetName=5V Pin=U22-10
Added Pin To Net: NetName=5V Pin=U22-14
Added Pin To Net: NetName=5V Pin=U22-20
Added Pin To Net: NetName=5V Pin=U24-8
Added Net: Name=5V
Added Pin To Net: NetName=5VA Pin=C214-2
Added Pin To Net: NetName=5VA Pin=C215-2
Added Net: Name=5VA
Added Pin To Net: NetName=24V Pin=C1-2
Added Pin To Net: NetName=24V Pin=C2-2
Added Pin To Net: NetName=24V Pin=C3-2
Added Pin To Net: NetName=24V Pin=C151-2
Added Pin To Net: NetName=24V Pin=C153-2
Added Pin To Net: NetName=24V Pin=C155-2
Added Pin To Net: NetName=24V Pin=C159-1
Added Pin To Net: NetName=24V Pin=D1-3
Added Pin To Net: NetName=24V Pin=D2-1
Added Pin To Net: NetName=24V Pin=R1-2
Added Pin To Net: NetName=24V Pin=R80-2
Added Pin To Net: NetName=24V Pin=U1-1
Added Pin To Net: NetName=24V Pin=U19-15
Added Pin To Net: NetName=24V Pin=U19-28
Added Net: Name=24V
Added Pin To Net: NetName=100M_CLK_N Pin=U13-A14
Added Pin To Net: NetName=100M_CLK_N Pin=U14-28
Added Net: Name=100M_CLK_N
Added Pin To Net: NetName=100M_CLK_P Pin=U13-B14
Added Pin To Net: NetName=100M_CLK_P Pin=U14-27
Added Net: Name=100M_CLK_P
Added Pin To Net: NetName=200M_CLK_N Pin=C163-2
Added Pin To Net: NetName=200M_CLK_N Pin=R95-1
Added Pin To Net: NetName=200M_CLK_N Pin=U14-20
Added Net: Name=200M_CLK_N
Added Pin To Net: NetName=200M_CLK_P Pin=C162-2
Added Pin To Net: NetName=200M_CLK_P Pin=R95-2
Added Pin To Net: NetName=200M_CLK_P Pin=U14-19
Added Net: Name=200M_CLK_P
Added Pin To Net: NetName=400M_CLK_N Pin=C200-2
Added Pin To Net: NetName=400M_CLK_N Pin=R116-1
Added Pin To Net: NetName=400M_CLK_N Pin=U14-17
Added Net: Name=400M_CLK_N
Added Pin To Net: NetName=400M_CLK_P Pin=C199-2
Added Pin To Net: NetName=400M_CLK_P Pin=R116-2
Added Pin To Net: NetName=400M_CLK_P Pin=U14-16
Added Net: Name=400M_CLK_P
Added Pin To Net: NetName=ADC_AVDD Pin=C167-2
Added Pin To Net: NetName=ADC_AVDD Pin=C168-2
Added Pin To Net: NetName=ADC_AVDD Pin=C169-2
Added Pin To Net: NetName=ADC_AVDD Pin=C170-2
Added Pin To Net: NetName=ADC_AVDD Pin=C171-2
Added Pin To Net: NetName=ADC_AVDD Pin=C172-2
Added Pin To Net: NetName=ADC_AVDD Pin=C173-2
Added Pin To Net: NetName=ADC_AVDD Pin=L12-1
Added Pin To Net: NetName=ADC_AVDD Pin=U21-16
Added Pin To Net: NetName=ADC_AVDD Pin=U21-33
Added Pin To Net: NetName=ADC_AVDD Pin=U21-34
Added Net: Name=ADC_AVDD
Added Pin To Net: NetName=ADC_CLKOUT_N Pin=U13-G5
Added Pin To Net: NetName=ADC_CLKOUT_N Pin=U21-56
Added Net: Name=ADC_CLKOUT_N
Added Pin To Net: NetName=ADC_CLKOUT_P Pin=U13-G6
Added Pin To Net: NetName=ADC_CLKOUT_P Pin=U21-57
Added Net: Name=ADC_CLKOUT_P
Added Pin To Net: NetName=ADC_CM Pin=C161-2
Added Pin To Net: NetName=ADC_CM Pin=C165-2
Added Pin To Net: NetName=ADC_CM Pin=U21-23
Added Pin To Net: NetName=ADC_CM Pin=U22-11
Added Pin To Net: NetName=ADC_CM Pin=U22-17
Added Net: Name=ADC_CM
Added Pin To Net: NetName=ADC_CTRL1 Pin=U13-J10
Added Pin To Net: NetName=ADC_CTRL1 Pin=U21-35
Added Net: Name=ADC_CTRL1
Added Pin To Net: NetName=ADC_CTRL2 Pin=U13-K9
Added Pin To Net: NetName=ADC_CTRL2 Pin=U21-36
Added Net: Name=ADC_CTRL2
Added Pin To Net: NetName=ADC_CTRL3 Pin=U13-E4
Added Pin To Net: NetName=ADC_CTRL3 Pin=U21-37
Added Net: Name=ADC_CTRL3
Added Pin To Net: NetName=ADC_DA0_N Pin=U13-L8
Added Pin To Net: NetName=ADC_DA0_N Pin=U21-40
Added Net: Name=ADC_DA0_N
Added Pin To Net: NetName=ADC_DA0_P Pin=U13-K8
Added Pin To Net: NetName=ADC_DA0_P Pin=U21-41
Added Net: Name=ADC_DA0_P
Added Pin To Net: NetName=ADC_DA2_N Pin=U13-N1
Added Pin To Net: NetName=ADC_DA2_N Pin=U21-42
Added Net: Name=ADC_DA2_N
Added Pin To Net: NetName=ADC_DA2_P Pin=U13-N2
Added Pin To Net: NetName=ADC_DA2_P Pin=U21-43
Added Net: Name=ADC_DA2_P
Added Pin To Net: NetName=ADC_DA4_N Pin=U13-M1
Added Pin To Net: NetName=ADC_DA4_N Pin=U21-44
Added Net: Name=ADC_DA4_N
Added Pin To Net: NetName=ADC_DA4_P Pin=U13-M3
Added Pin To Net: NetName=ADC_DA4_P Pin=U21-45
Added Net: Name=ADC_DA4_P
Added Pin To Net: NetName=ADC_DA6_N Pin=U13-L1
Added Pin To Net: NetName=ADC_DA6_N Pin=U21-46
Added Net: Name=ADC_DA6_N
Added Pin To Net: NetName=ADC_DA6_P Pin=U13-L2
Added Pin To Net: NetName=ADC_DA6_P Pin=U21-47
Added Net: Name=ADC_DA6_P
Added Pin To Net: NetName=ADC_DA8_N Pin=U13-K1
Added Pin To Net: NetName=ADC_DA8_N Pin=U21-50
Added Net: Name=ADC_DA8_N
Added Pin To Net: NetName=ADC_DA8_P Pin=U13-K3
Added Pin To Net: NetName=ADC_DA8_P Pin=U21-51
Added Net: Name=ADC_DA8_P
Added Pin To Net: NetName=ADC_DA10_N Pin=U13-J1
Added Pin To Net: NetName=ADC_DA10_N Pin=U21-52
Added Net: Name=ADC_DA10_N
Added Pin To Net: NetName=ADC_DA10_P Pin=U13-J2
Added Pin To Net: NetName=ADC_DA10_P Pin=U21-53
Added Net: Name=ADC_DA10_P
Added Pin To Net: NetName=ADC_DA12_N Pin=U13-H1
Added Pin To Net: NetName=ADC_DA12_N Pin=U21-54
Added Net: Name=ADC_DA12_N
Added Pin To Net: NetName=ADC_DA12_P Pin=U13-H3
Added Pin To Net: NetName=ADC_DA12_P Pin=U21-55
Added Net: Name=ADC_DA12_P
Added Pin To Net: NetName=ADC_DB0_N Pin=U13-G1
Added Pin To Net: NetName=ADC_DB0_N Pin=U21-60
Added Net: Name=ADC_DB0_N
Added Pin To Net: NetName=ADC_DB0_P Pin=U13-G2
Added Pin To Net: NetName=ADC_DB0_P Pin=U21-61
Added Net: Name=ADC_DB0_P
Added Pin To Net: NetName=ADC_DB2_N Pin=U13-F1
Added Pin To Net: NetName=ADC_DB2_N Pin=U21-62
Added Net: Name=ADC_DB2_N
Added Pin To Net: NetName=ADC_DB2_P Pin=U13-F3
Added Pin To Net: NetName=ADC_DB2_P Pin=U21-63
Added Net: Name=ADC_DB2_P
Added Pin To Net: NetName=ADC_DB4_N Pin=U13-E1
Added Pin To Net: NetName=ADC_DB4_N Pin=U21-2
Added Net: Name=ADC_DB4_N
Added Pin To Net: NetName=ADC_DB4_P Pin=U13-E2
Added Pin To Net: NetName=ADC_DB4_P Pin=U21-3
Added Net: Name=ADC_DB4_P
Added Pin To Net: NetName=ADC_DB6_N Pin=U13-D1
Added Pin To Net: NetName=ADC_DB6_N Pin=U21-4
Added Net: Name=ADC_DB6_N
Added Pin To Net: NetName=ADC_DB6_P Pin=U13-D3
Added Pin To Net: NetName=ADC_DB6_P Pin=U21-5
Added Net: Name=ADC_DB6_P
Added Pin To Net: NetName=ADC_DB8_N Pin=U13-J3
Added Pin To Net: NetName=ADC_DB8_N Pin=U21-6
Added Net: Name=ADC_DB8_N
Added Pin To Net: NetName=ADC_DB8_P Pin=U13-J4
Added Pin To Net: NetName=ADC_DB8_P Pin=U21-7
Added Net: Name=ADC_DB8_P
Added Pin To Net: NetName=ADC_DB10_N Pin=U13-K6
Added Pin To Net: NetName=ADC_DB10_N Pin=U21-8
Added Net: Name=ADC_DB10_N
Added Pin To Net: NetName=ADC_DB10_P Pin=U13-K7
Added Pin To Net: NetName=ADC_DB10_P Pin=U21-9
Added Net: Name=ADC_DB10_P
Added Pin To Net: NetName=ADC_DB12_N Pin=U13-J5
Added Pin To Net: NetName=ADC_DB12_N Pin=U21-10
Added Net: Name=ADC_DB12_N
Added Pin To Net: NetName=ADC_DB12_P Pin=U13-K5
Added Pin To Net: NetName=ADC_DB12_P Pin=U21-11
Added Net: Name=ADC_DB12_P
Added Pin To Net: NetName=ADC_Reset Pin=U13-G4
Added Pin To Net: NetName=ADC_Reset Pin=U21-12
Added Net: Name=ADC_Reset
Added Pin To Net: NetName=ADC_SCLK Pin=U13-G3
Added Pin To Net: NetName=ADC_SCLK Pin=U21-13
Added Net: Name=ADC_SCLK
Added Pin To Net: NetName=ADC_SDATA Pin=U13-L9
Added Pin To Net: NetName=ADC_SDATA Pin=U21-14
Added Net: Name=ADC_SDATA
Added Pin To Net: NetName=ADC_SDOUT Pin=U13-F5
Added Pin To Net: NetName=ADC_SDOUT Pin=U21-64
Added Net: Name=ADC_SDOUT
Added Pin To Net: NetName=ADC_SEN Pin=U13-K10
Added Pin To Net: NetName=ADC_SEN Pin=U21-15
Added Net: Name=ADC_SEN
Added Pin To Net: NetName=BTN0 Pin=C147-2
Added Pin To Net: NetName=BTN0 Pin=R68-2
Added Pin To Net: NetName=BTN0 Pin=U13-D18
Added Net: Name=BTN0
Added Pin To Net: NetName=BTN1 Pin=C148-2
Added Pin To Net: NetName=BTN1 Pin=R76-2
Added Pin To Net: NetName=BTN1 Pin=U13-C18
Added Net: Name=BTN1
Added Pin To Net: NetName=CLK_N Pin=U14-46
Added Pin To Net: NetName=CLK_N Pin=Y1-5
Added Net: Name=CLK_N
Added Pin To Net: NetName=CLK_P Pin=U14-45
Added Pin To Net: NetName=CLK_P Pin=Y1-4
Added Net: Name=CLK_P
Added Pin To Net: NetName=CLOCK_PWRDN Pin=R31-1
Added Pin To Net: NetName=CLOCK_PWRDN Pin=U13-Y18
Added Net: Name=CLOCK_PWRDN
Added Pin To Net: NetName=CLOCK_SPI_CLK Pin=U13-AC19
Added Pin To Net: NetName=CLOCK_SPI_CLK Pin=U14-24
Added Net: Name=CLOCK_SPI_CLK
Added Pin To Net: NetName=CLOCK_SPI_LE Pin=U13-AA19
Added Pin To Net: NetName=CLOCK_SPI_LE Pin=U14-25
Added Net: Name=CLOCK_SPI_LE
Added Pin To Net: NetName=CLOCK_SPI_MISO Pin=U13-V16
Added Pin To Net: NetName=CLOCK_SPI_MISO Pin=U14-22
Added Net: Name=CLOCK_SPI_MISO
Added Pin To Net: NetName=CLOCK_SPI_MOSI Pin=U13-AD19
Added Pin To Net: NetName=CLOCK_SPI_MOSI Pin=U14-23
Added Net: Name=CLOCK_SPI_MOSI
Added Pin To Net: NetName=DAC_AVDD Pin=C208-2
Added Pin To Net: NetName=DAC_AVDD Pin=C209-2
Added Pin To Net: NetName=DAC_AVDD Pin=C210-2
Added Pin To Net: NetName=DAC_AVDD Pin=C211-2
Added Pin To Net: NetName=DAC_AVDD Pin=C212-2
Added Pin To Net: NetName=DAC_AVDD Pin=C213-2
Added Pin To Net: NetName=DAC_AVDD Pin=C218-2
Added Pin To Net: NetName=DAC_AVDD Pin=C225-2
Added Pin To Net: NetName=DAC_AVDD Pin=C226-2
Added Pin To Net: NetName=DAC_AVDD Pin=C227-2
Added Pin To Net: NetName=DAC_AVDD Pin=C228-2
Added Pin To Net: NetName=DAC_AVDD Pin=C229-2
Added Pin To Net: NetName=DAC_AVDD Pin=C230-2
Added Pin To Net: NetName=DAC_AVDD Pin=L17-1
Added Pin To Net: NetName=DAC_AVDD Pin=U23-37
Added Pin To Net: NetName=DAC_AVDD Pin=U23-40
Added Pin To Net: NetName=DAC_AVDD Pin=U23-45
Added Pin To Net: NetName=DAC_AVDD Pin=U23-48
Added Net: Name=DAC_AVDD
Added Pin To Net: NetName=DAC_CLK_N Pin=U13-A25
Added Pin To Net: NetName=DAC_CLK_N Pin=U23-18
Added Net: Name=DAC_CLK_N
Added Pin To Net: NetName=DAC_CLK_P Pin=U13-B24
Added Pin To Net: NetName=DAC_CLK_P Pin=U23-17
Added Net: Name=DAC_CLK_P
Added Pin To Net: NetName=DAC_CS Pin=U13-H24
Added Pin To Net: NetName=DAC_CS Pin=U23-33
Added Net: Name=DAC_CS
Added Pin To Net: NetName=DAC_D0_N Pin=U13-G21
Added Pin To Net: NetName=DAC_D0_N Pin=U23-28
Added Net: Name=DAC_D0_N
Added Pin To Net: NetName=DAC_D0_P Pin=U13-G20
Added Pin To Net: NetName=DAC_D0_P Pin=U23-27
Added Net: Name=DAC_D0_P
Added Pin To Net: NetName=DAC_D1_N Pin=U13-C24
Added Pin To Net: NetName=DAC_D1_N Pin=U23-26
Added Net: Name=DAC_D1_N
Added Pin To Net: NetName=DAC_D1_P Pin=U13-D23
Added Pin To Net: NetName=DAC_D1_P Pin=U23-25
Added Net: Name=DAC_D1_P
Added Pin To Net: NetName=DAC_D2_N Pin=U13-D22
Added Pin To Net: NetName=DAC_D2_N Pin=U23-24
Added Net: Name=DAC_D2_N
Added Pin To Net: NetName=DAC_D2_P Pin=U13-F22
Added Pin To Net: NetName=DAC_D2_P Pin=U23-23
Added Net: Name=DAC_D2_P
Added Pin To Net: NetName=DAC_D3_N Pin=U13-H21
Added Pin To Net: NetName=DAC_D3_N Pin=U23-22
Added Net: Name=DAC_D3_N
Added Pin To Net: NetName=DAC_D3_P Pin=U13-H20
Added Pin To Net: NetName=DAC_D3_P Pin=U23-21
Added Net: Name=DAC_D3_P
Added Pin To Net: NetName=DAC_D4_N Pin=U13-G22
Added Pin To Net: NetName=DAC_D4_N Pin=U23-16
Added Net: Name=DAC_D4_N
Added Pin To Net: NetName=DAC_D4_P Pin=U13-H22
Added Pin To Net: NetName=DAC_D4_P Pin=U23-15
Added Net: Name=DAC_D4_P
Added Pin To Net: NetName=DAC_D5_N Pin=U13-E24
Added Pin To Net: NetName=DAC_D5_N Pin=U23-14
Added Net: Name=DAC_D5_N
Added Pin To Net: NetName=DAC_D5_P Pin=U13-E23
Added Pin To Net: NetName=DAC_D5_P Pin=U23-13
Added Net: Name=DAC_D5_P
Added Pin To Net: NetName=DAC_D6_N Pin=U13-G24
Added Pin To Net: NetName=DAC_D6_N Pin=U23-12
Added Net: Name=DAC_D6_N
Added Pin To Net: NetName=DAC_D6_P Pin=U13-G23
Added Pin To Net: NetName=DAC_D6_P Pin=U23-11
Added Net: Name=DAC_D6_P
Added Pin To Net: NetName=DAC_D7_N Pin=U13-G19
Added Pin To Net: NetName=DAC_D7_N Pin=U23-10
Added Net: Name=DAC_D7_N
Added Pin To Net: NetName=DAC_D7_P Pin=U13-H18
Added Pin To Net: NetName=DAC_D7_P Pin=U23-9
Added Net: Name=DAC_D7_P
Added Pin To Net: NetName=DAC_FRAME_N Pin=U13-C26
Added Pin To Net: NetName=DAC_FRAME_N Pin=U23-20
Added Net: Name=DAC_FRAME_N
Added Pin To Net: NetName=DAC_FRAME_P Pin=U13-C25
Added Pin To Net: NetName=DAC_FRAME_P Pin=U23-19
Added Net: Name=DAC_FRAME_P
Added Pin To Net: NetName=DAC_IRQ Pin=R110-1
Added Pin To Net: NetName=DAC_IRQ Pin=U13-G26
Added Pin To Net: NetName=DAC_IRQ Pin=U23-34
Added Net: Name=DAC_IRQ
Added Pin To Net: NetName=DAC_RST Pin=R111-1
Added Pin To Net: NetName=DAC_RST Pin=U13-D24
Added Pin To Net: NetName=DAC_RST Pin=U23-36
Added Net: Name=DAC_RST
Added Pin To Net: NetName=DAC_SDIO Pin=U13-F26
Added Pin To Net: NetName=DAC_SDIO Pin=U23-31
Added Net: Name=DAC_SDIO
Added Pin To Net: NetName=DAC_TX_EN Pin=U13-J26
Added Pin To Net: NetName=DAC_TX_EN Pin=U23-30
Added Net: Name=DAC_TX_EN
Added Pin To Net: NetName=DDR3_A0 Pin=R43-1
Added Pin To Net: NetName=DDR3_A0 Pin=U13-N7
Added Pin To Net: NetName=DDR3_A0 Pin=U16-N3
Added Net: Name=DDR3_A0
Added Pin To Net: NetName=DDR3_A1 Pin=R44-1
Added Pin To Net: NetName=DDR3_A1 Pin=U13-N6
Added Pin To Net: NetName=DDR3_A1 Pin=U16-P7
Added Net: Name=DDR3_A1
Added Pin To Net: NetName=DDR3_A2 Pin=R45-1
Added Pin To Net: NetName=DDR3_A2 Pin=U13-R9
Added Pin To Net: NetName=DDR3_A2 Pin=U16-P3
Added Net: Name=DDR3_A2
Added Pin To Net: NetName=DDR3_A3 Pin=R46-1
Added Pin To Net: NetName=DDR3_A3 Pin=U13-P7
Added Pin To Net: NetName=DDR3_A3 Pin=U16-N2
Added Net: Name=DDR3_A3
Added Pin To Net: NetName=DDR3_A4 Pin=R47-1
Added Pin To Net: NetName=DDR3_A4 Pin=U13-N9
Added Pin To Net: NetName=DDR3_A4 Pin=U16-P8
Added Net: Name=DDR3_A4
Added Pin To Net: NetName=DDR3_A5 Pin=R48-1
Added Pin To Net: NetName=DDR3_A5 Pin=U13-R2
Added Pin To Net: NetName=DDR3_A5 Pin=U16-P2
Added Net: Name=DDR3_A5
Added Pin To Net: NetName=DDR3_A6 Pin=R49-1
Added Pin To Net: NetName=DDR3_A6 Pin=U13-R1
Added Pin To Net: NetName=DDR3_A6 Pin=U16-R8
Added Net: Name=DDR3_A6
Added Pin To Net: NetName=DDR3_A7 Pin=R50-1
Added Pin To Net: NetName=DDR3_A7 Pin=U13-P10
Added Pin To Net: NetName=DDR3_A7 Pin=U16-R2
Added Net: Name=DDR3_A7
Added Pin To Net: NetName=DDR3_A8 Pin=R51-1
Added Pin To Net: NetName=DDR3_A8 Pin=U13-N4
Added Pin To Net: NetName=DDR3_A8 Pin=U16-T8
Added Net: Name=DDR3_A8
Added Pin To Net: NetName=DDR3_A9 Pin=R52-1
Added Pin To Net: NetName=DDR3_A9 Pin=U13-N3
Added Pin To Net: NetName=DDR3_A9 Pin=U16-R3
Added Net: Name=DDR3_A9
Added Pin To Net: NetName=DDR3_A10 Pin=R53-1
Added Pin To Net: NetName=DDR3_A10 Pin=U13-M10
Added Pin To Net: NetName=DDR3_A10 Pin=U16-L7
Added Net: Name=DDR3_A10
Added Pin To Net: NetName=DDR3_A11 Pin=R54-1
Added Pin To Net: NetName=DDR3_A11 Pin=U13-L3
Added Pin To Net: NetName=DDR3_A11 Pin=U16-R7
Added Net: Name=DDR3_A11
Added Pin To Net: NetName=DDR3_A12 Pin=R55-1
Added Pin To Net: NetName=DDR3_A12 Pin=U13-M8
Added Pin To Net: NetName=DDR3_A12 Pin=U16-N7
Added Net: Name=DDR3_A12
Added Pin To Net: NetName=DDR3_A13 Pin=R56-1
Added Pin To Net: NetName=DDR3_A13 Pin=U13-M6
Added Pin To Net: NetName=DDR3_A13 Pin=U16-T3
Added Net: Name=DDR3_A13
Added Pin To Net: NetName=DDR3_BA0 Pin=R57-1
Added Pin To Net: NetName=DDR3_BA0 Pin=U13-P3
Added Pin To Net: NetName=DDR3_BA0 Pin=U16-M2
Added Net: Name=DDR3_BA0
Added Pin To Net: NetName=DDR3_BA1 Pin=R58-1
Added Pin To Net: NetName=DDR3_BA1 Pin=U13-P1
Added Pin To Net: NetName=DDR3_BA1 Pin=U16-N8
Added Net: Name=DDR3_BA1
Added Pin To Net: NetName=DDR3_BA2 Pin=R59-1
Added Pin To Net: NetName=DDR3_BA2 Pin=U13-N5
Added Pin To Net: NetName=DDR3_BA2 Pin=U16-M3
Added Net: Name=DDR3_BA2
Added Pin To Net: NetName=DDR3_CAS Pin=R63-1
Added Pin To Net: NetName=DDR3_CAS Pin=U13-P8
Added Pin To Net: NetName=DDR3_CAS Pin=U16-K3
Added Net: Name=DDR3_CAS
Added Pin To Net: NetName=DDR3_CKE0 Pin=R60-1
Added Pin To Net: NetName=DDR3_CKE0 Pin=U13-M9
Added Pin To Net: NetName=DDR3_CKE0 Pin=U16-K9
Added Net: Name=DDR3_CKE0
Added Pin To Net: NetName=DDR3_CLK0_N Pin=R66-1
Added Pin To Net: NetName=DDR3_CLK0_N Pin=U13-R3
Added Pin To Net: NetName=DDR3_CLK0_N Pin=U16-K7
Added Net: Name=DDR3_CLK0_N
Added Pin To Net: NetName=DDR3_CLK0_P Pin=R66-2
Added Pin To Net: NetName=DDR3_CLK0_P Pin=U13-R4
Added Pin To Net: NetName=DDR3_CLK0_P Pin=U16-J7
Added Net: Name=DDR3_CLK0_P
Added Pin To Net: NetName=DDR3_CS Pin=R61-1
Added Pin To Net: NetName=DDR3_CS Pin=U13-L7
Added Pin To Net: NetName=DDR3_CS Pin=U16-L2
Added Net: Name=DDR3_CS
Added Pin To Net: NetName=DDR3_DQ0 Pin=U13-Y3
Added Pin To Net: NetName=DDR3_DQ0 Pin=U16-E3
Added Net: Name=DDR3_DQ0
Added Pin To Net: NetName=DDR3_DQ1 Pin=U13-Y1
Added Pin To Net: NetName=DDR3_DQ1 Pin=U16-F7
Added Net: Name=DDR3_DQ1
Added Pin To Net: NetName=DDR3_DQ2 Pin=U13-W2
Added Pin To Net: NetName=DDR3_DQ2 Pin=U16-F2
Added Net: Name=DDR3_DQ2
Added Pin To Net: NetName=DDR3_DQ3 Pin=U13-W1
Added Pin To Net: NetName=DDR3_DQ3 Pin=U16-F8
Added Net: Name=DDR3_DQ3
Added Pin To Net: NetName=DDR3_DQ4 Pin=U13-T3
Added Pin To Net: NetName=DDR3_DQ4 Pin=U16-H3
Added Net: Name=DDR3_DQ4
Added Pin To Net: NetName=DDR3_DQ5 Pin=U13-T1
Added Pin To Net: NetName=DDR3_DQ5 Pin=U16-H8
Added Net: Name=DDR3_DQ5
Added Pin To Net: NetName=DDR3_DQ6 Pin=U13-U2
Added Pin To Net: NetName=DDR3_DQ6 Pin=U16-G2
Added Net: Name=DDR3_DQ6
Added Pin To Net: NetName=DDR3_DQ7 Pin=U13-U1
Added Pin To Net: NetName=DDR3_DQ7 Pin=U16-H7
Added Net: Name=DDR3_DQ7
Added Pin To Net: NetName=DDR3_DQ8 Pin=U13-AA2
Added Pin To Net: NetName=DDR3_DQ8 Pin=U16-D7
Added Net: Name=DDR3_DQ8
Added Pin To Net: NetName=DDR3_DQ9 Pin=U13-AA1
Added Pin To Net: NetName=DDR3_DQ9 Pin=U16-C3
Added Net: Name=DDR3_DQ9
Added Pin To Net: NetName=DDR3_DQ10 Pin=U13-AE2
Added Pin To Net: NetName=DDR3_DQ10 Pin=U16-C8
Added Net: Name=DDR3_DQ10
Added Pin To Net: NetName=DDR3_DQ11 Pin=U13-AE1
Added Pin To Net: NetName=DDR3_DQ11 Pin=U16-C2
Added Net: Name=DDR3_DQ11
Added Pin To Net: NetName=DDR3_DQ12 Pin=U13-AD3
Added Pin To Net: NetName=DDR3_DQ12 Pin=U16-A7
Added Net: Name=DDR3_DQ12
Added Pin To Net: NetName=DDR3_DQ13 Pin=U13-AD1
Added Pin To Net: NetName=DDR3_DQ13 Pin=U16-A2
Added Net: Name=DDR3_DQ13
Added Pin To Net: NetName=DDR3_DQ14 Pin=U13-AB3
Added Pin To Net: NetName=DDR3_DQ14 Pin=U16-B8
Added Net: Name=DDR3_DQ14
Added Pin To Net: NetName=DDR3_DQ15 Pin=U13-AB1
Added Pin To Net: NetName=DDR3_DQ15 Pin=U16-A3
Added Net: Name=DDR3_DQ15
Added Pin To Net: NetName=DDR3_LDM Pin=U13-W3
Added Pin To Net: NetName=DDR3_LDM Pin=U16-E7
Added Net: Name=DDR3_LDM
Added Pin To Net: NetName=DDR3_LDQS_N Pin=U13-V1
Added Pin To Net: NetName=DDR3_LDQS_N Pin=U16-G3
Added Net: Name=DDR3_LDQS_N
Added Pin To Net: NetName=DDR3_LDQS_P Pin=U13-V3
Added Pin To Net: NetName=DDR3_LDQS_P Pin=U16-F3
Added Net: Name=DDR3_LDQS_P
Added Pin To Net: NetName=DDR3_ODT Pin=R65-1
Added Pin To Net: NetName=DDR3_ODT Pin=U13-P6
Added Pin To Net: NetName=DDR3_ODT Pin=U16-K1
Added Net: Name=DDR3_ODT
Added Pin To Net: NetName=DDR3_RAS Pin=R62-1
Added Pin To Net: NetName=DDR3_RAS Pin=U13-N8
Added Pin To Net: NetName=DDR3_RAS Pin=U16-J3
Added Net: Name=DDR3_RAS
Added Pin To Net: NetName=DDR3_RESET Pin=R42-2
Added Pin To Net: NetName=DDR3_RESET Pin=U13-L4
Added Pin To Net: NetName=DDR3_RESET Pin=U16-T2
Added Net: Name=DDR3_RESET
Added Pin To Net: NetName=DDR3_UDM Pin=U13-V4
Added Pin To Net: NetName=DDR3_UDM Pin=U16-D3
Added Net: Name=DDR3_UDM
Added Pin To Net: NetName=DDR3_UDQS_N Pin=U13-AC1
Added Pin To Net: NetName=DDR3_UDQS_N Pin=U16-B7
Added Net: Name=DDR3_UDQS_N
Added Pin To Net: NetName=DDR3_UDQS_P Pin=U13-AC2
Added Pin To Net: NetName=DDR3_UDQS_P Pin=U16-C7
Added Net: Name=DDR3_UDQS_P
Added Pin To Net: NetName=DDR3_WE Pin=R64-1
Added Pin To Net: NetName=DDR3_WE Pin=U13-P5
Added Pin To Net: NetName=DDR3_WE Pin=U16-L3
Added Net: Name=DDR3_WE
Added Pin To Net: NetName=DDRVTT Pin=C140-2
Added Pin To Net: NetName=DDRVTT Pin=C141-2
Added Pin To Net: NetName=DDRVTT Pin=C142-2
Added Pin To Net: NetName=DDRVTT Pin=C143-2
Added Pin To Net: NetName=DDRVTT Pin=C144-2
Added Pin To Net: NetName=DDRVTT Pin=C145-2
Added Pin To Net: NetName=DDRVTT Pin=R43-2
Added Pin To Net: NetName=DDRVTT Pin=R44-2
Added Pin To Net: NetName=DDRVTT Pin=R45-2
Added Pin To Net: NetName=DDRVTT Pin=R46-2
Added Pin To Net: NetName=DDRVTT Pin=R47-2
Added Pin To Net: NetName=DDRVTT Pin=R48-2
Added Pin To Net: NetName=DDRVTT Pin=R49-2
Added Pin To Net: NetName=DDRVTT Pin=R50-2
Added Pin To Net: NetName=DDRVTT Pin=R51-2
Added Pin To Net: NetName=DDRVTT Pin=R52-2
Added Pin To Net: NetName=DDRVTT Pin=R53-2
Added Pin To Net: NetName=DDRVTT Pin=R54-2
Added Pin To Net: NetName=DDRVTT Pin=R55-2
Added Pin To Net: NetName=DDRVTT Pin=R56-2
Added Pin To Net: NetName=DDRVTT Pin=R57-2
Added Pin To Net: NetName=DDRVTT Pin=R58-2
Added Pin To Net: NetName=DDRVTT Pin=R59-2
Added Pin To Net: NetName=DDRVTT Pin=R60-2
Added Pin To Net: NetName=DDRVTT Pin=R61-2
Added Pin To Net: NetName=DDRVTT Pin=R62-2
Added Pin To Net: NetName=DDRVTT Pin=R63-2
Added Pin To Net: NetName=DDRVTT Pin=R64-2
Added Pin To Net: NetName=DDRVTT Pin=R65-2
Added Net: Name=DDRVTT
Added Pin To Net: NetName=DONE_2 Pin=R28-1
Added Pin To Net: NetName=DONE_2 Pin=SW1-1
Added Pin To Net: NetName=DONE_2 Pin=U13-AF23
Added Net: Name=DONE_2
Added Pin To Net: NetName=ENABLE Pin=R16-1
Added Pin To Net: NetName=ENABLE Pin=U5-13
Added Pin To Net: NetName=ENABLE Pin=U6-13
Added Pin To Net: NetName=ENABLE Pin=U7-5
Added Pin To Net: NetName=ENABLE Pin=U8-3
Added Pin To Net: NetName=ENABLE Pin=U9-5
Added Pin To Net: NetName=ENABLE Pin=U10-5
Added Pin To Net: NetName=ENABLE Pin=U11-5
Added Pin To Net: NetName=ENABLE Pin=U12-5
Added Net: Name=ENABLE
Added Pin To Net: NetName=ETH_COL Pin=U13-R17
Added Pin To Net: NetName=ETH_COL Pin=U15-28
Added Net: Name=ETH_COL
Added Pin To Net: NetName=ETH_CRS Pin=U13-R18
Added Pin To Net: NetName=ETH_CRS Pin=U15-29
Added Net: Name=ETH_CRS
Added Pin To Net: NetName=ETH_INTRP Pin=R34-1
Added Pin To Net: NetName=ETH_INTRP Pin=U13-T22
Added Pin To Net: NetName=ETH_INTRP Pin=U15-21
Added Net: Name=ETH_INTRP
Added Pin To Net: NetName=ETH_MDC Pin=U13-R19
Added Pin To Net: NetName=ETH_MDC Pin=U15-12
Added Net: Name=ETH_MDC
Added Pin To Net: NetName=ETH_MDIO Pin=R33-1
Added Pin To Net: NetName=ETH_MDIO Pin=U13-R20
Added Pin To Net: NetName=ETH_MDIO Pin=U15-11
Added Net: Name=ETH_MDIO
Added Pin To Net: NetName=ETH_Reset Pin=U13-P18
Added Pin To Net: NetName=ETH_Reset Pin=U15-32
Added Net: Name=ETH_Reset
Added Pin To Net: NetName=ETH_RXC Pin=U13-V17
Added Pin To Net: NetName=ETH_RXC Pin=U15-19
Added Net: Name=ETH_RXC
Added Pin To Net: NetName=ETH_RXD0 Pin=U13-T19
Added Pin To Net: NetName=ETH_RXD0 Pin=U15-16
Added Net: Name=ETH_RXD0
Added Pin To Net: NetName=ETH_RXD1 Pin=U13-U21
Added Pin To Net: NetName=ETH_RXD1 Pin=U15-15
Added Net: Name=ETH_RXD1
Added Pin To Net: NetName=ETH_RXD2 Pin=U13-U22
Added Pin To Net: NetName=ETH_RXD2 Pin=U15-14
Added Net: Name=ETH_RXD2
Added Pin To Net: NetName=ETH_RXD3 Pin=U13-U17
Added Pin To Net: NetName=ETH_RXD3 Pin=U15-13
Added Net: Name=ETH_RXD3
Added Pin To Net: NetName=ETH_RXDV Pin=U13-U23
Added Pin To Net: NetName=ETH_RXDV Pin=U15-18
Added Net: Name=ETH_RXDV
Added Pin To Net: NetName=ETH_RXER Pin=U13-T18
Added Pin To Net: NetName=ETH_RXER Pin=U15-20
Added Net: Name=ETH_RXER
Added Pin To Net: NetName=ETH_TXC Pin=U13-V18
Added Pin To Net: NetName=ETH_TXC Pin=U15-22
Added Net: Name=ETH_TXC
Added Pin To Net: NetName=ETH_TXD0 Pin=U13-T20
Added Pin To Net: NetName=ETH_TXD0 Pin=U15-24
Added Net: Name=ETH_TXD0
Added Pin To Net: NetName=ETH_TXD1 Pin=U13-U20
Added Pin To Net: NetName=ETH_TXD1 Pin=U15-25
Added Net: Name=ETH_TXD1
Added Pin To Net: NetName=ETH_TXD2 Pin=U13-AC23
Added Pin To Net: NetName=ETH_TXD2 Pin=U15-26
Added Net: Name=ETH_TXD2
Added Pin To Net: NetName=ETH_TXD3 Pin=U13-AC24
Added Pin To Net: NetName=ETH_TXD3 Pin=U15-27
Added Net: Name=ETH_TXD3
Added Pin To Net: NetName=ETH_TXEN Pin=U13-AA23
Added Pin To Net: NetName=ETH_TXEN Pin=U15-23
Added Net: Name=ETH_TXEN
Added Pin To Net: NetName=ETH_TXER Pin=U13-AA24
Added Pin To Net: NetName=ETH_TXER Pin=U15-31
Added Net: Name=ETH_TXER
Added Pin To Net: NetName=GND Pin=C1-1
Added Pin To Net: NetName=GND Pin=C2-1
Added Pin To Net: NetName=GND Pin=C3-1
Added Pin To Net: NetName=GND Pin=C4-1
Added Pin To Net: NetName=GND Pin=C5-1
Added Pin To Net: NetName=GND Pin=C6-2
Added Pin To Net: NetName=GND Pin=C7-1
Added Pin To Net: NetName=GND Pin=C8-2
Added Pin To Net: NetName=GND Pin=C9-1
Added Pin To Net: NetName=GND Pin=C10-2
Added Pin To Net: NetName=GND Pin=C11-1
Added Pin To Net: NetName=GND Pin=C12-1
Added Pin To Net: NetName=GND Pin=C13-1
Added Pin To Net: NetName=GND Pin=C14-1
Added Pin To Net: NetName=GND Pin=C15-1
Added Pin To Net: NetName=GND Pin=C16-1
Added Pin To Net: NetName=GND Pin=C17-2
Added Pin To Net: NetName=GND Pin=C18-1
Added Pin To Net: NetName=GND Pin=C19-1
Added Pin To Net: NetName=GND Pin=C20-1
Added Pin To Net: NetName=GND Pin=C21-1
Added Pin To Net: NetName=GND Pin=C22-1
Added Pin To Net: NetName=GND Pin=C24-1
Added Pin To Net: NetName=GND Pin=C25-1
Added Pin To Net: NetName=GND Pin=C26-1
Added Pin To Net: NetName=GND Pin=C27-1
Added Pin To Net: NetName=GND Pin=C28-1
Added Pin To Net: NetName=GND Pin=C29-1
Added Pin To Net: NetName=GND Pin=C30-1
Added Pin To Net: NetName=GND Pin=C31-1
Added Pin To Net: NetName=GND Pin=C32-1
Added Pin To Net: NetName=GND Pin=C33-1
Added Pin To Net: NetName=GND Pin=C34-1
Added Pin To Net: NetName=GND Pin=C35-1
Added Pin To Net: NetName=GND Pin=C36-1
Added Pin To Net: NetName=GND Pin=C37-1
Added Pin To Net: NetName=GND Pin=C38-1
Added Pin To Net: NetName=GND Pin=C39-1
Added Pin To Net: NetName=GND Pin=C40-1
Added Pin To Net: NetName=GND Pin=C41-1
Added Pin To Net: NetName=GND Pin=C42-1
Added Pin To Net: NetName=GND Pin=C43-1
Added Pin To Net: NetName=GND Pin=C44-1
Added Pin To Net: NetName=GND Pin=C45-1
Added Pin To Net: NetName=GND Pin=C46-1
Added Pin To Net: NetName=GND Pin=C47-1
Added Pin To Net: NetName=GND Pin=C48-1
Added Pin To Net: NetName=GND Pin=C49-1
Added Pin To Net: NetName=GND Pin=C50-1
Added Pin To Net: NetName=GND Pin=C51-1
Added Pin To Net: NetName=GND Pin=C52-1
Added Pin To Net: NetName=GND Pin=C53-1
Added Pin To Net: NetName=GND Pin=C54-1
Added Pin To Net: NetName=GND Pin=C55-1
Added Pin To Net: NetName=GND Pin=C56-1
Added Pin To Net: NetName=GND Pin=C57-1
Added Pin To Net: NetName=GND Pin=C58-1
Added Pin To Net: NetName=GND Pin=C59-1
Added Pin To Net: NetName=GND Pin=C60-1
Added Pin To Net: NetName=GND Pin=C61-1
Added Pin To Net: NetName=GND Pin=C62-1
Added Pin To Net: NetName=GND Pin=C63-1
Added Pin To Net: NetName=GND Pin=C64-1
Added Pin To Net: NetName=GND Pin=C65-1
Added Pin To Net: NetName=GND Pin=C66-1
Added Pin To Net: NetName=GND Pin=C67-1
Added Pin To Net: NetName=GND Pin=C68-1
Added Pin To Net: NetName=GND Pin=C69-1
Added Pin To Net: NetName=GND Pin=C70-1
Added Pin To Net: NetName=GND Pin=C71-1
Added Pin To Net: NetName=GND Pin=C72-1
Added Pin To Net: NetName=GND Pin=C73-1
Added Pin To Net: NetName=GND Pin=C74-1
Added Pin To Net: NetName=GND Pin=C75-1
Added Pin To Net: NetName=GND Pin=C76-1
Added Pin To Net: NetName=GND Pin=C77-1
Added Pin To Net: NetName=GND Pin=C78-1
Added Pin To Net: NetName=GND Pin=C79-1
Added Pin To Net: NetName=GND Pin=C80-1
Added Pin To Net: NetName=GND Pin=C81-1
Added Pin To Net: NetName=GND Pin=C82-1
Added Pin To Net: NetName=GND Pin=C83-1
Added Pin To Net: NetName=GND Pin=C84-1
Added Pin To Net: NetName=GND Pin=C85-1
Added Pin To Net: NetName=GND Pin=C86-1
Added Pin To Net: NetName=GND Pin=C87-1
Added Pin To Net: NetName=GND Pin=C88-1
Added Pin To Net: NetName=GND Pin=C89-1
Added Pin To Net: NetName=GND Pin=C90-1
Added Pin To Net: NetName=GND Pin=C91-1
Added Pin To Net: NetName=GND Pin=C92-1
Added Pin To Net: NetName=GND Pin=C93-1
Added Pin To Net: NetName=GND Pin=C94-1
Added Pin To Net: NetName=GND Pin=C95-1
Added Pin To Net: NetName=GND Pin=C96-1
Added Pin To Net: NetName=GND Pin=C97-1
Added Pin To Net: NetName=GND Pin=C98-1
Added Pin To Net: NetName=GND Pin=C99-1
Added Pin To Net: NetName=GND Pin=C100-1
Added Pin To Net: NetName=GND Pin=C101-1
Added Pin To Net: NetName=GND Pin=C102-1
Added Pin To Net: NetName=GND Pin=C103-1
Added Pin To Net: NetName=GND Pin=C104-1
Added Pin To Net: NetName=GND Pin=C105-1
Added Pin To Net: NetName=GND Pin=C106-1
Added Pin To Net: NetName=GND Pin=C108-1
Added Pin To Net: NetName=GND Pin=C109-1
Added Pin To Net: NetName=GND Pin=C110-1
Added Pin To Net: NetName=GND Pin=C111-1
Added Pin To Net: NetName=GND Pin=C113-1
Added Pin To Net: NetName=GND Pin=C114-1
Added Pin To Net: NetName=GND Pin=C115-1
Added Pin To Net: NetName=GND Pin=C116-1
Added Pin To Net: NetName=GND Pin=C118-1
Added Pin To Net: NetName=GND Pin=C119-1
Added Pin To Net: NetName=GND Pin=C120-1
Added Pin To Net: NetName=GND Pin=C121-1
Added Pin To Net: NetName=GND Pin=C122-1
Added Pin To Net: NetName=GND Pin=C123-1
Added Pin To Net: NetName=GND Pin=C124-2
Added Pin To Net: NetName=GND Pin=C125-1
Added Pin To Net: NetName=GND Pin=C126-1
Added Pin To Net: NetName=GND Pin=C127-1
Added Pin To Net: NetName=GND Pin=C128-1
Added Pin To Net: NetName=GND Pin=C129-1
Added Pin To Net: NetName=GND Pin=C130-1
Added Pin To Net: NetName=GND Pin=C132-1
Added Pin To Net: NetName=GND Pin=C133-1
Added Pin To Net: NetName=GND Pin=C134-1
Added Pin To Net: NetName=GND Pin=C135-1
Added Pin To Net: NetName=GND Pin=C136-1
Added Pin To Net: NetName=GND Pin=C137-1
Added Pin To Net: NetName=GND Pin=C138-1
Added Pin To Net: NetName=GND Pin=C139-1
Added Pin To Net: NetName=GND Pin=C140-1
Added Pin To Net: NetName=GND Pin=C141-1
Added Pin To Net: NetName=GND Pin=C142-1
Added Pin To Net: NetName=GND Pin=C143-1
Added Pin To Net: NetName=GND Pin=C144-1
Added Pin To Net: NetName=GND Pin=C145-1
Added Pin To Net: NetName=GND Pin=C146-1
Added Pin To Net: NetName=GND Pin=C147-1
Added Pin To Net: NetName=GND Pin=C148-1
Added Pin To Net: NetName=GND Pin=C149-1
Added Pin To Net: NetName=GND Pin=C150-1
Added Pin To Net: NetName=GND Pin=C151-1
Added Pin To Net: NetName=GND Pin=C152-1
Added Pin To Net: NetName=GND Pin=C155-1
Added Pin To Net: NetName=GND Pin=C156-1
Added Pin To Net: NetName=GND Pin=C157-1
Added Pin To Net: NetName=GND Pin=C158-1
Added Pin To Net: NetName=GND Pin=C159-2
Added Pin To Net: NetName=GND Pin=C161-1
Added Pin To Net: NetName=GND Pin=C165-1
Added Pin To Net: NetName=GND Pin=C167-1
Added Pin To Net: NetName=GND Pin=C168-1
Added Pin To Net: NetName=GND Pin=C169-1
Added Pin To Net: NetName=GND Pin=C170-1
Added Pin To Net: NetName=GND Pin=C171-1
Added Pin To Net: NetName=GND Pin=C172-1
Added Pin To Net: NetName=GND Pin=C173-1
Added Pin To Net: NetName=GND Pin=C174-1
Added Pin To Net: NetName=GND Pin=C175-1
Added Pin To Net: NetName=GND Pin=C176-1
Added Pin To Net: NetName=GND Pin=C177-1
Added Pin To Net: NetName=GND Pin=C178-1
Added Pin To Net: NetName=GND Pin=C179-1
Added Pin To Net: NetName=GND Pin=C180-1
Added Pin To Net: NetName=GND Pin=C181-1
Added Pin To Net: NetName=GND Pin=C182-1
Added Pin To Net: NetName=GND Pin=C183-1
Added Pin To Net: NetName=GND Pin=C184-1
Added Pin To Net: NetName=GND Pin=C185-1
Added Pin To Net: NetName=GND Pin=C186-1
Added Pin To Net: NetName=GND Pin=C187-1
Added Pin To Net: NetName=GND Pin=C188-1
Added Pin To Net: NetName=GND Pin=C189-1
Added Pin To Net: NetName=GND Pin=C190-1
Added Pin To Net: NetName=GND Pin=C191-1
Added Pin To Net: NetName=GND Pin=C192-1
Added Pin To Net: NetName=GND Pin=C193-1
Added Pin To Net: NetName=GND Pin=C194-1
Added Pin To Net: NetName=GND Pin=C195-1
Added Pin To Net: NetName=GND Pin=C196-1
Added Pin To Net: NetName=GND Pin=C197-1
Added Pin To Net: NetName=GND Pin=C202-1
Added Pin To Net: NetName=GND Pin=C203-1
Added Pin To Net: NetName=GND Pin=C204-1
Added Pin To Net: NetName=GND Pin=C205-1
Added Pin To Net: NetName=GND Pin=C206-1
Added Pin To Net: NetName=GND Pin=C207-1
Added Pin To Net: NetName=GND Pin=C208-1
Added Pin To Net: NetName=GND Pin=C209-1
Added Pin To Net: NetName=GND Pin=C210-1
Added Pin To Net: NetName=GND Pin=C211-1
Added Pin To Net: NetName=GND Pin=C212-1
Added Pin To Net: NetName=GND Pin=C213-1
Added Pin To Net: NetName=GND Pin=C214-1
Added Pin To Net: NetName=GND Pin=C215-1
Added Pin To Net: NetName=GND Pin=C216-1
Added Pin To Net: NetName=GND Pin=C217-1
Added Pin To Net: NetName=GND Pin=C218-1
Added Pin To Net: NetName=GND Pin=C219-1
Added Pin To Net: NetName=GND Pin=C220-1
Added Pin To Net: NetName=GND Pin=C221-1
Added Pin To Net: NetName=GND Pin=C222-1
Added Pin To Net: NetName=GND Pin=C223-1
Added Pin To Net: NetName=GND Pin=C224-1
Added Pin To Net: NetName=GND Pin=C225-1
Added Pin To Net: NetName=GND Pin=C226-1
Added Pin To Net: NetName=GND Pin=C227-1
Added Pin To Net: NetName=GND Pin=C228-1
Added Pin To Net: NetName=GND Pin=C229-1
Added Pin To Net: NetName=GND Pin=C230-1
Added Pin To Net: NetName=GND Pin=C231-1
Added Pin To Net: NetName=GND Pin=C232-1
Added Pin To Net: NetName=GND Pin=C236-1
Added Pin To Net: NetName=GND Pin=C237-1
Added Pin To Net: NetName=GND Pin=C238-1
Added Pin To Net: NetName=GND Pin=C239-1
Added Pin To Net: NetName=GND Pin=C240-1
Added Pin To Net: NetName=GND Pin=C241-1
Added Pin To Net: NetName=GND Pin=C242-1
Added Pin To Net: NetName=GND Pin=D3-2
Added Pin To Net: NetName=GND Pin=D8-K
Added Pin To Net: NetName=GND Pin=ISO1-9
Added Pin To Net: NetName=GND Pin=ISO1-15
Added Pin To Net: NetName=GND Pin=J1-4
Added Pin To Net: NetName=GND Pin=J1-5
Added Pin To Net: NetName=GND Pin=J1-6
Added Pin To Net: NetName=GND Pin=J4-2
Added Pin To Net: NetName=GND Pin=J4-3
Added Pin To Net: NetName=GND Pin=J4-4
Added Pin To Net: NetName=GND Pin=J4-5
Added Pin To Net: NetName=GND Pin=J5-2
Added Pin To Net: NetName=GND Pin=J5-3
Added Pin To Net: NetName=GND Pin=J5-4
Added Pin To Net: NetName=GND Pin=J5-5
Added Pin To Net: NetName=GND Pin=J6-2
Added Pin To Net: NetName=GND Pin=J6-3
Added Pin To Net: NetName=GND Pin=J6-4
Added Pin To Net: NetName=GND Pin=J6-5
Added Pin To Net: NetName=GND Pin=J7-2
Added Pin To Net: NetName=GND Pin=J7-3
Added Pin To Net: NetName=GND Pin=J7-4
Added Pin To Net: NetName=GND Pin=J7-5
Added Pin To Net: NetName=GND Pin=M1-1
Added Pin To Net: NetName=GND Pin=M1-7
Added Pin To Net: NetName=GND Pin=M1-14
Added Pin To Net: NetName=GND Pin=R3-1
Added Pin To Net: NetName=GND Pin=R4-1
Added Pin To Net: NetName=GND Pin=R5-1
Added Pin To Net: NetName=GND Pin=R6-1
Added Pin To Net: NetName=GND Pin=R7-1
Added Pin To Net: NetName=GND Pin=R10-1
Added Pin To Net: NetName=GND Pin=R11-1
Added Pin To Net: NetName=GND Pin=R14-1
Added Pin To Net: NetName=GND Pin=R15-1
Added Pin To Net: NetName=GND Pin=R20-1
Added Pin To Net: NetName=GND Pin=R21-1
Added Pin To Net: NetName=GND Pin=R22-1
Added Pin To Net: NetName=GND Pin=R25-1
Added Pin To Net: NetName=GND Pin=R26-1
Added Pin To Net: NetName=GND Pin=R32-1
Added Pin To Net: NetName=GND Pin=R39-1
Added Pin To Net: NetName=GND Pin=R41-1
Added Pin To Net: NetName=GND Pin=R42-1
Added Pin To Net: NetName=GND Pin=R67-1
Added Pin To Net: NetName=GND Pin=R71-1
Added Pin To Net: NetName=GND Pin=R79-1
Added Pin To Net: NetName=GND Pin=R82-1
Added Pin To Net: NetName=GND Pin=R83-1
Added Pin To Net: NetName=GND Pin=R85-1
Added Pin To Net: NetName=GND Pin=R86-1
Added Pin To Net: NetName=GND Pin=R87-1
Added Pin To Net: NetName=GND Pin=R88-1
Added Pin To Net: NetName=GND Pin=R94-1
Added Pin To Net: NetName=GND Pin=R99-1
Added Pin To Net: NetName=GND Pin=R100-2
Added Pin To Net: NetName=GND Pin=R106-1
Added Pin To Net: NetName=GND Pin=R107-2
Added Pin To Net: NetName=GND Pin=R113-1
Added Pin To Net: NetName=GND Pin=R118-1
Added Pin To Net: NetName=GND Pin=R119-1
Added Pin To Net: NetName=GND Pin=R120-1
Added Pin To Net: NetName=GND Pin=R125-1
Added Pin To Net: NetName=GND Pin=R126-1
Added Pin To Net: NetName=GND Pin=R127-1
Added Pin To Net: NetName=GND Pin=R129-1
Added Pin To Net: NetName=GND Pin=SW1-3
Added Pin To Net: NetName=GND Pin=U1-2
Added Pin To Net: NetName=GND Pin=U1-4
Added Pin To Net: NetName=GND Pin=U1-8
Added Pin To Net: NetName=GND Pin=U2-3
Added Pin To Net: NetName=GND Pin=U2-4
Added Pin To Net: NetName=GND Pin=U2-7
Added Pin To Net: NetName=GND Pin=U3-1
Added Pin To Net: NetName=GND Pin=U4-2
Added Pin To Net: NetName=GND Pin=U4-4
Added Pin To Net: NetName=GND Pin=U4-8
Added Pin To Net: NetName=GND Pin=U5-6
Added Pin To Net: NetName=GND Pin=U5-7
Added Pin To Net: NetName=GND Pin=U5-10
Added Pin To Net: NetName=GND Pin=U5-E1
Added Pin To Net: NetName=GND Pin=U6-7
Added Pin To Net: NetName=GND Pin=U6-21
Added Pin To Net: NetName=GND Pin=U7-6
Added Pin To Net: NetName=GND Pin=U7-11
Added Pin To Net: NetName=GND Pin=U8-6
Added Pin To Net: NetName=GND Pin=U8-11
Added Pin To Net: NetName=GND Pin=U9-6
Added Pin To Net: NetName=GND Pin=U9-11
Added Pin To Net: NetName=GND Pin=U10-6
Added Pin To Net: NetName=GND Pin=U10-11
Added Pin To Net: NetName=GND Pin=U11-6
Added Pin To Net: NetName=GND Pin=U11-11
Added Pin To Net: NetName=GND Pin=U12-4
Added Pin To Net: NetName=GND Pin=U12-8
Added Pin To Net: NetName=GND Pin=U12-11
Added Pin To Net: NetName=GND Pin=U13-A1
Added Pin To Net: NetName=GND Pin=U13-A3
Added Pin To Net: NetName=GND Pin=U13-A26
Added Pin To Net: NetName=GND Pin=U13-AB2
Added Pin To Net: NetName=GND Pin=U13-AB12
Added Pin To Net: NetName=GND Pin=U13-AB16
Added Pin To Net: NetName=GND Pin=U13-AB20
Added Pin To Net: NetName=GND Pin=U13-AB25
Added Pin To Net: NetName=GND Pin=U13-AC8
Added Pin To Net: NetName=GND Pin=U13-AD16
Added Pin To Net: NetName=GND Pin=U13-AE6
Added Pin To Net: NetName=GND Pin=U13-AE10
Added Pin To Net: NetName=GND Pin=U13-AE14
Added Pin To Net: NetName=GND Pin=U13-AE18
Added Pin To Net: NetName=GND Pin=U13-AE22
Added Pin To Net: NetName=GND Pin=U13-AF1
Added Pin To Net: NetName=GND Pin=U13-AF26
Added Pin To Net: NetName=GND Pin=U13-B5
Added Pin To Net: NetName=GND Pin=U13-B9
Added Pin To Net: NetName=GND Pin=U13-B13
Added Pin To Net: NetName=GND Pin=U13-B17
Added Pin To Net: NetName=GND Pin=U13-B21
Added Pin To Net: NetName=GND Pin=U13-D4
Added Pin To Net: NetName=GND Pin=U13-E7
Added Pin To Net: NetName=GND Pin=U13-E11
Added Pin To Net: NetName=GND Pin=U13-E15
Added Pin To Net: NetName=GND Pin=U13-E22
Added Pin To Net: NetName=GND Pin=U13-F2
Added Pin To Net: NetName=GND Pin=U13-F19
Added Pin To Net: NetName=GND Pin=U13-F25
Added Pin To Net: NetName=GND Pin=U13-H4
Added Pin To Net: NetName=GND Pin=U13-H11
Added Pin To Net: NetName=GND Pin=U13-H23
Added Pin To Net: NetName=GND Pin=U13-J8
Added Pin To Net: NetName=GND Pin=U13-J19
Added Pin To Net: NetName=GND Pin=U13-K2
Added Pin To Net: NetName=GND Pin=U13-K16
Added Pin To Net: NetName=GND Pin=U13-K25
Added Pin To Net: NetName=GND Pin=U13-L11
Added Pin To Net: NetName=GND Pin=U13-L13
Added Pin To Net: NetName=GND Pin=U13-L15
Added Pin To Net: NetName=GND Pin=U13-M5
Added Pin To Net: NetName=GND Pin=U13-M12
Added Pin To Net: NetName=GND Pin=U13-M14
Added Pin To Net: NetName=GND Pin=U13-M16
Added Pin To Net: NetName=GND Pin=U13-M22
Added Pin To Net: NetName=GND Pin=U13-N11
Added Pin To Net: NetName=GND Pin=U13-N13
Added Pin To Net: NetName=GND Pin=U13-N15
Added Pin To Net: NetName=GND Pin=U13-P2
Added Pin To Net: NetName=GND Pin=U13-P12
Added Pin To Net: NetName=GND Pin=U13-P14
Added Pin To Net: NetName=GND Pin=U13-P16
Added Pin To Net: NetName=GND Pin=U13-P19
Added Pin To Net: NetName=GND Pin=U13-P25
Added Pin To Net: NetName=GND Pin=U13-R8
Added Pin To Net: NetName=GND Pin=U13-R11
Added Pin To Net: NetName=GND Pin=U13-R13
Added Pin To Net: NetName=GND Pin=U13-R15
Added Pin To Net: NetName=GND Pin=U13-T5
Added Pin To Net: NetName=GND Pin=U13-T12
Added Pin To Net: NetName=GND Pin=U13-T14
Added Pin To Net: NetName=GND Pin=U13-T16
Added Pin To Net: NetName=GND Pin=U13-T21
Added Pin To Net: NetName=GND Pin=U13-U11
Added Pin To Net: NetName=GND Pin=U13-V2
Added Pin To Net: NetName=GND Pin=U13-V25
Added Pin To Net: NetName=GND Pin=U13-W15
Added Pin To Net: NetName=GND Pin=U13-W20
Added Pin To Net: NetName=GND Pin=U13-Y4
Added Pin To Net: NetName=GND Pin=U13-Y7
Added Pin To Net: NetName=GND Pin=U13-Y11
Added Pin To Net: NetName=GND Pin=U13-Y23
Added Pin To Net: NetName=GND Pin=U14-36
Added Pin To Net: NetName=GND Pin=U14-43
Added Pin To Net: NetName=GND Pin=U14-PAD
Added Pin To Net: NetName=GND Pin=U15-1
Added Pin To Net: NetName=GND Pin=U15-33
Added Pin To Net: NetName=GND Pin=U15-34
Added Pin To Net: NetName=GND Pin=U15-35
Added Pin To Net: NetName=GND Pin=U15-36
Added Pin To Net: NetName=GND Pin=U15-37
Added Pin To Net: NetName=GND Pin=U15-38
Added Pin To Net: NetName=GND Pin=U15-39
Added Pin To Net: NetName=GND Pin=U15-40
Added Pin To Net: NetName=GND Pin=U15-41
Added Pin To Net: NetName=GND Pin=U15-42
Added Pin To Net: NetName=GND Pin=U16-A9
Added Pin To Net: NetName=GND Pin=U16-B1
Added Pin To Net: NetName=GND Pin=U16-B3
Added Pin To Net: NetName=GND Pin=U16-B9
Added Pin To Net: NetName=GND Pin=U16-D1
Added Pin To Net: NetName=GND Pin=U16-D8
Added Pin To Net: NetName=GND Pin=U16-E1
Added Pin To Net: NetName=GND Pin=U16-E2
Added Pin To Net: NetName=GND Pin=U16-E8
Added Pin To Net: NetName=GND Pin=U16-F9
Added Pin To Net: NetName=GND Pin=U16-G1
Added Pin To Net: NetName=GND Pin=U16-G8
Added Pin To Net: NetName=GND Pin=U16-G9
Added Pin To Net: NetName=GND Pin=U16-J2
Added Pin To Net: NetName=GND Pin=U16-J8
Added Pin To Net: NetName=GND Pin=U16-M1
Added Pin To Net: NetName=GND Pin=U16-M9
Added Pin To Net: NetName=GND Pin=U16-P1
Added Pin To Net: NetName=GND Pin=U16-P9
Added Pin To Net: NetName=GND Pin=U16-T1
Added Pin To Net: NetName=GND Pin=U16-T9
Added Pin To Net: NetName=GND Pin=U17-2
Added Pin To Net: NetName=GND Pin=U18-2
Added Pin To Net: NetName=GND Pin=U19-7
Added Pin To Net: NetName=GND Pin=U19-21
Added Pin To Net: NetName=GND Pin=U19-PAD
Added Pin To Net: NetName=GND Pin=U20-4
Added Pin To Net: NetName=GND Pin=U21-17
Added Pin To Net: NetName=GND Pin=U21-18
Added Pin To Net: NetName=GND Pin=U21-21
Added Pin To Net: NetName=GND Pin=U21-24
Added Pin To Net: NetName=GND Pin=U21-27
Added Pin To Net: NetName=GND Pin=U21-28
Added Pin To Net: NetName=GND Pin=U21-31
Added Pin To Net: NetName=GND Pin=U21-32
Added Pin To Net: NetName=GND Pin=U21-39
Added Pin To Net: NetName=GND Pin=U21-49
Added Pin To Net: NetName=GND Pin=U21-59
Added Pin To Net: NetName=GND Pin=U21-PAD
Added Pin To Net: NetName=GND Pin=U23-5
Added Pin To Net: NetName=GND Pin=U23-41
Added Pin To Net: NetName=GND Pin=U23-44
Added Pin To Net: NetName=GND Pin=U23-PAD
Added Pin To Net: NetName=GND Pin=Y1-3
Added Pin To Net: NetName=GND Pin=Y2-2
Added Net: Name=GND
Added Pin To Net: NetName=GND USB Pin=C233-1
Added Pin To Net: NetName=GND USB Pin=C234-1
Added Pin To Net: NetName=GND USB Pin=C235-2
Added Pin To Net: NetName=GND USB Pin=C236-2
Added Pin To Net: NetName=GND USB Pin=D9-3
Added Pin To Net: NetName=GND USB Pin=D9-8
Added Pin To Net: NetName=GND USB Pin=ISO1-2
Added Pin To Net: NetName=GND USB Pin=ISO1-8
Added Pin To Net: NetName=GND USB Pin=J8-4
Added Pin To Net: NetName=GND USB Pin=R134-1
Added Pin To Net: NetName=GND USB Pin=U25-2
Added Net: Name=GND USB
Added Pin To Net: NetName=JTAG_TCK Pin=M1-10
Added Pin To Net: NetName=JTAG_TCK Pin=U13-E21
Added Net: Name=JTAG_TCK
Added Pin To Net: NetName=JTAG_TDI Pin=M1-12
Added Pin To Net: NetName=JTAG_TDI Pin=U13-F20
Added Net: Name=JTAG_TDI
Added Pin To Net: NetName=JTAG_TDO Pin=M1-11
Added Pin To Net: NetName=JTAG_TDO Pin=U13-A24
Added Net: Name=JTAG_TDO
Added Pin To Net: NetName=JTAG_TMS Pin=M1-13
Added Pin To Net: NetName=JTAG_TMS Pin=U13-C23
Added Net: Name=JTAG_TMS
Added Pin To Net: NetName=LED0 Pin=D4-K
Added Pin To Net: NetName=LED0 Pin=U13-E18
Added Net: Name=LED0
Added Pin To Net: NetName=LED1 Pin=D5-K
Added Pin To Net: NetName=LED1 Pin=U13-E20
Added Net: Name=LED1
Added Pin To Net: NetName=LED2 Pin=D6-K
Added Pin To Net: NetName=LED2 Pin=U13-D20
Added Net: Name=LED2
Added Pin To Net: NetName=LED3 Pin=D7-K
Added Pin To Net: NetName=LED3 Pin=U13-J17
Added Net: Name=LED3
Added Pin To Net: NetName=MTR_Dir Pin=U13-F17
Added Pin To Net: NetName=MTR_Dir Pin=U19-3
Added Net: Name=MTR_Dir
Added Pin To Net: NetName=MTR_Enable Pin=U13-C16
Added Pin To Net: NetName=MTR_Enable Pin=U19-26
Added Net: Name=MTR_Enable
Added Pin To Net: NetName=MTR_Home Pin=U13-C17
Added Pin To Net: NetName=MTR_Home Pin=U19-2
Added Net: Name=MTR_Home
Added Pin To Net: NetName=MTR_Reset Pin=U13-D16
Added Pin To Net: NetName=MTR_Reset Pin=U19-17
Added Net: Name=MTR_Reset
Added Pin To Net: NetName=MTR_Sleep Pin=U13-G16
Added Pin To Net: NetName=MTR_Sleep Pin=U19-27
Added Net: Name=MTR_Sleep
Added Pin To Net: NetName=MTR_SR Pin=U13-E16
Added Pin To Net: NetName=MTR_SR Pin=U19-16
Added Net: Name=MTR_SR
Added Pin To Net: NetName=MTR_Step Pin=U13-F15
Added Pin To Net: NetName=MTR_Step Pin=U19-19
Added Net: Name=MTR_Step
Added Pin To Net: NetName=MTR_USM0 Pin=U13-E17
Added Pin To Net: NetName=MTR_USM0 Pin=U19-13
Added Net: Name=MTR_USM0
Added Pin To Net: NetName=MTR_USM1 Pin=U13-F16
Added Pin To Net: NetName=MTR_USM1 Pin=U19-12
Added Net: Name=MTR_USM1
Added Pin To Net: NetName=NetC7_2 Pin=C7-2
Added Pin To Net: NetName=NetC7_2 Pin=U1-6
Added Net: Name=NetC7_2
Added Pin To Net: NetName=NetC18_2 Pin=C18-2
Added Pin To Net: NetName=NetC18_2 Pin=U4-6
Added Net: Name=NetC18_2
Added Pin To Net: NetName=NetC21_2 Pin=C21-2
Added Pin To Net: NetName=NetC21_2 Pin=U5-14
Added Net: Name=NetC21_2
Added Pin To Net: NetName=NetC23_1 Pin=C23-1
Added Pin To Net: NetName=NetC23_1 Pin=R12-1
Added Pin To Net: NetName=NetC23_1 Pin=R14-2
Added Pin To Net: NetName=NetC23_1 Pin=U6-3
Added Net: Name=NetC23_1
Added Pin To Net: NetName=NetC27_2 Pin=C27-2
Added Pin To Net: NetName=NetC27_2 Pin=U6-14
Added Net: Name=NetC27_2
Added Pin To Net: NetName=NetC28_2 Pin=C28-2
Added Pin To Net: NetName=NetC28_2 Pin=U7-7
Added Net: Name=NetC28_2
Added Pin To Net: NetName=NetC35_2 Pin=C35-2
Added Pin To Net: NetName=NetC35_2 Pin=U8-7
Added Net: Name=NetC35_2
Added Pin To Net: NetName=NetC36_2 Pin=C36-2
Added Pin To Net: NetName=NetC36_2 Pin=U9-7
Added Net: Name=NetC36_2
Added Pin To Net: NetName=NetC37_2 Pin=C37-2
Added Pin To Net: NetName=NetC37_2 Pin=U10-7
Added Net: Name=NetC37_2
Added Pin To Net: NetName=NetC42_2 Pin=C42-2
Added Pin To Net: NetName=NetC42_2 Pin=U12-6
Added Net: Name=NetC42_2
Added Pin To Net: NetName=NetC43_2 Pin=C43-2
Added Pin To Net: NetName=NetC43_2 Pin=U11-7
Added Net: Name=NetC43_2
Added Pin To Net: NetName=NetC91_2 Pin=C91-2
Added Pin To Net: NetName=NetC91_2 Pin=C92-2
Added Pin To Net: NetName=NetC91_2 Pin=L1-1
Added Pin To Net: NetName=NetC91_2 Pin=Y1-2
Added Pin To Net: NetName=NetC91_2 Pin=Y1-6
Added Net: Name=NetC91_2
Added Pin To Net: NetName=NetC93_2 Pin=C93-2
Added Pin To Net: NetName=NetC93_2 Pin=U14-38
Added Net: Name=NetC93_2
Added Pin To Net: NetName=NetC94_2 Pin=C94-2
Added Pin To Net: NetName=NetC94_2 Pin=U14-4
Added Net: Name=NetC94_2
Added Pin To Net: NetName=NetC95_2 Pin=C95-2
Added Pin To Net: NetName=NetC95_2 Pin=U14-48
Added Net: Name=NetC95_2
Added Pin To Net: NetName=NetC96_2 Pin=C96-2
Added Pin To Net: NetName=NetC96_2 Pin=R31-2
Added Pin To Net: NetName=NetC96_2 Pin=U14-12
Added Net: Name=NetC96_2
Added Pin To Net: NetName=NetC122_2 Pin=C122-2
Added Pin To Net: NetName=NetC122_2 Pin=T1-7
Added Net: Name=NetC122_2
Added Pin To Net: NetName=NetC123_2 Pin=C123-2
Added Pin To Net: NetName=NetC123_2 Pin=T1-2
Added Net: Name=NetC123_2
Added Pin To Net: NetName=NetC124_1 Pin=C124-1
Added Pin To Net: NetName=NetC124_1 Pin=R35-1
Added Pin To Net: NetName=NetC124_1 Pin=R36-1
Added Pin To Net: NetName=NetC124_1 Pin=R37-1
Added Pin To Net: NetName=NetC124_1 Pin=R38-1
Added Net: Name=NetC124_1
Added Pin To Net: NetName=NetC152_2 Pin=C152-2
Added Pin To Net: NetName=NetC152_2 Pin=U19-20
Added Net: Name=NetC152_2
Added Pin To Net: NetName=NetC153_1 Pin=C153-1
Added Pin To Net: NetName=NetC153_1 Pin=U19-22
Added Net: Name=NetC153_1
Added Pin To Net: NetName=NetC154_1 Pin=C154-1
Added Pin To Net: NetName=NetC154_1 Pin=U19-24
Added Net: Name=NetC154_1
Added Pin To Net: NetName=NetC154_2 Pin=C154-2
Added Pin To Net: NetName=NetC154_2 Pin=U19-23
Added Net: Name=NetC154_2
Added Pin To Net: NetName=NetC156_2 Pin=C156-2
Added Pin To Net: NetName=NetC156_2 Pin=R84-1
Added Pin To Net: NetName=NetC156_2 Pin=R85-2
Added Pin To Net: NetName=NetC156_2 Pin=U19-5
Added Net: Name=NetC156_2
Added Pin To Net: NetName=NetC157_2 Pin=C157-2
Added Pin To Net: NetName=NetC157_2 Pin=R86-2
Added Pin To Net: NetName=NetC157_2 Pin=U19-6
Added Net: Name=NetC157_2
Added Pin To Net: NetName=NetC158_2 Pin=C158-2
Added Pin To Net: NetName=NetC158_2 Pin=R87-2
Added Pin To Net: NetName=NetC158_2 Pin=U19-9
Added Net: Name=NetC158_2
Added Pin To Net: NetName=NetC162_1 Pin=C162-1
Added Pin To Net: NetName=NetC162_1 Pin=U21-25
Added Net: Name=NetC162_1
Added Pin To Net: NetName=NetC163_1 Pin=C163-1
Added Pin To Net: NetName=NetC163_1 Pin=U21-26
Added Net: Name=NetC163_1
Added Pin To Net: NetName=NetC164_1 Pin=C164-1
Added Pin To Net: NetName=NetC164_1 Pin=R101-1
Added Pin To Net: NetName=NetC164_1 Pin=U21-29
Added Net: Name=NetC164_1
Added Pin To Net: NetName=NetC164_2 Pin=C164-2
Added Pin To Net: NetName=NetC164_2 Pin=R98-1
Added Pin To Net: NetName=NetC164_2 Pin=U21-30
Added Net: Name=NetC164_2
Added Pin To Net: NetName=NetC166_1 Pin=C166-1
Added Pin To Net: NetName=NetC166_1 Pin=R108-1
Added Pin To Net: NetName=NetC166_1 Pin=U21-19
Added Net: Name=NetC166_1
Added Pin To Net: NetName=NetC166_2 Pin=C166-2
Added Pin To Net: NetName=NetC166_2 Pin=R105-1
Added Pin To Net: NetName=NetC166_2 Pin=U21-20
Added Net: Name=NetC166_2
Added Pin To Net: NetName=NetC197_2 Pin=C197-2
Added Pin To Net: NetName=NetC197_2 Pin=U23-42
Added Net: Name=NetC197_2
Added Pin To Net: NetName=NetC198_1 Pin=C198-1
Added Pin To Net: NetName=NetC198_1 Pin=L14-2
Added Pin To Net: NetName=NetC198_1 Pin=R117-1
Added Net: Name=NetC198_1
Added Pin To Net: NetName=NetC198_2 Pin=C198-2
Added Pin To Net: NetName=NetC198_2 Pin=L13-2
Added Pin To Net: NetName=NetC198_2 Pin=R114-1
Added Net: Name=NetC198_2
Added Pin To Net: NetName=NetC199_1 Pin=C199-1
Added Pin To Net: NetName=NetC199_1 Pin=U23-6
Added Net: Name=NetC199_1
Added Pin To Net: NetName=NetC200_1 Pin=C200-1
Added Pin To Net: NetName=NetC200_1 Pin=U23-7
Added Net: Name=NetC200_1
Added Pin To Net: NetName=NetC201_1 Pin=C201-1
Added Pin To Net: NetName=NetC201_1 Pin=L16-2
Added Pin To Net: NetName=NetC201_1 Pin=R124-1
Added Net: Name=NetC201_1
Added Pin To Net: NetName=NetC201_2 Pin=C201-2
Added Pin To Net: NetName=NetC201_2 Pin=L15-2
Added Pin To Net: NetName=NetC201_2 Pin=R122-1
Added Net: Name=NetC201_2
Added Pin To Net: NetName=NetC235_1 Pin=C235-1
Added Pin To Net: NetName=NetC235_1 Pin=ISO1-3
Added Pin To Net: NetName=NetC235_1 Pin=ISO1-4
Added Pin To Net: NetName=NetC235_1 Pin=ISO1-5
Added Net: Name=NetC235_1
Added Pin To Net: NetName=NetD1_1 Pin=D1-1
Added Pin To Net: NetName=NetD1_1 Pin=D2-2
Added Pin To Net: NetName=NetD1_1 Pin=R5-2
Added Net: Name=NetD1_1
Added Pin To Net: NetName=NetD1_4 Pin=D1-4
Added Pin To Net: NetName=NetD1_4 Pin=D3-1
Added Pin To Net: NetName=NetD1_4 Pin=F1-2
Added Net: Name=NetD1_4
Added Pin To Net: NetName=NetD4_A Pin=D4-A
Added Pin To Net: NetName=NetD4_A Pin=R72-1
Added Net: Name=NetD4_A
Added Pin To Net: NetName=NetD5_A Pin=D5-A
Added Pin To Net: NetName=NetD5_A Pin=R73-1
Added Net: Name=NetD5_A
Added Pin To Net: NetName=NetD6_A Pin=D6-A
Added Pin To Net: NetName=NetD6_A Pin=R74-1
Added Net: Name=NetD6_A
Added Pin To Net: NetName=NetD7_A Pin=D7-A
Added Pin To Net: NetName=NetD7_A Pin=R75-1
Added Net: Name=NetD7_A
Added Pin To Net: NetName=NetD8_A Pin=D8-A
Added Pin To Net: NetName=NetD8_A Pin=R80-1
Added Net: Name=NetD8_A
Added Pin To Net: NetName=NetF1_1 Pin=F1-1
Added Pin To Net: NetName=NetF1_1 Pin=J1-1
Added Pin To Net: NetName=NetF1_1 Pin=J1-2
Added Pin To Net: NetName=NetF1_1 Pin=J1-3
Added Net: Name=NetF1_1
Added Pin To Net: NetName=NetJ2_1 Pin=J2-1
Added Pin To Net: NetName=NetJ2_1 Pin=T1-16
Added Net: Name=NetJ2_1
Added Pin To Net: NetName=NetJ2_2 Pin=J2-2
Added Pin To Net: NetName=NetJ2_2 Pin=T1-14
Added Net: Name=NetJ2_2
Added Pin To Net: NetName=NetJ2_3 Pin=J2-3
Added Pin To Net: NetName=NetJ2_3 Pin=T1-11
Added Net: Name=NetJ2_3
Added Pin To Net: NetName=NetJ2_4 Pin=J2-4
Added Pin To Net: NetName=NetJ2_4 Pin=J2-5
Added Pin To Net: NetName=NetJ2_4 Pin=R37-2
Added Net: Name=NetJ2_4
Added Pin To Net: NetName=NetJ2_6 Pin=J2-6
Added Pin To Net: NetName=NetJ2_6 Pin=T1-9
Added Net: Name=NetJ2_6
Added Pin To Net: NetName=NetJ2_7 Pin=J2-7
Added Pin To Net: NetName=NetJ2_7 Pin=J2-8
Added Pin To Net: NetName=NetJ2_7 Pin=R38-2
Added Net: Name=NetJ2_7
Added Pin To Net: NetName=NetJ3_1 Pin=J3-1
Added Pin To Net: NetName=NetJ3_1 Pin=U19-4
Added Net: Name=NetJ3_1
Added Pin To Net: NetName=NetJ3_2 Pin=J3-2
Added Pin To Net: NetName=NetJ3_2 Pin=U19-25
Added Net: Name=NetJ3_2
Added Pin To Net: NetName=NetJ3_3 Pin=J3-3
Added Pin To Net: NetName=NetJ3_3 Pin=U19-11
Added Net: Name=NetJ3_3
Added Pin To Net: NetName=NetJ3_4 Pin=J3-4
Added Pin To Net: NetName=NetJ3_4 Pin=U19-18
Added Net: Name=NetJ3_4
Added Pin To Net: NetName=NetJ4_1 Pin=J4-1
Added Pin To Net: NetName=NetJ4_1 Pin=R97-2
Added Pin To Net: NetName=NetJ4_1 Pin=R99-2
Added Net: Name=NetJ4_1
Added Pin To Net: NetName=NetJ5_1 Pin=J5-1
Added Pin To Net: NetName=NetJ5_1 Pin=R104-2
Added Pin To Net: NetName=NetJ5_1 Pin=R106-2
Added Net: Name=NetJ5_1
Added Pin To Net: NetName=NetJ6_1 Pin=J6-1
Added Pin To Net: NetName=NetJ6_1 Pin=R115-2
Added Net: Name=NetJ6_1
Added Pin To Net: NetName=NetJ7_1 Pin=J7-1
Added Pin To Net: NetName=NetJ7_1 Pin=R123-2
Added Net: Name=NetJ7_1
Added Pin To Net: NetName=NetL8_1 Pin=L8-1
Added Pin To Net: NetName=NetL8_1 Pin=U22-19
Added Net: Name=NetL8_1
Added Pin To Net: NetName=NetL8_2 Pin=L8-2
Added Pin To Net: NetName=NetL8_2 Pin=R98-2
Added Net: Name=NetL8_2
Added Pin To Net: NetName=NetL9_1 Pin=L9-1
Added Pin To Net: NetName=NetL9_1 Pin=U22-18
Added Net: Name=NetL9_1
Added Pin To Net: NetName=NetL9_2 Pin=L9-2
Added Pin To Net: NetName=NetL9_2 Pin=R101-2
Added Net: Name=NetL9_2
Added Pin To Net: NetName=NetL10_1 Pin=L10-1
Added Pin To Net: NetName=NetL10_1 Pin=U22-13
Added Net: Name=NetL10_1
Added Pin To Net: NetName=NetL10_2 Pin=L10-2
Added Pin To Net: NetName=NetL10_2 Pin=R105-2
Added Net: Name=NetL10_2
Added Pin To Net: NetName=NetL11_1 Pin=L11-1
Added Pin To Net: NetName=NetL11_1 Pin=U22-12
Added Net: Name=NetL11_1
Added Pin To Net: NetName=NetL11_2 Pin=L11-2
Added Pin To Net: NetName=NetL11_2 Pin=R108-2
Added Net: Name=NetL11_2
Added Pin To Net: NetName=NetL13_1 Pin=L13-1
Added Pin To Net: NetName=NetL13_1 Pin=R119-2
Added Pin To Net: NetName=NetL13_1 Pin=U23-47
Added Net: Name=NetL13_1
Added Pin To Net: NetName=NetL14_1 Pin=L14-1
Added Pin To Net: NetName=NetL14_1 Pin=R120-2
Added Pin To Net: NetName=NetL14_1 Pin=U23-46
Added Net: Name=NetL14_1
Added Pin To Net: NetName=NetL15_1 Pin=L15-1
Added Pin To Net: NetName=NetL15_1 Pin=R126-2
Added Pin To Net: NetName=NetL15_1 Pin=U23-38
Added Net: Name=NetL15_1
Added Pin To Net: NetName=NetL16_1 Pin=L16-1
Added Pin To Net: NetName=NetL16_1 Pin=R127-2
Added Pin To Net: NetName=NetL16_1 Pin=U23-39
Added Net: Name=NetL16_1
Added Pin To Net: NetName=NetR1_1 Pin=R1-1
Added Pin To Net: NetName=NetR1_1 Pin=R3-2
Added Pin To Net: NetName=NetR1_1 Pin=U1-3
Added Net: Name=NetR1_1
Added Pin To Net: NetName=NetR2_1 Pin=R2-1
Added Pin To Net: NetName=NetR2_1 Pin=R4-2
Added Pin To Net: NetName=NetR2_1 Pin=U1-5
Added Net: Name=NetR2_1
Added Pin To Net: NetName=NetR6_2 Pin=R6-2
Added Pin To Net: NetName=NetR6_2 Pin=U2-8
Added Net: Name=NetR6_2
Added Pin To Net: NetName=NetR7_2 Pin=R7-2
Added Pin To Net: NetName=NetR7_2 Pin=U3-4
Added Net: Name=NetR7_2
Added Pin To Net: NetName=NetR8_1 Pin=R8-1
Added Pin To Net: NetName=NetR8_1 Pin=R10-2
Added Pin To Net: NetName=NetR8_1 Pin=U4-3
Added Net: Name=NetR8_1
Added Pin To Net: NetName=NetR9_1 Pin=R9-1
Added Pin To Net: NetName=NetR9_1 Pin=R11-2
Added Pin To Net: NetName=NetR9_1 Pin=U4-5
Added Net: Name=NetR9_1
Added Pin To Net: NetName=NetR13_1 Pin=R13-1
Added Pin To Net: NetName=NetR13_1 Pin=R15-2
Added Pin To Net: NetName=NetR13_1 Pin=U7-8
Added Net: Name=NetR13_1
Added Pin To Net: NetName=NetR17_1 Pin=R17-1
Added Pin To Net: NetName=NetR17_1 Pin=R20-2
Added Pin To Net: NetName=NetR17_1 Pin=U8-8
Added Net: Name=NetR17_1
Added Pin To Net: NetName=NetR18_1 Pin=R18-1
Added Pin To Net: NetName=NetR18_1 Pin=R21-2
Added Pin To Net: NetName=NetR18_1 Pin=U9-8
Added Net: Name=NetR18_1
Added Pin To Net: NetName=NetR19_1 Pin=R19-1
Added Pin To Net: NetName=NetR19_1 Pin=R22-2
Added Pin To Net: NetName=NetR19_1 Pin=U10-8
Added Net: Name=NetR19_1
Added Pin To Net: NetName=NetR23_1 Pin=R23-1
Added Pin To Net: NetName=NetR23_1 Pin=R25-2
Added Pin To Net: NetName=NetR23_1 Pin=U11-8
Added Net: Name=NetR23_1
Added Pin To Net: NetName=NetR24_1 Pin=R24-1
Added Pin To Net: NetName=NetR24_1 Pin=R26-2
Added Pin To Net: NetName=NetR24_1 Pin=U12-7
Added Net: Name=NetR24_1
Added Pin To Net: NetName=NetR27_2 Pin=U13-G14
Added Net: Name=NetR27_2
Added Pin To Net: NetName=NetR29_1 Pin=R29-1
Added Pin To Net: NetName=NetR29_1 Pin=U13-AF3
Added Net: Name=NetR29_1
Added Pin To Net: NetName=NetR30_1 Pin=R30-1
Added Pin To Net: NetName=NetR30_1 Pin=U13-AE4
Added Net: Name=NetR30_1
Added Pin To Net: NetName=NetR32_2 Pin=R32-2
Added Pin To Net: NetName=NetR32_2 Pin=U14-30
Added Net: Name=NetR32_2
Added Pin To Net: NetName=NetR35_2 Pin=R35-2
Added Pin To Net: NetName=NetR35_2 Pin=T1-15
Added Net: Name=NetR35_2
Added Pin To Net: NetName=NetR36_2 Pin=R36-2
Added Pin To Net: NetName=NetR36_2 Pin=T1-10
Added Net: Name=NetR36_2
Added Pin To Net: NetName=NetR39_2 Pin=R39-2
Added Pin To Net: NetName=NetR39_2 Pin=U15-10
Added Net: Name=NetR39_2
Added Pin To Net: NetName=NetR67_2 Pin=R67-2
Added Pin To Net: NetName=NetR67_2 Pin=U16-L8
Added Net: Name=NetR67_2
Added Pin To Net: NetName=NetR68_1 Pin=R68-1
Added Pin To Net: NetName=NetR68_1 Pin=R71-2
Added Pin To Net: NetName=NetR68_1 Pin=S1-1
Added Pin To Net: NetName=NetR68_1 Pin=S1-2
Added Net: Name=NetR68_1
Added Pin To Net: NetName=NetR76_1 Pin=R76-1
Added Pin To Net: NetName=NetR76_1 Pin=R79-2
Added Pin To Net: NetName=NetR76_1 Pin=S2-1
Added Pin To Net: NetName=NetR76_1 Pin=S2-2
Added Net: Name=NetR76_1
Added Pin To Net: NetName=NetR81_1 Pin=R81-1
Added Pin To Net: NetName=NetR81_1 Pin=R82-2
Added Pin To Net: NetName=NetR81_1 Pin=U19-8
Added Net: Name=NetR81_1
Added Pin To Net: NetName=NetR83_2 Pin=R83-2
Added Pin To Net: NetName=NetR83_2 Pin=U19-1
Added Net: Name=NetR83_2
Added Pin To Net: NetName=NetR88_2 Pin=R88-2
Added Pin To Net: NetName=NetR88_2 Pin=U19-14
Added Net: Name=NetR88_2
Added Pin To Net: NetName=NetR91_1 Pin=R91-1
Added Pin To Net: NetName=NetR91_1 Pin=U20-2
Added Net: Name=NetR91_1
Added Pin To Net: NetName=NetR96_1 Pin=R96-1
Added Pin To Net: NetName=NetR96_1 Pin=U22-23
Added Net: Name=NetR96_1
Added Pin To Net: NetName=NetR96_2 Pin=R96-2
Added Pin To Net: NetName=NetR96_2 Pin=R97-1
Added Pin To Net: NetName=NetR96_2 Pin=U22-24
Added Net: Name=NetR96_2
Added Pin To Net: NetName=NetR100_1 Pin=R100-1
Added Pin To Net: NetName=NetR100_1 Pin=R102-2
Added Pin To Net: NetName=NetR100_1 Pin=U22-1
Added Net: Name=NetR100_1
Added Pin To Net: NetName=NetR102_1 Pin=R102-1
Added Pin To Net: NetName=NetR102_1 Pin=U22-2
Added Net: Name=NetR102_1
Added Pin To Net: NetName=NetR103_1 Pin=R103-1
Added Pin To Net: NetName=NetR103_1 Pin=U22-5
Added Net: Name=NetR103_1
Added Pin To Net: NetName=NetR103_2 Pin=R103-2
Added Pin To Net: NetName=NetR103_2 Pin=R104-1
Added Pin To Net: NetName=NetR103_2 Pin=U22-6
Added Net: Name=NetR103_2
Added Pin To Net: NetName=NetR107_1 Pin=R107-1
Added Pin To Net: NetName=NetR107_1 Pin=R109-2
Added Pin To Net: NetName=NetR107_1 Pin=U22-7
Added Net: Name=NetR107_1
Added Pin To Net: NetName=NetR109_1 Pin=R109-1
Added Pin To Net: NetName=NetR109_1 Pin=U22-8
Added Net: Name=NetR109_1
Added Pin To Net: NetName=NetR112_1 Pin=R112-1
Added Pin To Net: NetName=NetR112_1 Pin=R115-1
Added Pin To Net: NetName=NetR112_1 Pin=U24-1
Added Net: Name=NetR112_1
Added Pin To Net: NetName=NetR112_2 Pin=R112-2
Added Pin To Net: NetName=NetR112_2 Pin=R114-2
Added Pin To Net: NetName=NetR112_2 Pin=U24-2
Added Net: Name=NetR112_2
Added Pin To Net: NetName=NetR113_2 Pin=R113-2
Added Pin To Net: NetName=NetR113_2 Pin=U23-43
Added Net: Name=NetR113_2
Added Pin To Net: NetName=NetR117_2 Pin=R117-2
Added Pin To Net: NetName=NetR117_2 Pin=R118-2
Added Pin To Net: NetName=NetR117_2 Pin=U24-3
Added Net: Name=NetR117_2
Added Pin To Net: NetName=NetR121_1 Pin=R121-1
Added Pin To Net: NetName=NetR121_1 Pin=R123-1
Added Pin To Net: NetName=NetR121_1 Pin=U24-7
Added Net: Name=NetR121_1
Added Pin To Net: NetName=NetR121_2 Pin=R121-2
Added Pin To Net: NetName=NetR121_2 Pin=R122-2
Added Pin To Net: NetName=NetR121_2 Pin=U24-6
Added Net: Name=NetR121_2
Added Pin To Net: NetName=NetR124_2 Pin=R124-2
Added Pin To Net: NetName=NetR124_2 Pin=R125-2
Added Pin To Net: NetName=NetR124_2 Pin=U24-5
Added Net: Name=NetR124_2
Added Pin To Net: NetName=NetR128_1 Pin=R128-1
Added Pin To Net: NetName=NetR128_1 Pin=U25-1
Added Net: Name=NetR128_1
Added Pin To Net: NetName=NetT1_1 Pin=T1-1
Added Pin To Net: NetName=NetT1_1 Pin=U15-7
Added Net: Name=NetT1_1
Added Pin To Net: NetName=NetT1_3 Pin=T1-3
Added Pin To Net: NetName=NetT1_3 Pin=U15-6
Added Net: Name=NetT1_3
Added Pin To Net: NetName=NetT1_6 Pin=T1-6
Added Pin To Net: NetName=NetT1_6 Pin=U15-5
Added Net: Name=NetT1_6
Added Pin To Net: NetName=NetT1_8 Pin=T1-8
Added Pin To Net: NetName=NetT1_8 Pin=U15-4
Added Net: Name=NetT1_8
Added Pin To Net: NetName=NetU15_9 Pin=U15-9
Added Pin To Net: NetName=NetU15_9 Pin=Y2-3
Added Net: Name=NetU15_9
Added Pin To Net: NetName=Shield USB Pin=J8-5
Added Pin To Net: NetName=Shield USB Pin=J8-6
Added Pin To Net: NetName=Shield USB Pin=R134-2
Added Net: Name=Shield USB
Added Pin To Net: NetName=SPI_FLASH_CS Pin=R90-1
Added Pin To Net: NetName=SPI_FLASH_CS Pin=U13-AF4
Added Pin To Net: NetName=SPI_FLASH_CS Pin=U20-1
Added Net: Name=SPI_FLASH_CS
Added Pin To Net: NetName=SPI_FLASH_MISO Pin=R89-1
Added Pin To Net: NetName=SPI_FLASH_MISO Pin=U13-AD20
Added Pin To Net: NetName=SPI_FLASH_MISO Pin=U20-5
Added Net: Name=SPI_FLASH_MISO
Added Pin To Net: NetName=SPI_FLASH_MOSI Pin=R91-2
Added Pin To Net: NetName=SPI_FLASH_MOSI Pin=U13-AF20
Added Net: Name=SPI_FLASH_MOSI
Added Pin To Net: NetName=SPI_FLASH_SCLK Pin=R92-1
Added Pin To Net: NetName=SPI_FLASH_SCLK Pin=R94-2
Added Pin To Net: NetName=SPI_FLASH_SCLK Pin=U13-AD22
Added Pin To Net: NetName=SPI_FLASH_SCLK Pin=U20-6
Added Net: Name=SPI_FLASH_SCLK
Added Pin To Net: NetName=SPI_SCLK Pin=U13-F24
Added Pin To Net: NetName=SPI_SCLK Pin=U23-32
Added Net: Name=SPI_SCLK
Added Pin To Net: NetName=TEMP_SCLK_0 Pin=R69-1
Added Pin To Net: NetName=TEMP_SCLK_0 Pin=U13-H16
Added Pin To Net: NetName=TEMP_SCLK_0 Pin=U17-4
Added Net: Name=TEMP_SCLK_0
Added Pin To Net: NetName=TEMP_SCLK_1 Pin=R77-1
Added Pin To Net: NetName=TEMP_SCLK_1 Pin=U13-D21
Added Pin To Net: NetName=TEMP_SCLK_1 Pin=U18-4
Added Net: Name=TEMP_SCLK_1
Added Pin To Net: NetName=TEMP_SDA_0 Pin=R70-1
Added Pin To Net: NetName=TEMP_SDA_0 Pin=U13-G17
Added Pin To Net: NetName=TEMP_SDA_0 Pin=U17-5
Added Net: Name=TEMP_SDA_0
Added Pin To Net: NetName=TEMP_SDA_1 Pin=R78-1
Added Pin To Net: NetName=TEMP_SDA_1 Pin=U13-C20
Added Pin To Net: NetName=TEMP_SDA_1 Pin=U18-5
Added Net: Name=TEMP_SDA_1
Added Pin To Net: NetName=UART_RX Pin=M1-5
Added Pin To Net: NetName=UART_RX Pin=U13-J14
Added Net: Name=UART_RX
Added Pin To Net: NetName=UART_TX Pin=M1-6
Added Net: Name=UART_TX
Added Pin To Net: NetName=USB_CON_N Pin=D9-4
Added Pin To Net: NetName=USB_CON_N Pin=D9-7
Added Pin To Net: NetName=USB_CON_N Pin=J8-2
Added Pin To Net: NetName=USB_CON_N Pin=R130-2
Added Net: Name=USB_CON_N
Added Pin To Net: NetName=USB_CON_P Pin=D9-5
Added Pin To Net: NetName=USB_CON_P Pin=D9-6
Added Pin To Net: NetName=USB_CON_P Pin=J8-3
Added Pin To Net: NetName=USB_CON_P Pin=R132-2
Added Net: Name=USB_CON_P
Added Pin To Net: NetName=USB_DD_N Pin=ISO1-11
Added Pin To Net: NetName=USB_DD_N Pin=R131-2
Added Net: Name=USB_DD_N
Added Pin To Net: NetName=USB_DD_P Pin=ISO1-10
Added Pin To Net: NetName=USB_DD_P Pin=R133-2
Added Net: Name=USB_DD_P
Added Pin To Net: NetName=USB_N Pin=M1-16
Added Pin To Net: NetName=USB_N Pin=R131-1
Added Net: Name=USB_N
Added Pin To Net: NetName=USB_P Pin=M1-17
Added Pin To Net: NetName=USB_P Pin=R133-1
Added Net: Name=USB_P
Added Pin To Net: NetName=USB_UD_N Pin=ISO1-6
Added Pin To Net: NetName=USB_UD_N Pin=R130-1
Added Net: Name=USB_UD_N
Added Pin To Net: NetName=USB_UD_P Pin=ISO1-7
Added Pin To Net: NetName=USB_UD_P Pin=R132-1
Added Net: Name=USB_UD_P
Added Pin To Net: NetName=USB_VBUS_DETECT Pin=M1-18
Added Pin To Net: NetName=USB_VBUS_DETECT Pin=R129-2
Added Pin To Net: NetName=USB_VBUS_DETECT Pin=U25-3
Added Net: Name=USB_VBUS_DETECT
Added Pin To Net: NetName=VBUS Pin=C233-2
Added Pin To Net: NetName=VBUS Pin=C234-2
Added Pin To Net: NetName=VBUS Pin=D9-1
Added Pin To Net: NetName=VBUS Pin=D9-2
Added Pin To Net: NetName=VBUS Pin=D9-9
Added Pin To Net: NetName=VBUS Pin=D9-10
Added Pin To Net: NetName=VBUS Pin=ISO1-1
Added Pin To Net: NetName=VBUS Pin=J8-1
Added Pin To Net: NetName=VBUS Pin=R128-2
Added Net: Name=VBUS
Added Pin To Net: NetName=VDD_A Pin=C129-2
Added Pin To Net: NetName=VDD_A Pin=C130-2
Added Pin To Net: NetName=VDD_A Pin=L7-1
Added Pin To Net: NetName=VDD_A Pin=U15-3
Added Net: Name=VDD_A
Added Pin To Net: NetName=VREF Pin=C131-1
Added Pin To Net: NetName=VREF Pin=C146-2
Added Pin To Net: NetName=VREF Pin=R40-1
Added Pin To Net: NetName=VREF Pin=R41-2
Added Pin To Net: NetName=VREF Pin=U16-H1
Added Pin To Net: NetName=VREF Pin=U16-M8
Added Net: Name=VREF
Added Pin To Net: NetName=VTTDDR Pin=C41-2
Added Pin To Net: NetName=VTTDDR Pin=R24-2
Added Pin To Net: NetName=VTTDDR Pin=TP12-1
Added Pin To Net: NetName=VTTDDR Pin=U12-9
Added Pin To Net: NetName=VTTDDR Pin=U12-10
Added Net: Name=VTTDDR
Added Pin To Net: NetName=WP_HOLD Pin=R93-1
Added Pin To Net: NetName=WP_HOLD Pin=U20-3
Added Pin To Net: NetName=WP_HOLD Pin=U20-7
Added Net: Name=WP_HOLD
Added Class: Name=S7CAS-PLEIADES-CARTE-MERE_P06_ADC
Added Class: Name=S7CAS-PLEIADES-CARTE-MERE_P06_CLOCK
Added Class: Name=S7CAS-PLEIADES-CARTE-MERE_P06_DAC
Added Class: Name=S7CAS-PLEIADES-CARTE-MERE_P06_DDR3
Added Class: Name=S7CAS-PLEIADES-CARTE-MERE_P06_ETHERNET
Added Class: Name=S7CAS-PLEIADES-CARTE-MERE_P06_FLASH
Added Class: Name=S7CAS-PLEIADES-CARTE-MERE_P06_FPGA1
Added Class: Name=S7CAS-PLEIADES-CARTE-MERE_P06_FPGA2
Added Class: Name=S7CAS-PLEIADES-CARTE-MERE_P06_FPGA3
Added Class: Name=S7CAS-PLEIADES-CARTE-MERE_P06_FPGA4
Added Class: Name=S7CAS-PLEIADES-CARTE-MERE_P06_MISC
Added Class: Name=S7CAS-PLEIADES-CARTE-MERE_P06_MOTOR
Added Class: Name=S7CAS-PLEIADES-CARTE-MERE_P06_POWER1
Added Class: Name=S7CAS-PLEIADES-CARTE-MERE_P06_POWER2
Added Class: Name=S7CAS-PLEIADES-CARTE-MERE_P06_USB_PROGRAMER
Added Differential Pair: Name=100M_CLK
Added Differential Pair: Name=200M_CLK
Added Differential Pair: Name=400M_CLK
Added Differential Pair: Name=ADC_CLKOUT
Added Differential Pair: Name=ADC_DA0
Added Differential Pair: Name=ADC_DA2
Added Differential Pair: Name=ADC_DA4
Added Differential Pair: Name=ADC_DA6
Added Differential Pair: Name=ADC_DA8
Added Differential Pair: Name=ADC_DA10
Added Differential Pair: Name=ADC_DA12
Added Differential Pair: Name=ADC_DB0
Added Differential Pair: Name=ADC_DB2
Added Differential Pair: Name=ADC_DB4
Added Differential Pair: Name=ADC_DB6
Added Differential Pair: Name=ADC_DB8
Added Differential Pair: Name=ADC_DB10
Added Differential Pair: Name=ADC_DB12
Added Differential Pair: Name=CLK
Added Differential Pair: Name=DAC_CLK
Added Differential Pair: Name=DAC_D0
Added Differential Pair: Name=DAC_D1
Added Differential Pair: Name=DAC_D2
Added Differential Pair: Name=DAC_D3
Added Differential Pair: Name=DAC_D4
Added Differential Pair: Name=DAC_D5
Added Differential Pair: Name=DAC_D6
Added Differential Pair: Name=DAC_D7
Added Differential Pair: Name=DAC_FRAME
Added Differential Pair: Name=DDR3_CLK0
Added Differential Pair: Name=DDR3_LDQS
Added Differential Pair: Name=DDR3_UDQS
Added Differential Pair: Name=USB
Added Differential Pair: Name=USB_CON
Added Differential Pair: Name=USB_DD
Added Differential Pair: Name=USB_UD
Added Rule: Name=Schematic Supply Nets
Added Rule: Name=Schematic Supply Nets_1
Added Rule: Name=Schematic Supply Nets_2
Added Rule: Name=Schematic Supply Nets_3
Added Rule: Name=Schematic Supply Nets_4
Added Rule: Name=Schematic Supply Nets_5
Added Rule: Name=Schematic Supply Nets_6
Added Rule: Name=Schematic Supply Nets_7
Added Rule: Name=Schematic Supply Nets_8
Added Rule: Name=Schematic Supply Nets_9
Added Rule: Name=Schematic Supply Nets_10
Added Rule: Name=Schematic Supply Nets_11
Added Rule: Name=Schematic Supply Nets_12
Added Rule: Name=Schematic Supply Nets_13
Added Rule: Name=Schematic Supply Nets_14
Added Rule: Name=Schematic Supply Nets_15
Added Rule: Name=Schematic Supply Nets_16
Added Rule: Name=Schematic Supply Nets_17
Added Rule: Name=Schematic Supply Nets_18
Added Rule: Name=Schematic Supply Nets_19
Added Rule: Name=Schematic Supply Nets_20
Added Rule: Name=Schematic Supply Nets_21
Added Rule: Name=Schematic Supply Nets_22
Added Rule: Name=Schematic Supply Nets_23
Added Rule: Name=Schematic Supply Nets_24
Added Rule: Name=Schematic Supply Nets_25
Added Rule: Name=Schematic Supply Nets_26
Added Class: Name=DIFF_USB
